"","Ref","OxygenCons","Weight","Temperature","SpecCode","MetabolicLevel","AppliedStress","OxygenRefNo","Genus","Subfamily","Brack","Saltwater","DemersPelag","Species","Family","Order","Class","SuperClass"
"1","fishbase",4.43116,0.047,25,2,"standard","none specified",85173,"Oreochromis","Pseudocrenilabrinae",1,0,"benthopelagic","Oreochromis niloticus","Cichlidae","Cichliformes","Teleostei","Osteichthyes"
"2","fishbase",15.64066,0.047,25,2,"standard","none specified",85173,"Oreochromis","Pseudocrenilabrinae",1,0,"benthopelagic","Oreochromis niloticus","Cichlidae","Cichliformes","Teleostei","Osteichthyes"
"3","fishbase",20.1402,0.07515,25,2,"routine","none specified",2120,"Oreochromis","Pseudocrenilabrinae",1,0,"benthopelagic","Oreochromis niloticus","Cichlidae","Cichliformes","Teleostei","Osteichthyes"
"4","fishbase",7.161,0.077,25,2,"routine","none specified",2120,"Oreochromis","Pseudocrenilabrinae",1,0,"benthopelagic","Oreochromis niloticus","Cichlidae","Cichliformes","Teleostei","Osteichthyes"
"5","fishbase",16.962,0.0771,25,2,"routine","none specified",2120,"Oreochromis","Pseudocrenilabrinae",1,0,"benthopelagic","Oreochromis niloticus","Cichlidae","Cichliformes","Teleostei","Osteichthyes"
"6","fishbase",8.32,0.08,25,2,"standard","none specified",2203,"Oreochromis","Pseudocrenilabrinae",1,0,"benthopelagic","Oreochromis niloticus","Cichlidae","Cichliformes","Teleostei","Osteichthyes"
"7","fishbase",10.72,0.08,25,2,"standard","none specified",2203,"Oreochromis","Pseudocrenilabrinae",1,0,"benthopelagic","Oreochromis niloticus","Cichlidae","Cichliformes","Teleostei","Osteichthyes"
"8","fishbase",19.86374,0.08042,25,2,"routine","none specified",2120,"Oreochromis","Pseudocrenilabrinae",1,0,"benthopelagic","Oreochromis niloticus","Cichlidae","Cichliformes","Teleostei","Osteichthyes"
"9","fishbase",24.60852,0.08042,25,2,"routine","none specified",2120,"Oreochromis","Pseudocrenilabrinae",1,0,"benthopelagic","Oreochromis niloticus","Cichlidae","Cichliformes","Teleostei","Osteichthyes"
"10","fishbase",16.44934,0.08266,25,2,"routine","none specified",2120,"Oreochromis","Pseudocrenilabrinae",1,0,"benthopelagic","Oreochromis niloticus","Cichlidae","Cichliformes","Teleostei","Osteichthyes"
"11","fishbase",22.15288,0.08266,25,2,"routine","none specified",2120,"Oreochromis","Pseudocrenilabrinae",1,0,"benthopelagic","Oreochromis niloticus","Cichlidae","Cichliformes","Teleostei","Osteichthyes"
"12","fishbase",14.51297,0.08389,25,2,"routine","none specified",2120,"Oreochromis","Pseudocrenilabrinae",1,0,"benthopelagic","Oreochromis niloticus","Cichlidae","Cichliformes","Teleostei","Osteichthyes"
"13","fishbase",17.95246,0.08389,25,2,"routine","none specified",2120,"Oreochromis","Pseudocrenilabrinae",1,0,"benthopelagic","Oreochromis niloticus","Cichlidae","Cichliformes","Teleostei","Osteichthyes"
"14","fishbase",19.45596,0.08884,25,2,"routine","none specified",2120,"Oreochromis","Pseudocrenilabrinae",1,0,"benthopelagic","Oreochromis niloticus","Cichlidae","Cichliformes","Teleostei","Osteichthyes"
"15","fishbase",24.8752,0.08884,25,2,"routine","none specified",2120,"Oreochromis","Pseudocrenilabrinae",1,0,"benthopelagic","Oreochromis niloticus","Cichlidae","Cichliformes","Teleostei","Osteichthyes"
"16","fishbase",17.639,0.31,26,2,"standard","none specified",5593,"Oreochromis","Pseudocrenilabrinae",1,0,"benthopelagic","Oreochromis niloticus","Cichlidae","Cichliformes","Teleostei","Osteichthyes"
"17","fishbase",29.14,0.31,26,2,"routine","none specified",5593,"Oreochromis","Pseudocrenilabrinae",1,0,"benthopelagic","Oreochromis niloticus","Cichlidae","Cichliformes","Teleostei","Osteichthyes"
"18","fishbase",0.01323,1e-05,25.3,3,"routine","none specified",2120,"Oreochromis","Pseudocrenilabrinae",1,0,"benthopelagic","Oreochromis mossambicus","Cichlidae","Cichliformes","Teleostei","Osteichthyes"
"19","fishbase",0.01775,1e-05,25.3,3,"routine","none specified",2120,"Oreochromis","Pseudocrenilabrinae",1,0,"benthopelagic","Oreochromis mossambicus","Cichlidae","Cichliformes","Teleostei","Osteichthyes"
"20","fishbase",0.02159,1e-05,25.3,3,"routine","none specified",2120,"Oreochromis","Pseudocrenilabrinae",1,0,"benthopelagic","Oreochromis mossambicus","Cichlidae","Cichliformes","Teleostei","Osteichthyes"
"21","fishbase",0.01818,3e-05,25.3,3,"routine","none specified",2120,"Oreochromis","Pseudocrenilabrinae",1,0,"benthopelagic","Oreochromis mossambicus","Cichlidae","Cichliformes","Teleostei","Osteichthyes"
"22","fishbase",0.02439,3e-05,25.3,3,"routine","none specified",2120,"Oreochromis","Pseudocrenilabrinae",1,0,"benthopelagic","Oreochromis mossambicus","Cichlidae","Cichliformes","Teleostei","Osteichthyes"
"23","fishbase",0.04392,3e-05,25.3,3,"routine","none specified",2120,"Oreochromis","Pseudocrenilabrinae",1,0,"benthopelagic","Oreochromis mossambicus","Cichlidae","Cichliformes","Teleostei","Osteichthyes"
"24","fishbase",0.04845,3e-05,25.3,3,"routine","none specified",2120,"Oreochromis","Pseudocrenilabrinae",1,0,"benthopelagic","Oreochromis mossambicus","Cichlidae","Cichliformes","Teleostei","Osteichthyes"
"25","fishbase",0.02676,4e-05,25.3,3,"routine","none specified",2120,"Oreochromis","Pseudocrenilabrinae",1,0,"benthopelagic","Oreochromis mossambicus","Cichlidae","Cichliformes","Teleostei","Osteichthyes"
"26","fishbase",0.03256,4e-05,25.3,3,"routine","none specified",2120,"Oreochromis","Pseudocrenilabrinae",1,0,"benthopelagic","Oreochromis mossambicus","Cichlidae","Cichliformes","Teleostei","Osteichthyes"
"27","fishbase",0.03695,5e-05,25.3,3,"routine","none specified",2120,"Oreochromis","Pseudocrenilabrinae",1,0,"benthopelagic","Oreochromis mossambicus","Cichlidae","Cichliformes","Teleostei","Osteichthyes"
"28","fishbase",0.0633,5e-05,25.3,3,"routine","none specified",2120,"Oreochromis","Pseudocrenilabrinae",1,0,"benthopelagic","Oreochromis mossambicus","Cichlidae","Cichliformes","Teleostei","Osteichthyes"
"29","fishbase",0.05664,6e-05,25.3,3,"routine","none specified",2120,"Oreochromis","Pseudocrenilabrinae",1,0,"benthopelagic","Oreochromis mossambicus","Cichlidae","Cichliformes","Teleostei","Osteichthyes"
"30","fishbase",0.07936,8e-05,25.3,3,"routine","none specified",2120,"Oreochromis","Pseudocrenilabrinae",1,0,"benthopelagic","Oreochromis mossambicus","Cichlidae","Cichliformes","Teleostei","Osteichthyes"
"31","fishbase",0.07392,0.00011,25.3,3,"routine","none specified",2120,"Oreochromis","Pseudocrenilabrinae",1,0,"benthopelagic","Oreochromis mossambicus","Cichlidae","Cichliformes","Teleostei","Osteichthyes"
"32","fishbase",0.10934,0.00011,25.3,3,"routine","none specified",2120,"Oreochromis","Pseudocrenilabrinae",1,0,"benthopelagic","Oreochromis mossambicus","Cichlidae","Cichliformes","Teleostei","Osteichthyes"
"33","fishbase",0.1569,0.00015,25.3,3,"routine","none specified",2120,"Oreochromis","Pseudocrenilabrinae",1,0,"benthopelagic","Oreochromis mossambicus","Cichlidae","Cichliformes","Teleostei","Osteichthyes"
"34","fishbase",0.20664,0.00024,25.3,3,"routine","none specified",2120,"Oreochromis","Pseudocrenilabrinae",1,0,"benthopelagic","Oreochromis mossambicus","Cichlidae","Cichliformes","Teleostei","Osteichthyes"
"35","fishbase",0.15886,0.00026,25.3,3,"routine","none specified",2120,"Oreochromis","Pseudocrenilabrinae",1,0,"benthopelagic","Oreochromis mossambicus","Cichlidae","Cichliformes","Teleostei","Osteichthyes"
"36","fishbase",0.21022,0.00046,25.3,3,"routine","none specified",2120,"Oreochromis","Pseudocrenilabrinae",1,0,"benthopelagic","Oreochromis mossambicus","Cichlidae","Cichliformes","Teleostei","Osteichthyes"
"37","fishbase",0.32844,0.00051,25.3,3,"routine","none specified",2120,"Oreochromis","Pseudocrenilabrinae",1,0,"benthopelagic","Oreochromis mossambicus","Cichlidae","Cichliformes","Teleostei","Osteichthyes"
"38","fishbase",0.42366,0.00069,25.3,3,"routine","none specified",2120,"Oreochromis","Pseudocrenilabrinae",1,0,"benthopelagic","Oreochromis mossambicus","Cichlidae","Cichliformes","Teleostei","Osteichthyes"
"39","fishbase",0.51452,0.00076,25.3,3,"routine","none specified",2120,"Oreochromis","Pseudocrenilabrinae",1,0,"benthopelagic","Oreochromis mossambicus","Cichlidae","Cichliformes","Teleostei","Osteichthyes"
"40","fishbase",0.3818,0.00092,25.3,3,"routine","none specified",2120,"Oreochromis","Pseudocrenilabrinae",1,0,"benthopelagic","Oreochromis mossambicus","Cichlidae","Cichliformes","Teleostei","Osteichthyes"
"41","fishbase",0.7222,0.00092,25.3,3,"routine","none specified",2120,"Oreochromis","Pseudocrenilabrinae",1,0,"benthopelagic","Oreochromis mossambicus","Cichlidae","Cichliformes","Teleostei","Osteichthyes"
"42","fishbase",0.29904,0.00112,25.3,3,"routine","none specified",2120,"Oreochromis","Pseudocrenilabrinae",1,0,"benthopelagic","Oreochromis mossambicus","Cichlidae","Cichliformes","Teleostei","Osteichthyes"
"43","fishbase",0.72352,0.00112,25.3,3,"routine","none specified",2120,"Oreochromis","Pseudocrenilabrinae",1,0,"benthopelagic","Oreochromis mossambicus","Cichlidae","Cichliformes","Teleostei","Osteichthyes"
"44","fishbase",0.402,0.0015,25.3,3,"routine","none specified",2120,"Oreochromis","Pseudocrenilabrinae",1,0,"benthopelagic","Oreochromis mossambicus","Cichlidae","Cichliformes","Teleostei","Osteichthyes"
"45","fishbase",0.56682,0.00201,25.3,3,"routine","none specified",2120,"Oreochromis","Pseudocrenilabrinae",1,0,"benthopelagic","Oreochromis mossambicus","Cichlidae","Cichliformes","Teleostei","Osteichthyes"
"46","fishbase",1.1826,0.0027,25.3,3,"routine","none specified",2120,"Oreochromis","Pseudocrenilabrinae",1,0,"benthopelagic","Oreochromis mossambicus","Cichlidae","Cichliformes","Teleostei","Osteichthyes"
"47","fishbase",1.3716,0.0027,25.3,3,"routine","none specified",2120,"Oreochromis","Pseudocrenilabrinae",1,0,"benthopelagic","Oreochromis mossambicus","Cichlidae","Cichliformes","Teleostei","Osteichthyes"
"48","fishbase",0.56918,0.00298,25.3,3,"routine","none specified",2120,"Oreochromis","Pseudocrenilabrinae",1,0,"benthopelagic","Oreochromis mossambicus","Cichlidae","Cichliformes","Teleostei","Osteichthyes"
"49","fishbase",0.92496,0.00328,25.3,3,"routine","none specified",2120,"Oreochromis","Pseudocrenilabrinae",1,0,"benthopelagic","Oreochromis mossambicus","Cichlidae","Cichliformes","Teleostei","Osteichthyes"
"50","fishbase",1.37104,0.00328,25.3,3,"routine","none specified",2120,"Oreochromis","Pseudocrenilabrinae",1,0,"benthopelagic","Oreochromis mossambicus","Cichlidae","Cichliformes","Teleostei","Osteichthyes"
"51","fishbase",0.76209,0.00399,25.3,3,"routine","none specified",2120,"Oreochromis","Pseudocrenilabrinae",1,0,"benthopelagic","Oreochromis mossambicus","Cichlidae","Cichliformes","Teleostei","Osteichthyes"
"52","fishbase",1.1271,0.0051,25.3,3,"routine","none specified",2120,"Oreochromis","Pseudocrenilabrinae",1,0,"benthopelagic","Oreochromis mossambicus","Cichlidae","Cichliformes","Teleostei","Osteichthyes"
"53","fishbase",1.24696,0.00872,25.3,3,"routine","none specified",2120,"Oreochromis","Pseudocrenilabrinae",1,0,"benthopelagic","Oreochromis mossambicus","Cichlidae","Cichliformes","Teleostei","Osteichthyes"
"54","fishbase",1.37,0.01,19,3,"routine","none specified",2120,"Oreochromis","Pseudocrenilabrinae",1,0,"benthopelagic","Oreochromis mossambicus","Cichlidae","Cichliformes","Teleostei","Osteichthyes"
"55","fishbase",1.01,0.0101,16,3,"routine","none specified",2120,"Oreochromis","Pseudocrenilabrinae",1,0,"benthopelagic","Oreochromis mossambicus","Cichlidae","Cichliformes","Teleostei","Osteichthyes"
"56","fishbase",2.0298,0.0102,22,3,"routine","none specified",2120,"Oreochromis","Pseudocrenilabrinae",1,0,"benthopelagic","Oreochromis mossambicus","Cichlidae","Cichliformes","Teleostei","Osteichthyes"
"57","fishbase",3.2436,0.0102,28,3,"routine","none specified",2120,"Oreochromis","Pseudocrenilabrinae",1,0,"benthopelagic","Oreochromis mossambicus","Cichlidae","Cichliformes","Teleostei","Osteichthyes"
"58","fishbase",3.045,0.0105,28,3,"routine","none specified",2120,"Oreochromis","Pseudocrenilabrinae",1,0,"benthopelagic","Oreochromis mossambicus","Cichlidae","Cichliformes","Teleostei","Osteichthyes"
"59","fishbase",2.5652,0.0106,25,3,"routine","none specified",2120,"Oreochromis","Pseudocrenilabrinae",1,0,"benthopelagic","Oreochromis mossambicus","Cichlidae","Cichliformes","Teleostei","Osteichthyes"
"60","fishbase",2.0352,0.0106,25.3,3,"routine","none specified",2120,"Oreochromis","Pseudocrenilabrinae",1,0,"benthopelagic","Oreochromis mossambicus","Cichlidae","Cichliformes","Teleostei","Osteichthyes"
"61","fishbase",1.9902,0.0107,22,3,"routine","none specified",2120,"Oreochromis","Pseudocrenilabrinae",1,0,"benthopelagic","Oreochromis mossambicus","Cichlidae","Cichliformes","Teleostei","Osteichthyes"
"62","fishbase",3.4854,0.0111,28,3,"routine","none specified",2120,"Oreochromis","Pseudocrenilabrinae",1,0,"benthopelagic","Oreochromis mossambicus","Cichlidae","Cichliformes","Teleostei","Osteichthyes"
"63","fishbase",4.9042,0.0113,32,3,"routine","none specified",2120,"Oreochromis","Pseudocrenilabrinae",1,0,"benthopelagic","Oreochromis mossambicus","Cichlidae","Cichliformes","Teleostei","Osteichthyes"
"64","fishbase",2.2446,0.0129,25.3,3,"routine","none specified",2120,"Oreochromis","Pseudocrenilabrinae",1,0,"benthopelagic","Oreochromis mossambicus","Cichlidae","Cichliformes","Teleostei","Osteichthyes"
"65","fishbase",5.5704,0.0132,32,3,"routine","none specified",2120,"Oreochromis","Pseudocrenilabrinae",1,0,"benthopelagic","Oreochromis mossambicus","Cichlidae","Cichliformes","Teleostei","Osteichthyes"
"66","fishbase",1.1781,0.0165,16,3,"routine","none specified",2120,"Oreochromis","Pseudocrenilabrinae",1,0,"benthopelagic","Oreochromis mossambicus","Cichlidae","Cichliformes","Teleostei","Osteichthyes"
"67","fishbase",1.881,0.0171,19,3,"routine","none specified",2120,"Oreochromis","Pseudocrenilabrinae",1,0,"benthopelagic","Oreochromis mossambicus","Cichlidae","Cichliformes","Teleostei","Osteichthyes"
"68","fishbase",3.0102,0.0173,25.3,3,"routine","none specified",2120,"Oreochromis","Pseudocrenilabrinae",1,0,"benthopelagic","Oreochromis mossambicus","Cichlidae","Cichliformes","Teleostei","Osteichthyes"
"69","fishbase",4.0482,0.0173,25.3,3,"routine","none specified",2120,"Oreochromis","Pseudocrenilabrinae",1,0,"benthopelagic","Oreochromis mossambicus","Cichlidae","Cichliformes","Teleostei","Osteichthyes"
"70","fishbase",8.58,0.02,30,3,"routine","none specified",2203,"Oreochromis","Pseudocrenilabrinae",1,0,"benthopelagic","Oreochromis mossambicus","Cichlidae","Cichliformes","Teleostei","Osteichthyes"
"71","fishbase",12,0.02,30,3,"routine","none specified",2203,"Oreochromis","Pseudocrenilabrinae",1,0,"benthopelagic","Oreochromis mossambicus","Cichlidae","Cichliformes","Teleostei","Osteichthyes"
"72","fishbase",4.1989,0.0211,25,3,"routine","none specified",2120,"Oreochromis","Pseudocrenilabrinae",1,0,"benthopelagic","Oreochromis mossambicus","Cichlidae","Cichliformes","Teleostei","Osteichthyes"
"73","fishbase",2.7104,0.0224,22,3,"routine","none specified",2120,"Oreochromis","Pseudocrenilabrinae",1,0,"benthopelagic","Oreochromis mossambicus","Cichlidae","Cichliformes","Teleostei","Osteichthyes"
"74","fishbase",7.3248,0.0224,32,3,"routine","none specified",2120,"Oreochromis","Pseudocrenilabrinae",1,0,"benthopelagic","Oreochromis mossambicus","Cichlidae","Cichliformes","Teleostei","Osteichthyes"
"75","fishbase",6.102,0.0226,28,3,"routine","none specified",2120,"Oreochromis","Pseudocrenilabrinae",1,0,"benthopelagic","Oreochromis mossambicus","Cichlidae","Cichliformes","Teleostei","Osteichthyes"
"76","fishbase",7.5696,0.0228,32,3,"routine","none specified",2120,"Oreochromis","Pseudocrenilabrinae",1,0,"benthopelagic","Oreochromis mossambicus","Cichlidae","Cichliformes","Teleostei","Osteichthyes"
"77","fishbase",6.2094,0.0237,28,3,"routine","none specified",2120,"Oreochromis","Pseudocrenilabrinae",1,0,"benthopelagic","Oreochromis mossambicus","Cichlidae","Cichliformes","Teleostei","Osteichthyes"
"78","fishbase",1.86181,0.0239,16,3,"routine","none specified",2120,"Oreochromis","Pseudocrenilabrinae",1,0,"benthopelagic","Oreochromis mossambicus","Cichlidae","Cichliformes","Teleostei","Osteichthyes"
"79","fishbase",2.2608,0.024,19,3,"routine","none specified",2120,"Oreochromis","Pseudocrenilabrinae",1,0,"benthopelagic","Oreochromis mossambicus","Cichlidae","Cichliformes","Teleostei","Osteichthyes"
"80","fishbase",4.029,0.0255,25.3,3,"routine","none specified",2120,"Oreochromis","Pseudocrenilabrinae",1,0,"benthopelagic","Oreochromis mossambicus","Cichlidae","Cichliformes","Teleostei","Osteichthyes"
"81","fishbase",8.13,0.0271,32,3,"routine","none specified",2120,"Oreochromis","Pseudocrenilabrinae",1,0,"benthopelagic","Oreochromis mossambicus","Cichlidae","Cichliformes","Teleostei","Osteichthyes"
"82","fishbase",2.00322,0.0279,16,3,"routine","none specified",2120,"Oreochromis","Pseudocrenilabrinae",1,0,"benthopelagic","Oreochromis mossambicus","Cichlidae","Cichliformes","Teleostei","Osteichthyes"
"83","fishbase",2.58912,0.0288,19,3,"routine","none specified",2120,"Oreochromis","Pseudocrenilabrinae",1,0,"benthopelagic","Oreochromis mossambicus","Cichlidae","Cichliformes","Teleostei","Osteichthyes"
"84","fishbase",7.9212,0.0322,28,3,"routine","none specified",2120,"Oreochromis","Pseudocrenilabrinae",1,0,"benthopelagic","Oreochromis mossambicus","Cichlidae","Cichliformes","Teleostei","Osteichthyes"
"85","fishbase",5.2788,0.0332,25,3,"routine","none specified",2120,"Oreochromis","Pseudocrenilabrinae",1,0,"benthopelagic","Oreochromis mossambicus","Cichlidae","Cichliformes","Teleostei","Osteichthyes"
"86","fishbase",1.8157,0.0335,16,3,"routine","none specified",2120,"Oreochromis","Pseudocrenilabrinae",1,0,"benthopelagic","Oreochromis mossambicus","Cichlidae","Cichliformes","Teleostei","Osteichthyes"
"87","fishbase",2.40195,0.0335,19,3,"routine","none specified",2120,"Oreochromis","Pseudocrenilabrinae",1,0,"benthopelagic","Oreochromis mossambicus","Cichlidae","Cichliformes","Teleostei","Osteichthyes"
"88","fishbase",4.087,0.0335,22,3,"routine","none specified",2120,"Oreochromis","Pseudocrenilabrinae",1,0,"benthopelagic","Oreochromis mossambicus","Cichlidae","Cichliformes","Teleostei","Osteichthyes"
"89","fishbase",3.7065,0.0353,30,3,"routine","none specified",2120,"Oreochromis","Pseudocrenilabrinae",1,0,"benthopelagic","Oreochromis mossambicus","Cichlidae","Cichliformes","Teleostei","Osteichthyes"
"90","fishbase",3.8477,0.0353,30,3,"routine","none specified",2120,"Oreochromis","Pseudocrenilabrinae",1,0,"benthopelagic","Oreochromis mossambicus","Cichlidae","Cichliformes","Teleostei","Osteichthyes"
"91","fishbase",3.9889,0.0353,30,3,"routine","none specified",2120,"Oreochromis","Pseudocrenilabrinae",1,0,"benthopelagic","Oreochromis mossambicus","Cichlidae","Cichliformes","Teleostei","Osteichthyes"
"92","fishbase",6.0716,0.0353,30,3,"routine","none specified",2120,"Oreochromis","Pseudocrenilabrinae",1,0,"benthopelagic","Oreochromis mossambicus","Cichlidae","Cichliformes","Teleostei","Osteichthyes"
"93","fishbase",2.25526,0.0362,16,3,"routine","none specified",2120,"Oreochromis","Pseudocrenilabrinae",1,0,"benthopelagic","Oreochromis mossambicus","Cichlidae","Cichliformes","Teleostei","Osteichthyes"
"94","fishbase",3.12406,0.0362,19,3,"routine","none specified",2120,"Oreochromis","Pseudocrenilabrinae",1,0,"benthopelagic","Oreochromis mossambicus","Cichlidae","Cichliformes","Teleostei","Osteichthyes"
"95","fishbase",10.1269,0.0391,32,3,"routine","none specified",2120,"Oreochromis","Pseudocrenilabrinae",1,0,"benthopelagic","Oreochromis mossambicus","Cichlidae","Cichliformes","Teleostei","Osteichthyes"
"96","fishbase",8.4348,0.0396,25.3,3,"routine","none specified",2120,"Oreochromis","Pseudocrenilabrinae",1,0,"benthopelagic","Oreochromis mossambicus","Cichlidae","Cichliformes","Teleostei","Osteichthyes"
"97","fishbase",11.4114,0.0399,32,3,"routine","none specified",2120,"Oreochromis","Pseudocrenilabrinae",1,0,"benthopelagic","Oreochromis mossambicus","Cichlidae","Cichliformes","Teleostei","Osteichthyes"
"98","fishbase",5.075,0.0406,22,3,"routine","none specified",2120,"Oreochromis","Pseudocrenilabrinae",1,0,"benthopelagic","Oreochromis mossambicus","Cichlidae","Cichliformes","Teleostei","Osteichthyes"
"99","fishbase",8.7768,0.0414,28,3,"routine","none specified",2120,"Oreochromis","Pseudocrenilabrinae",1,0,"benthopelagic","Oreochromis mossambicus","Cichlidae","Cichliformes","Teleostei","Osteichthyes"
"100","fishbase",10.032,0.0418,32,3,"routine","none specified",2120,"Oreochromis","Pseudocrenilabrinae",1,0,"benthopelagic","Oreochromis mossambicus","Cichlidae","Cichliformes","Teleostei","Osteichthyes"
"101","fishbase",6.541,0.0422,25,3,"routine","none specified",2120,"Oreochromis","Pseudocrenilabrinae",1,0,"benthopelagic","Oreochromis mossambicus","Cichlidae","Cichliformes","Teleostei","Osteichthyes"
"102","fishbase",9.0915,0.0435,28,3,"routine","none specified",2120,"Oreochromis","Pseudocrenilabrinae",1,0,"benthopelagic","Oreochromis mossambicus","Cichlidae","Cichliformes","Teleostei","Osteichthyes"
"103","fishbase",2.38656,0.0452,16,3,"routine","none specified",2120,"Oreochromis","Pseudocrenilabrinae",1,0,"benthopelagic","Oreochromis mossambicus","Cichlidae","Cichliformes","Teleostei","Osteichthyes"
"104","fishbase",3.358,0.046,19,3,"routine","none specified",2120,"Oreochromis","Pseudocrenilabrinae",1,0,"benthopelagic","Oreochromis mossambicus","Cichlidae","Cichliformes","Teleostei","Osteichthyes"
"105","fishbase",12.462,0.0465,32,3,"routine","none specified",2120,"Oreochromis","Pseudocrenilabrinae",1,0,"benthopelagic","Oreochromis mossambicus","Cichlidae","Cichliformes","Teleostei","Osteichthyes"
"106","fishbase",2.43742,0.047,16,3,"standard","none specified",85173,"Oreochromis","Pseudocrenilabrinae",1,0,"benthopelagic","Oreochromis mossambicus","Cichlidae","Cichliformes","Teleostei","Osteichthyes"
"107","fishbase",3.15182,0.047,19,3,"standard","none specified",85173,"Oreochromis","Pseudocrenilabrinae",1,0,"benthopelagic","Oreochromis mossambicus","Cichlidae","Cichliformes","Teleostei","Osteichthyes"
"108","fishbase",4.7,0.047,22,3,"standard","none specified",85173,"Oreochromis","Pseudocrenilabrinae",1,0,"benthopelagic","Oreochromis mossambicus","Cichlidae","Cichliformes","Teleostei","Osteichthyes"
"109","fishbase",6.49493,0.047,25,3,"standard","none specified",85173,"Oreochromis","Pseudocrenilabrinae",1,0,"benthopelagic","Oreochromis mossambicus","Cichlidae","Cichliformes","Teleostei","Osteichthyes"
"110","fishbase",7.77474,0.047,28,3,"standard","none specified",85173,"Oreochromis","Pseudocrenilabrinae",1,0,"benthopelagic","Oreochromis mossambicus","Cichlidae","Cichliformes","Teleostei","Osteichthyes"
"111","fishbase",19.29302953,0.047,30,3,"standard","none specified",85173,"Oreochromis","Pseudocrenilabrinae",1,0,"benthopelagic","Oreochromis mossambicus","Cichlidae","Cichliformes","Teleostei","Osteichthyes"
"112","fishbase",11.18270953,0.047,32,3,"standard","none specified",85173,"Oreochromis","Pseudocrenilabrinae",1,0,"benthopelagic","Oreochromis mossambicus","Cichlidae","Cichliformes","Teleostei","Osteichthyes"
"113","fishbase",11.82661,0.047,34,3,"standard","none specified",85173,"Oreochromis","Pseudocrenilabrinae",1,0,"benthopelagic","Oreochromis mossambicus","Cichlidae","Cichliformes","Teleostei","Osteichthyes"
"114","fishbase",28.43876094,0.047,35,3,"standard","none specified",85173,"Oreochromis","Pseudocrenilabrinae",1,0,"benthopelagic","Oreochromis mossambicus","Cichlidae","Cichliformes","Teleostei","Osteichthyes"
"115","fishbase",13.68593,0.047,37,3,"standard","none specified",85173,"Oreochromis","Pseudocrenilabrinae",1,0,"benthopelagic","Oreochromis mossambicus","Cichlidae","Cichliformes","Teleostei","Osteichthyes"
"116","fishbase",27.13920953,0.047,40,3,"standard","none specified",85173,"Oreochromis","Pseudocrenilabrinae",1,0,"benthopelagic","Oreochromis mossambicus","Cichlidae","Cichliformes","Teleostei","Osteichthyes"
"117","fishbase",10.1436,0.0474,28,3,"routine","none specified",2120,"Oreochromis","Pseudocrenilabrinae",1,0,"benthopelagic","Oreochromis mossambicus","Cichlidae","Cichliformes","Teleostei","Osteichthyes"
"118","fishbase",10.7263,0.0481,25.3,3,"routine","none specified",2120,"Oreochromis","Pseudocrenilabrinae",1,0,"benthopelagic","Oreochromis mossambicus","Cichlidae","Cichliformes","Teleostei","Osteichthyes"
"119","fishbase",5.0715,0.0483,22,3,"routine","none specified",2120,"Oreochromis","Pseudocrenilabrinae",1,0,"benthopelagic","Oreochromis mossambicus","Cichlidae","Cichliformes","Teleostei","Osteichthyes"
"120","fishbase",11.8286,0.0497,32,3,"routine","none specified",2120,"Oreochromis","Pseudocrenilabrinae",1,0,"benthopelagic","Oreochromis mossambicus","Cichlidae","Cichliformes","Teleostei","Osteichthyes"
"121","fishbase",2.73055,0.0563,16,3,"routine","none specified",2120,"Oreochromis","Pseudocrenilabrinae",1,0,"benthopelagic","Oreochromis mossambicus","Cichlidae","Cichliformes","Teleostei","Osteichthyes"
"122","fishbase",3.77773,0.0563,19,3,"routine","none specified",2120,"Oreochromis","Pseudocrenilabrinae",1,0,"benthopelagic","Oreochromis mossambicus","Cichlidae","Cichliformes","Teleostei","Osteichthyes"
"123","fishbase",5.28601,0.0569,22,3,"routine","none specified",2120,"Oreochromis","Pseudocrenilabrinae",1,0,"benthopelagic","Oreochromis mossambicus","Cichlidae","Cichliformes","Teleostei","Osteichthyes"
"124","fishbase",7.8064,0.0574,25,3,"routine","none specified",2120,"Oreochromis","Pseudocrenilabrinae",1,0,"benthopelagic","Oreochromis mossambicus","Cichlidae","Cichliformes","Teleostei","Osteichthyes"
"125","fishbase",10.2172,0.0574,28,3,"routine","none specified",2120,"Oreochromis","Pseudocrenilabrinae",1,0,"benthopelagic","Oreochromis mossambicus","Cichlidae","Cichliformes","Teleostei","Osteichthyes"
"126","fishbase",6.0496,0.0608,22,3,"routine","none specified",2120,"Oreochromis","Pseudocrenilabrinae",1,0,"benthopelagic","Oreochromis mossambicus","Cichlidae","Cichliformes","Teleostei","Osteichthyes"
"127","fishbase",7.1744,0.0608,25,3,"routine","none specified",2120,"Oreochromis","Pseudocrenilabrinae",1,0,"benthopelagic","Oreochromis mossambicus","Cichlidae","Cichliformes","Teleostei","Osteichthyes"
"128","fishbase",3.069,0.062,16,3,"routine","none specified",2120,"Oreochromis","Pseudocrenilabrinae",1,0,"benthopelagic","Oreochromis mossambicus","Cichlidae","Cichliformes","Teleostei","Osteichthyes"
"129","fishbase",3.7262,0.062,19,3,"routine","none specified",2120,"Oreochromis","Pseudocrenilabrinae",1,0,"benthopelagic","Oreochromis mossambicus","Cichlidae","Cichliformes","Teleostei","Osteichthyes"
"130","fishbase",10.586,0.067,28,3,"routine","none specified",2120,"Oreochromis","Pseudocrenilabrinae",1,0,"benthopelagic","Oreochromis mossambicus","Cichlidae","Cichliformes","Teleostei","Osteichthyes"
"131","fishbase",7.5712,0.0676,25,3,"routine","none specified",2120,"Oreochromis","Pseudocrenilabrinae",1,0,"benthopelagic","Oreochromis mossambicus","Cichlidae","Cichliformes","Teleostei","Osteichthyes"
"132","fishbase",5.68256,0.0683,22,3,"routine","none specified",2120,"Oreochromis","Pseudocrenilabrinae",1,0,"benthopelagic","Oreochromis mossambicus","Cichlidae","Cichliformes","Teleostei","Osteichthyes"
"133","fishbase",11.4061,0.0683,28,3,"routine","none specified",2120,"Oreochromis","Pseudocrenilabrinae",1,0,"benthopelagic","Oreochromis mossambicus","Cichlidae","Cichliformes","Teleostei","Osteichthyes"
"134","fishbase",15.6168,0.0723,32,3,"routine","none specified",2120,"Oreochromis","Pseudocrenilabrinae",1,0,"benthopelagic","Oreochromis mossambicus","Cichlidae","Cichliformes","Teleostei","Osteichthyes"
"135","fishbase",9.7726,0.0746,25.3,3,"routine","none specified",2120,"Oreochromis","Pseudocrenilabrinae",1,0,"benthopelagic","Oreochromis mossambicus","Cichlidae","Cichliformes","Teleostei","Osteichthyes"
"136","fishbase",11.8614,0.0746,25.3,3,"routine","none specified",2120,"Oreochromis","Pseudocrenilabrinae",1,0,"benthopelagic","Oreochromis mossambicus","Cichlidae","Cichliformes","Teleostei","Osteichthyes"
"137","fishbase",3.67996,0.0788,16,3,"routine","none specified",2120,"Oreochromis","Pseudocrenilabrinae",1,0,"benthopelagic","Oreochromis mossambicus","Cichlidae","Cichliformes","Teleostei","Osteichthyes"
"138","fishbase",4.91132,0.0796,19,3,"routine","none specified",2120,"Oreochromis","Pseudocrenilabrinae",1,0,"benthopelagic","Oreochromis mossambicus","Cichlidae","Cichliformes","Teleostei","Osteichthyes"
"139","fishbase",8.9152,0.0796,25,3,"routine","none specified",2120,"Oreochromis","Pseudocrenilabrinae",1,0,"benthopelagic","Oreochromis mossambicus","Cichlidae","Cichliformes","Teleostei","Osteichthyes"
"140","fishbase",15.92,0.0796,32,3,"routine","none specified",2120,"Oreochromis","Pseudocrenilabrinae",1,0,"benthopelagic","Oreochromis mossambicus","Cichlidae","Cichliformes","Teleostei","Osteichthyes"
"141","fishbase",12.5705,0.0811,28,3,"routine","none specified",2120,"Oreochromis","Pseudocrenilabrinae",1,0,"benthopelagic","Oreochromis mossambicus","Cichlidae","Cichliformes","Teleostei","Osteichthyes"
"142","fishbase",6.68216,0.0827,22,3,"routine","none specified",2120,"Oreochromis","Pseudocrenilabrinae",1,0,"benthopelagic","Oreochromis mossambicus","Cichlidae","Cichliformes","Teleostei","Osteichthyes"
"143","fishbase",5.09016,0.1002,19,3,"routine","none specified",2120,"Oreochromis","Pseudocrenilabrinae",1,0,"benthopelagic","Oreochromis mossambicus","Cichlidae","Cichliformes","Teleostei","Osteichthyes"
"144","fishbase",3.88608,0.1012,16,3,"routine","none specified",2120,"Oreochromis","Pseudocrenilabrinae",1,0,"benthopelagic","Oreochromis mossambicus","Cichlidae","Cichliformes","Teleostei","Osteichthyes"
"145","fishbase",11.664,0.108,25,3,"routine","none specified",2120,"Oreochromis","Pseudocrenilabrinae",1,0,"benthopelagic","Oreochromis mossambicus","Cichlidae","Cichliformes","Teleostei","Osteichthyes"
"146","fishbase",20.088,0.108,32,3,"routine","none specified",2120,"Oreochromis","Pseudocrenilabrinae",1,0,"benthopelagic","Oreochromis mossambicus","Cichlidae","Cichliformes","Teleostei","Osteichthyes"
"147","fishbase",8.4366,0.109,22,3,"routine","none specified",2120,"Oreochromis","Pseudocrenilabrinae",1,0,"benthopelagic","Oreochromis mossambicus","Cichlidae","Cichliformes","Teleostei","Osteichthyes"
"148","fishbase",15.587,0.109,28,3,"routine","none specified",2120,"Oreochromis","Pseudocrenilabrinae",1,0,"benthopelagic","Oreochromis mossambicus","Cichlidae","Cichliformes","Teleostei","Osteichthyes"
"149","fishbase",6.9355,0.143,19,3,"routine","none specified",2120,"Oreochromis","Pseudocrenilabrinae",1,0,"benthopelagic","Oreochromis mossambicus","Cichlidae","Cichliformes","Teleostei","Osteichthyes"
"150","fishbase",5.28138,0.1443,16,3,"routine","none specified",2120,"Oreochromis","Pseudocrenilabrinae",1,0,"benthopelagic","Oreochromis mossambicus","Cichlidae","Cichliformes","Teleostei","Osteichthyes"
"151","fishbase",14.6706,0.147,25,3,"routine","none specified",2120,"Oreochromis","Pseudocrenilabrinae",1,0,"benthopelagic","Oreochromis mossambicus","Cichlidae","Cichliformes","Teleostei","Osteichthyes"
"152","fishbase",17.787,0.147,28,3,"routine","none specified",2120,"Oreochromis","Pseudocrenilabrinae",1,0,"benthopelagic","Oreochromis mossambicus","Cichlidae","Cichliformes","Teleostei","Osteichthyes"
"153","fishbase",24.108,0.147,32,3,"routine","none specified",2120,"Oreochromis","Pseudocrenilabrinae",1,0,"benthopelagic","Oreochromis mossambicus","Cichlidae","Cichliformes","Teleostei","Osteichthyes"
"154","fishbase",9.6,0.15,22,3,"routine","none specified",2120,"Oreochromis","Pseudocrenilabrinae",1,0,"benthopelagic","Oreochromis mossambicus","Cichlidae","Cichliformes","Teleostei","Osteichthyes"
"226","fishbase",4.3757,0.0133,18.5,23,"routine","none specified",2093,"Callionymus",NA,0,1,"demersal","Callionymus lyra","Callionymidae","Callionymiformes","Teleostei","Osteichthyes"
"227","fishbase",4.65,0.0155,18.5,23,"routine","none specified",2093,"Callionymus",NA,0,1,"demersal","Callionymus lyra","Callionymidae","Callionymiformes","Teleostei","Osteichthyes"
"228","fishbase",2.59571,0.0487,11,23,"standard","none specified",2120,"Callionymus",NA,0,1,"demersal","Callionymus lyra","Callionymidae","Callionymiformes","Teleostei","Osteichthyes"
"229","fishbase",2.7293,0.049,11,23,"routine","none specified",2203,"Callionymus",NA,0,1,"demersal","Callionymus lyra","Callionymidae","Callionymiformes","Teleostei","Osteichthyes"
"230","fishbase",4.60209,0.0857,11,23,"standard","none specified",2120,"Callionymus",NA,0,1,"demersal","Callionymus lyra","Callionymidae","Callionymiformes","Teleostei","Osteichthyes"
"231","fishbase",4.7902,0.086,11,23,"routine","none specified",2203,"Callionymus",NA,0,1,"demersal","Callionymus lyra","Callionymidae","Callionymiformes","Teleostei","Osteichthyes"
"232","fishbase",2.184,0.105,11.5,23,"standard","none specified",2120,"Callionymus",NA,0,1,"demersal","Callionymus lyra","Callionymidae","Callionymiformes","Teleostei","Osteichthyes"
"233","fishbase",2.8245,0.105,11.5,23,"standard","none specified",2120,"Callionymus",NA,0,1,"demersal","Callionymus lyra","Callionymidae","Callionymiformes","Teleostei","Osteichthyes"
"234","fishbase",3.465,0.105,11.5,23,"standard","none specified",2120,"Callionymus",NA,0,1,"demersal","Callionymus lyra","Callionymidae","Callionymiformes","Teleostei","Osteichthyes"
"235","fishbase",3.7275,0.105,11.5,23,"standard","none specified",2120,"Callionymus",NA,0,1,"demersal","Callionymus lyra","Callionymidae","Callionymiformes","Teleostei","Osteichthyes"
"236","fishbase",3.9795,0.105,11.5,23,"standard","none specified",2120,"Callionymus",NA,0,1,"demersal","Callionymus lyra","Callionymidae","Callionymiformes","Teleostei","Osteichthyes"
"237","fishbase",4.368,0.105,11.5,23,"standard","none specified",2120,"Callionymus",NA,0,1,"demersal","Callionymus lyra","Callionymidae","Callionymiformes","Teleostei","Osteichthyes"
"238","fishbase",5.397,0.105,11.5,23,"standard","none specified",2120,"Callionymus",NA,0,1,"demersal","Callionymus lyra","Callionymidae","Callionymiformes","Teleostei","Osteichthyes"
"239","fishbase",5.7855,0.105,11.5,23,"standard","none specified",2120,"Callionymus",NA,0,1,"demersal","Callionymus lyra","Callionymidae","Callionymiformes","Teleostei","Osteichthyes"
"240","fishbase",6.1635,0.105,11.5,23,"standard","none specified",2120,"Callionymus",NA,0,1,"demersal","Callionymus lyra","Callionymidae","Callionymiformes","Teleostei","Osteichthyes"
"241","fishbase",7.0665,0.105,11.5,23,"standard","none specified",2120,"Callionymus",NA,0,1,"demersal","Callionymus lyra","Callionymidae","Callionymiformes","Teleostei","Osteichthyes"
"242","fishbase",7.455,0.105,11.5,23,"standard","none specified",2120,"Callionymus",NA,0,1,"demersal","Callionymus lyra","Callionymidae","Callionymiformes","Teleostei","Osteichthyes"
"243","fishbase",7.8435,0.105,11.5,23,"standard","none specified",2120,"Callionymus",NA,0,1,"demersal","Callionymus lyra","Callionymidae","Callionymiformes","Teleostei","Osteichthyes"
"244","fishbase",7.9695,0.105,11.5,23,"standard","none specified",2120,"Callionymus",NA,0,1,"demersal","Callionymus lyra","Callionymidae","Callionymiformes","Teleostei","Osteichthyes"
"245","fishbase",8.484,0.105,11.5,23,"standard","none specified",2120,"Callionymus",NA,0,1,"demersal","Callionymus lyra","Callionymidae","Callionymiformes","Teleostei","Osteichthyes"
"246","fishbase",9.1245,0.105,11.5,23,"standard","none specified",2120,"Callionymus",NA,0,1,"demersal","Callionymus lyra","Callionymidae","Callionymiformes","Teleostei","Osteichthyes"
"247","fishbase",9.2505,0.105,11.5,23,"standard","none specified",2120,"Callionymus",NA,0,1,"demersal","Callionymus lyra","Callionymidae","Callionymiformes","Teleostei","Osteichthyes"
"248","fishbase",9.3765,0.105,11.5,23,"standard","none specified",2120,"Callionymus",NA,0,1,"demersal","Callionymus lyra","Callionymidae","Callionymiformes","Teleostei","Osteichthyes"
"249","fishbase",9.513,0.105,11.5,23,"standard","none specified",2120,"Callionymus",NA,0,1,"demersal","Callionymus lyra","Callionymidae","Callionymiformes","Teleostei","Osteichthyes"
"250","fishbase",9.765,0.105,11.5,23,"standard","none specified",2120,"Callionymus",NA,0,1,"demersal","Callionymus lyra","Callionymidae","Callionymiformes","Teleostei","Osteichthyes"
"251","fishbase",9.891,0.105,11.5,23,"standard","none specified",2120,"Callionymus",NA,0,1,"demersal","Callionymus lyra","Callionymidae","Callionymiformes","Teleostei","Osteichthyes"
"252","fishbase",10.0275,0.105,11.5,23,"standard","none specified",2120,"Callionymus",NA,0,1,"demersal","Callionymus lyra","Callionymidae","Callionymiformes","Teleostei","Osteichthyes"
"253","fishbase",15,0.15,11.5,23,"routine","none specified",2203,"Callionymus",NA,0,1,"demersal","Callionymus lyra","Callionymidae","Callionymiformes","Teleostei","Osteichthyes"
"304","fishbase",2.41909,0.047,11,43,"standard","none specified",85173,"Arnoglossus",NA,0,1,"demersal","Arnoglossus thori","Bothidae","Pleuronectiformes","Teleostei","Osteichthyes"
"305","fishbase",2.58077,0.047,19,43,"standard","none specified",85173,"Arnoglossus",NA,0,1,"demersal","Arnoglossus thori","Bothidae","Pleuronectiformes","Teleostei","Osteichthyes"
"306","fishbase",1.21448,0.047,11,53,"standard","none specified",85173,"Buglossidium",NA,0,1,"demersal","Buglossidium luteum","Soleidae","Pleuronectiformes","Teleostei","Osteichthyes"
"307","fishbase",2.42849,0.047,19,53,"standard","none specified",85173,"Buglossidium",NA,0,1,"demersal","Buglossidium luteum","Soleidae","Pleuronectiformes","Teleostei","Osteichthyes"
"308","fishbase",2.3814,0.0147,12,69,"standard","none specified",2120,"Gadus",NA,1,1,"benthopelagic","Gadus morhua","Gadidae","Gadiformes","Teleostei","Osteichthyes"
"309","fishbase",2.6607,0.0147,12,69,"standard","none specified",2120,"Gadus",NA,1,1,"benthopelagic","Gadus morhua","Gadidae","Gadiformes","Teleostei","Osteichthyes"
"310","fishbase",2.2509,0.0183,12,69,"standard","none specified",2120,"Gadus",NA,1,1,"benthopelagic","Gadus morhua","Gadidae","Gadiformes","Teleostei","Osteichthyes"
"311","fishbase",2.5071,0.0183,12,69,"standard","none specified",2120,"Gadus",NA,1,1,"benthopelagic","Gadus morhua","Gadidae","Gadiformes","Teleostei","Osteichthyes"
"312","fishbase",2.3868,0.0204,12,69,"standard","none specified",2120,"Gadus",NA,1,1,"benthopelagic","Gadus morhua","Gadidae","Gadiformes","Teleostei","Osteichthyes"
"313","fishbase",2.958,0.0204,12,69,"standard","none specified",2120,"Gadus",NA,1,1,"benthopelagic","Gadus morhua","Gadidae","Gadiformes","Teleostei","Osteichthyes"
"314","fishbase",5.16013,0.047,3,69,"standard","none specified",85173,"Gadus",NA,1,1,"benthopelagic","Gadus morhua","Gadidae","Gadiformes","Teleostei","Osteichthyes"
"315","fishbase",6.60867,0.047,10,69,"standard","none specified",85173,"Gadus",NA,1,1,"benthopelagic","Gadus morhua","Gadidae","Gadiformes","Teleostei","Osteichthyes"
"316","fishbase",5.75844,0.047,12,69,"standard","none specified",85173,"Gadus",NA,1,1,"benthopelagic","Gadus morhua","Gadidae","Gadiformes","Teleostei","Osteichthyes"
"317","fishbase",7.4542,0.0611,12,69,"standard","none specified",2120,"Gadus",NA,1,1,"benthopelagic","Gadus morhua","Gadidae","Gadiformes","Teleostei","Osteichthyes"
"318","fishbase",8.7373,0.0611,12,69,"standard","none specified",2120,"Gadus",NA,1,1,"benthopelagic","Gadus morhua","Gadidae","Gadiformes","Teleostei","Osteichthyes"
"319","fishbase",6.6672,0.072,12,69,"standard","none specified",2120,"Gadus",NA,1,1,"benthopelagic","Gadus morhua","Gadidae","Gadiformes","Teleostei","Osteichthyes"
"320","fishbase",18.2,0.14,15,69,"standard","none specified",2120,"Gadus",NA,1,1,"benthopelagic","Gadus morhua","Gadidae","Gadiformes","Teleostei","Osteichthyes"
"321","fishbase",22.95,0.15,15,69,"routine","none specified",2120,"Gadus",NA,1,1,"benthopelagic","Gadus morhua","Gadidae","Gadiformes","Teleostei","Osteichthyes"
"322","fishbase",19.55,0.17,11.5,69,"standard","none specified",2120,"Gadus",NA,1,1,"benthopelagic","Gadus morhua","Gadidae","Gadiformes","Teleostei","Osteichthyes"
"323","fishbase",14.2206,0.173,12,69,"standard","none specified",2120,"Gadus",NA,1,1,"benthopelagic","Gadus morhua","Gadidae","Gadiformes","Teleostei","Osteichthyes"
"324","fishbase",18.471420982,0.18810001,10,69,"standard","none specified",2120,"Gadus",NA,1,1,"benthopelagic","Gadus morhua","Gadidae","Gadiformes","Teleostei","Osteichthyes"
"325","fishbase",23.005,0.215,12,69,"standard","none specified",2120,"Gadus",NA,1,1,"benthopelagic","Gadus morhua","Gadidae","Gadiformes","Teleostei","Osteichthyes"
"326","fishbase",18.53,0.218,11.5,69,"standard","none specified",2120,"Gadus",NA,1,1,"benthopelagic","Gadus morhua","Gadidae","Gadiformes","Teleostei","Osteichthyes"
"327","fishbase",19.722,0.228,12,69,"standard","none specified",2120,"Gadus",NA,1,1,"benthopelagic","Gadus morhua","Gadidae","Gadiformes","Teleostei","Osteichthyes"
"328","fishbase",28.728,0.228,12,69,"standard","none specified",2120,"Gadus",NA,1,1,"benthopelagic","Gadus morhua","Gadidae","Gadiformes","Teleostei","Osteichthyes"
"329","fishbase",20.74,0.244,11.5,69,"standard","none specified",2120,"Gadus",NA,1,1,"benthopelagic","Gadus morhua","Gadidae","Gadiformes","Teleostei","Osteichthyes"
"330","fishbase",19.685,0.254,12,69,"standard","none specified",2120,"Gadus",NA,1,1,"benthopelagic","Gadus morhua","Gadidae","Gadiformes","Teleostei","Osteichthyes"
"331","fishbase",16.7232,0.268,12,69,"standard","none specified",2120,"Gadus",NA,1,1,"benthopelagic","Gadus morhua","Gadidae","Gadiformes","Teleostei","Osteichthyes"
"332","fishbase",27.451,0.283,11.5,69,"standard","none specified",2120,"Gadus",NA,1,1,"benthopelagic","Gadus morhua","Gadidae","Gadiformes","Teleostei","Osteichthyes"
"333","fishbase",19.6685,0.283,12,69,"standard","none specified",2120,"Gadus",NA,1,1,"benthopelagic","Gadus morhua","Gadidae","Gadiformes","Teleostei","Osteichthyes"
"334","fishbase",24.596,0.286,11.5,69,"standard","none specified",2120,"Gadus",NA,1,1,"benthopelagic","Gadus morhua","Gadidae","Gadiformes","Teleostei","Osteichthyes"
"335","fishbase",13.68,0.304,11.5,69,"standard","none specified",2120,"Gadus",NA,1,1,"benthopelagic","Gadus morhua","Gadidae","Gadiformes","Teleostei","Osteichthyes"
"336","fishbase",20.224,0.316,11.5,69,"standard","none specified",2120,"Gadus",NA,1,1,"benthopelagic","Gadus morhua","Gadidae","Gadiformes","Teleostei","Osteichthyes"
"337","fishbase",23.68,0.32,10,69,"routine","none specified",2120,"Gadus",NA,1,1,"benthopelagic","Gadus morhua","Gadidae","Gadiformes","Teleostei","Osteichthyes"
"338","fishbase",46.76,0.334,12,69,"standard","none specified",2120,"Gadus",NA,1,1,"benthopelagic","Gadus morhua","Gadidae","Gadiformes","Teleostei","Osteichthyes"
"339","fishbase",29.4,0.35,15,69,"standard","none specified",2120,"Gadus",NA,1,1,"benthopelagic","Gadus morhua","Gadidae","Gadiformes","Teleostei","Osteichthyes"
"340","fishbase",27.2516,0.353,12,69,"standard","none specified",2120,"Gadus",NA,1,1,"benthopelagic","Gadus morhua","Gadidae","Gadiformes","Teleostei","Osteichthyes"
"341","fishbase",21.392,0.382,11.5,69,"standard","none specified",2120,"Gadus",NA,1,1,"benthopelagic","Gadus morhua","Gadidae","Gadiformes","Teleostei","Osteichthyes"
"342","fishbase",21.5,0.43,3,69,"routine","none specified",2120,"Gadus",NA,1,1,"benthopelagic","Gadus morhua","Gadidae","Gadiformes","Teleostei","Osteichthyes"
"343","fishbase",39.56,0.43,15,69,"routine","none specified",2120,"Gadus",NA,1,1,"benthopelagic","Gadus morhua","Gadidae","Gadiformes","Teleostei","Osteichthyes"
"344","fishbase",35.88,0.46,15,69,"routine","none specified",2120,"Gadus",NA,1,1,"benthopelagic","Gadus morhua","Gadidae","Gadiformes","Teleostei","Osteichthyes"
"345","fishbase",46.864,0.464,12,69,"standard","none specified",2120,"Gadus",NA,1,1,"benthopelagic","Gadus morhua","Gadidae","Gadiformes","Teleostei","Osteichthyes"
"346","fishbase",43.12,0.49,15,69,"routine","none specified",2120,"Gadus",NA,1,1,"benthopelagic","Gadus morhua","Gadidae","Gadiformes","Teleostei","Osteichthyes"
"347","fishbase",25,0.5,3,69,"routine","none specified",2203,"Gadus",NA,1,1,"benthopelagic","Gadus morhua","Gadidae","Gadiformes","Teleostei","Osteichthyes"
"348","fishbase",37.15,0.5,10,69,"routine","none specified",2203,"Gadus",NA,1,1,"benthopelagic","Gadus morhua","Gadidae","Gadiformes","Teleostei","Osteichthyes"
"349","fishbase",45.75,0.5,15,69,"routine","none specified",2203,"Gadus",NA,1,1,"benthopelagic","Gadus morhua","Gadidae","Gadiformes","Teleostei","Osteichthyes"
"350","fishbase",41.82,0.51,15,69,"standard","none specified",2120,"Gadus",NA,1,1,"benthopelagic","Gadus morhua","Gadidae","Gadiformes","Teleostei","Osteichthyes"
"351","fishbase",30.3548,0.518,12,69,"standard","none specified",2120,"Gadus",NA,1,1,"benthopelagic","Gadus morhua","Gadidae","Gadiformes","Teleostei","Osteichthyes"
"352","fishbase",54.908,0.518,12,69,"standard","none specified",2120,"Gadus",NA,1,1,"benthopelagic","Gadus morhua","Gadidae","Gadiformes","Teleostei","Osteichthyes"
"353","fishbase",76.375,0.611,12,69,"standard","none specified",2120,"Gadus",NA,1,1,"benthopelagic","Gadus morhua","Gadidae","Gadiformes","Teleostei","Osteichthyes"
"354","fishbase",42.88,0.64,10,69,"routine","none specified",2120,"Gadus",NA,1,1,"benthopelagic","Gadus morhua","Gadidae","Gadiformes","Teleostei","Osteichthyes"
"355","fishbase",72.24,0.645,12,69,"standard","none specified",2120,"Gadus",NA,1,1,"benthopelagic","Gadus morhua","Gadidae","Gadiformes","Teleostei","Osteichthyes"
"356","fishbase",52.5,0.7,15,69,"standard","none specified",2120,"Gadus",NA,1,1,"benthopelagic","Gadus morhua","Gadidae","Gadiformes","Teleostei","Osteichthyes"
"357","fishbase",37.728,0.72,12,69,"standard","none specified",2120,"Gadus",NA,1,1,"benthopelagic","Gadus morhua","Gadidae","Gadiformes","Teleostei","Osteichthyes"
"358","fishbase",58.1372,0.803,12,69,"standard","none specified",2120,"Gadus",NA,1,1,"benthopelagic","Gadus morhua","Gadidae","Gadiformes","Teleostei","Osteichthyes"
"359","fishbase",49.4334,0.947,12,69,"standard","none specified",2120,"Gadus",NA,1,1,"benthopelagic","Gadus morhua","Gadidae","Gadiformes","Teleostei","Osteichthyes"
"360","fishbase",42.9,1,3,69,"routine","none specified",2203,"Gadus",NA,1,1,"benthopelagic","Gadus morhua","Gadidae","Gadiformes","Teleostei","Osteichthyes"
"361","fishbase",68.6,1,10,69,"routine","none specified",2203,"Gadus",NA,1,1,"benthopelagic","Gadus morhua","Gadidae","Gadiformes","Teleostei","Osteichthyes"
"362","fishbase",73,1,10,69,"routine","none specified",2120,"Gadus",NA,1,1,"benthopelagic","Gadus morhua","Gadidae","Gadiformes","Teleostei","Osteichthyes"
"363","fishbase",55.1,1,12,69,"standard","none specified",2120,"Gadus",NA,1,1,"benthopelagic","Gadus morhua","Gadidae","Gadiformes","Teleostei","Osteichthyes"
"364","fishbase",78.6,1,15,69,"routine","none specified",2203,"Gadus",NA,1,1,"benthopelagic","Gadus morhua","Gadidae","Gadiformes","Teleostei","Osteichthyes"
"365","fishbase",39.52,1.04,3,69,"routine","none specified",2120,"Gadus",NA,1,1,"benthopelagic","Gadus morhua","Gadidae","Gadiformes","Teleostei","Osteichthyes"
"366","fishbase",77.04,1.07,10,69,"routine","none specified",2120,"Gadus",NA,1,1,"benthopelagic","Gadus morhua","Gadidae","Gadiformes","Teleostei","Osteichthyes"
"367","fishbase",49.28,1.12,3,69,"routine","none specified",2120,"Gadus",NA,1,1,"benthopelagic","Gadus morhua","Gadidae","Gadiformes","Teleostei","Osteichthyes"
"368","fishbase",95.088,1.12,12,69,"standard","none specified",2120,"Gadus",NA,1,1,"benthopelagic","Gadus morhua","Gadidae","Gadiformes","Teleostei","Osteichthyes"
"369","fishbase",44.46,1.14,5,69,"standard","none specified",2120,"Gadus",NA,1,1,"benthopelagic","Gadus morhua","Gadidae","Gadiformes","Teleostei","Osteichthyes"
"370","fishbase",66.7,1.15,10,69,"standard","none specified",2120,"Gadus",NA,1,1,"benthopelagic","Gadus morhua","Gadidae","Gadiformes","Teleostei","Osteichthyes"
"371","fishbase",119.26,1.34,15,69,"routine","none specified",2120,"Gadus",NA,1,1,"benthopelagic","Gadus morhua","Gadidae","Gadiformes","Teleostei","Osteichthyes"
"372","fishbase",102.24,1.42,15,69,"routine","none specified",2120,"Gadus",NA,1,1,"benthopelagic","Gadus morhua","Gadidae","Gadiformes","Teleostei","Osteichthyes"
"373","fishbase",90.72,1.44,15,69,"standard","none specified",2120,"Gadus",NA,1,1,"benthopelagic","Gadus morhua","Gadidae","Gadiformes","Teleostei","Osteichthyes"
"374","fishbase",62.35,1.45,3,69,"routine","none specified",2120,"Gadus",NA,1,1,"benthopelagic","Gadus morhua","Gadidae","Gadiformes","Teleostei","Osteichthyes"
"375","fishbase",123.24,1.58,15,69,"standard","none specified",2120,"Gadus",NA,1,1,"benthopelagic","Gadus morhua","Gadidae","Gadiformes","Teleostei","Osteichthyes"
"376","fishbase",65.6,1.64,3,69,"routine","none specified",2120,"Gadus",NA,1,1,"benthopelagic","Gadus morhua","Gadidae","Gadiformes","Teleostei","Osteichthyes"
"377","fishbase",115.5,1.65,15,69,"routine","none specified",2120,"Gadus",NA,1,1,"benthopelagic","Gadus morhua","Gadidae","Gadiformes","Teleostei","Osteichthyes"
"378","fishbase",124.74,1.98,10,69,"routine","none specified",2120,"Gadus",NA,1,1,"benthopelagic","Gadus morhua","Gadidae","Gadiformes","Teleostei","Osteichthyes"
"379","fishbase",156.2,2.2,15,69,"standard","none specified",2120,"Gadus",NA,1,1,"benthopelagic","Gadus morhua","Gadidae","Gadiformes","Teleostei","Osteichthyes"
"380","fishbase",83.88,2.33,5,69,"standard","none specified",2120,"Gadus",NA,1,1,"benthopelagic","Gadus morhua","Gadidae","Gadiformes","Teleostei","Osteichthyes"
"381","fishbase",101.16,2.81,3,69,"routine","none specified",2120,"Gadus",NA,1,1,"benthopelagic","Gadus morhua","Gadidae","Gadiformes","Teleostei","Osteichthyes"
"382","fishbase",195.36,2.96,10,69,"routine","none specified",2120,"Gadus",NA,1,1,"benthopelagic","Gadus morhua","Gadidae","Gadiformes","Teleostei","Osteichthyes"
"383","fishbase",102.9,3,3,69,"routine","none specified",2203,"Gadus",NA,1,1,"benthopelagic","Gadus morhua","Gadidae","Gadiformes","Teleostei","Osteichthyes"
"384","fishbase",180,3,10,69,"routine","none specified",2203,"Gadus",NA,1,1,"benthopelagic","Gadus morhua","Gadidae","Gadiformes","Teleostei","Osteichthyes"
"385","fishbase",197.1,3,15,69,"routine","none specified",2203,"Gadus",NA,1,1,"benthopelagic","Gadus morhua","Gadidae","Gadiformes","Teleostei","Osteichthyes"
"386","fishbase",166.65,3.03,10,69,"standard","none specified",2120,"Gadus",NA,1,1,"benthopelagic","Gadus morhua","Gadidae","Gadiformes","Teleostei","Osteichthyes"
"387","fishbase",186.05,3.05,15,69,"routine","none specified",2120,"Gadus",NA,1,1,"benthopelagic","Gadus morhua","Gadidae","Gadiformes","Teleostei","Osteichthyes"
"388","fishbase",180,6,3,69,"routine","none specified",2203,"Gadus",NA,1,1,"benthopelagic","Gadus morhua","Gadidae","Gadiformes","Teleostei","Osteichthyes"
"389","fishbase",334.2,6,10,69,"routine","none specified",2203,"Gadus",NA,1,1,"benthopelagic","Gadus morhua","Gadidae","Gadiformes","Teleostei","Osteichthyes"
"390","fishbase",351.6,6,15,69,"routine","none specified",2203,"Gadus",NA,1,1,"benthopelagic","Gadus morhua","Gadidae","Gadiformes","Teleostei","Osteichthyes"
"391","fishbase",186.2,6.65,3,69,"routine","none specified",2120,"Gadus",NA,1,1,"benthopelagic","Gadus morhua","Gadidae","Gadiformes","Teleostei","Osteichthyes"
"392","fishbase",355,7.1,10,69,"routine","none specified",2120,"Gadus",NA,1,1,"benthopelagic","Gadus morhua","Gadidae","Gadiformes","Teleostei","Osteichthyes"
"399","fishbase",0.4844,7e-04,25,80,"routine","none specified",2120,"Chanos",NA,1,1,"benthopelagic","Chanos chanos","Chanidae","Gonorynchiformes","Teleostei","Osteichthyes"
"400","fishbase",0.5761,7e-04,25,80,"routine","none specified",2120,"Chanos",NA,1,1,"benthopelagic","Chanos chanos","Chanidae","Gonorynchiformes","Teleostei","Osteichthyes"
"401","fishbase",1.0073,7e-04,29,80,"routine","none specified",2120,"Chanos",NA,1,1,"benthopelagic","Chanos chanos","Chanidae","Gonorynchiformes","Teleostei","Osteichthyes"
"402","fishbase",1.0976,7e-04,29,80,"routine","none specified",2120,"Chanos",NA,1,1,"benthopelagic","Chanos chanos","Chanidae","Gonorynchiformes","Teleostei","Osteichthyes"
"403","fishbase",1.6107,0.0021,25,80,"routine","none specified",2120,"Chanos",NA,1,1,"benthopelagic","Chanos chanos","Chanidae","Gonorynchiformes","Teleostei","Osteichthyes"
"404","fishbase",1.8459,0.0021,25,80,"routine","none specified",2120,"Chanos",NA,1,1,"benthopelagic","Chanos chanos","Chanidae","Gonorynchiformes","Teleostei","Osteichthyes"
"405","fishbase",2.4927,0.0021,29,80,"routine","none specified",2120,"Chanos",NA,1,1,"benthopelagic","Chanos chanos","Chanidae","Gonorynchiformes","Teleostei","Osteichthyes"
"406","fishbase",2.7258,0.0021,29,80,"routine","none specified",2120,"Chanos",NA,1,1,"benthopelagic","Chanos chanos","Chanidae","Gonorynchiformes","Teleostei","Osteichthyes"
"407","fishbase",5.3235,0.0063,25,80,"routine","none specified",2120,"Chanos",NA,1,1,"benthopelagic","Chanos chanos","Chanidae","Gonorynchiformes","Teleostei","Osteichthyes"
"408","fishbase",5.9787,0.0063,25,80,"routine","none specified",2120,"Chanos",NA,1,1,"benthopelagic","Chanos chanos","Chanidae","Gonorynchiformes","Teleostei","Osteichthyes"
"409","fishbase",6.2496,0.0063,29,80,"routine","none specified",2120,"Chanos",NA,1,1,"benthopelagic","Chanos chanos","Chanidae","Gonorynchiformes","Teleostei","Osteichthyes"
"410","fishbase",6.6276,0.0063,29,80,"routine","none specified",2120,"Chanos",NA,1,1,"benthopelagic","Chanos chanos","Chanidae","Gonorynchiformes","Teleostei","Osteichthyes"
"411","fishbase",9.702,0.011,25,80,"routine","none specified",2120,"Chanos",NA,1,1,"benthopelagic","Chanos chanos","Chanidae","Gonorynchiformes","Teleostei","Osteichthyes"
"412","fishbase",10.637,0.011,25,80,"routine","none specified",2120,"Chanos",NA,1,1,"benthopelagic","Chanos chanos","Chanidae","Gonorynchiformes","Teleostei","Osteichthyes"
"413","fishbase",9.933,0.011,29,80,"routine","none specified",2120,"Chanos",NA,1,1,"benthopelagic","Chanos chanos","Chanidae","Gonorynchiformes","Teleostei","Osteichthyes"
"414","fishbase",10.417,0.011,29,80,"routine","none specified",2120,"Chanos",NA,1,1,"benthopelagic","Chanos chanos","Chanidae","Gonorynchiformes","Teleostei","Osteichthyes"
"433","fishbase",14.522,0.1,13,139,"standard","none specified",2120,"Squalus",NA,1,1,"benthopelagic","Squalus acanthias","Squalidae","Squaliformes","Elasmobranchii","Chondrichthyes"
"434","fishbase",32.7936,0.64,13,139,"standard","none specified",2120,"Squalus",NA,1,1,"benthopelagic","Squalus acanthias","Squalidae","Squaliformes","Elasmobranchii","Chondrichthyes"
"435","fishbase",50.995,0.94,13,139,"standard","none specified",2120,"Squalus",NA,1,1,"benthopelagic","Squalus acanthias","Squalidae","Squaliformes","Elasmobranchii","Chondrichthyes"
"436","fishbase",63.294,1.05,13,139,"standard","none specified",2120,"Squalus",NA,1,1,"benthopelagic","Squalus acanthias","Squalidae","Squaliformes","Elasmobranchii","Chondrichthyes"
"437","fishbase",70.7392,1.12,13,139,"standard","none specified",2120,"Squalus",NA,1,1,"benthopelagic","Squalus acanthias","Squalidae","Squaliformes","Elasmobranchii","Chondrichthyes"
"438","fishbase",63.364,1.24,13,139,"standard","none specified",2120,"Squalus",NA,1,1,"benthopelagic","Squalus acanthias","Squalidae","Squaliformes","Elasmobranchii","Chondrichthyes"
"439","fishbase",73.2685,1.55,13,139,"standard","none specified",2120,"Squalus",NA,1,1,"benthopelagic","Squalus acanthias","Squalidae","Squaliformes","Elasmobranchii","Chondrichthyes"
"440","fishbase",35.3685,1.615,9,139,"standard","none specified",2120,"Squalus",NA,1,1,"benthopelagic","Squalus acanthias","Squalidae","Squaliformes","Elasmobranchii","Chondrichthyes"
"441","fishbase",96.145,1.75,13,139,"standard","none specified",2120,"Squalus",NA,1,1,"benthopelagic","Squalus acanthias","Squalidae","Squaliformes","Elasmobranchii","Chondrichthyes"
"442","fishbase",37.8708,1.812,9,139,"standard","none specified",2120,"Squalus",NA,1,1,"benthopelagic","Squalus acanthias","Squalidae","Squaliformes","Elasmobranchii","Chondrichthyes"
"443","fishbase",60.0696,1.854,10,139,"standard","none specified",2120,"Squalus",NA,1,1,"benthopelagic","Squalus acanthias","Squalidae","Squaliformes","Elasmobranchii","Chondrichthyes"
"444","fishbase",93.627,1.854,10,139,"routine","none specified",2120,"Squalus",NA,1,1,"benthopelagic","Squalus acanthias","Squalidae","Squaliformes","Elasmobranchii","Chondrichthyes"
"445","fishbase",100.1759,1.87,13,139,"standard","none specified",2120,"Squalus",NA,1,1,"benthopelagic","Squalus acanthias","Squalidae","Squaliformes","Elasmobranchii","Chondrichthyes"
"446","fishbase",101.352,2.06,10,139,"routine","none specified",2120,"Squalus",NA,1,1,"benthopelagic","Squalus acanthias","Squalidae","Squaliformes","Elasmobranchii","Chondrichthyes"
"447","fishbase",125.037,2.7,13,139,"standard","none specified",2120,"Squalus",NA,1,1,"benthopelagic","Squalus acanthias","Squalidae","Squaliformes","Elasmobranchii","Chondrichthyes"
"448","fishbase",166.815,3.3,13,139,"standard","none specified",2120,"Squalus",NA,1,1,"benthopelagic","Squalus acanthias","Squalidae","Squaliformes","Elasmobranchii","Chondrichthyes"
"449","fishbase",205.1,3.5,11,139,"standard","none specified",2120,"Squalus",NA,1,1,"benthopelagic","Squalus acanthias","Squalidae","Squaliformes","Elasmobranchii","Chondrichthyes"
"450","fishbase",213.624,4.6,13,139,"standard","none specified",2120,"Squalus",NA,1,1,"benthopelagic","Squalus acanthias","Squalidae","Squaliformes","Elasmobranchii","Chondrichthyes"
"451","fishbase",280.9152,5.76,13,139,"standard","none specified",2120,"Squalus",NA,1,1,"benthopelagic","Squalus acanthias","Squalidae","Squaliformes","Elasmobranchii","Chondrichthyes"
"452","fishbase",333.696,7.04,13,139,"standard","none specified",2120,"Squalus",NA,1,1,"benthopelagic","Squalus acanthias","Squalidae","Squaliformes","Elasmobranchii","Chondrichthyes"
"453","fishbase",303.2455,7.85,13,139,"standard","none specified",2120,"Squalus",NA,1,1,"benthopelagic","Squalus acanthias","Squalidae","Squaliformes","Elasmobranchii","Chondrichthyes"
"454","fishbase",223.6221,8.97,13,139,"standard","none specified",2120,"Squalus",NA,1,1,"benthopelagic","Squalus acanthias","Squalidae","Squaliformes","Elasmobranchii","Chondrichthyes"
"455","fishbase",0.04147,0.00013,22,236,"routine","none specified",2120,"Salmo","Salmoninae",1,1,"benthopelagic","Salmo salar","Salmonidae","Salmoniformes","Teleostei","Osteichthyes"
"456","fishbase",0.07384,0.00013,22,236,"routine","none specified",2120,"Salmo","Salmoninae",1,1,"benthopelagic","Salmo salar","Salmonidae","Salmoniformes","Teleostei","Osteichthyes"
"457","fishbase",0.0741,0.00013,22,236,"routine","none specified",2120,"Salmo","Salmoninae",1,1,"benthopelagic","Salmo salar","Salmonidae","Salmoniformes","Teleostei","Osteichthyes"
"458","fishbase",0.05715,0.00015,15,236,"routine","none specified",2093,"Salmo","Salmoninae",1,1,"benthopelagic","Salmo salar","Salmonidae","Salmoniformes","Teleostei","Osteichthyes"
"459","fishbase",0.1275,0.00017,14.5,236,"routine","none specified",2093,"Salmo","Salmoninae",1,1,"benthopelagic","Salmo salar","Salmonidae","Salmoniformes","Teleostei","Osteichthyes"
"460","fishbase",0.72,0.0015,15,236,"routine","none specified",2093,"Salmo","Salmoninae",1,1,"benthopelagic","Salmo salar","Salmonidae","Salmoniformes","Teleostei","Osteichthyes"
"461","fishbase",1.3,0.0025,14.5,236,"routine","none specified",2093,"Salmo","Salmoninae",1,1,"benthopelagic","Salmo salar","Salmonidae","Salmoniformes","Teleostei","Osteichthyes"
"462","fishbase",1.525,0.005,15,236,"routine","none specified",2093,"Salmo","Salmoninae",1,1,"benthopelagic","Salmo salar","Salmonidae","Salmoniformes","Teleostei","Osteichthyes"
"463","fishbase",2,0.005,15,236,"routine","none specified",2093,"Salmo","Salmoninae",1,1,"benthopelagic","Salmo salar","Salmonidae","Salmoniformes","Teleostei","Osteichthyes"
"464","fishbase",2.52,0.01,14.5,236,"routine","none specified",2093,"Salmo","Salmoninae",1,1,"benthopelagic","Salmo salar","Salmonidae","Salmoniformes","Teleostei","Osteichthyes"
"465","fishbase",2.5,0.01,15,236,"routine","none specified",2093,"Salmo","Salmoninae",1,1,"benthopelagic","Salmo salar","Salmonidae","Salmoniformes","Teleostei","Osteichthyes"
"466","fishbase",4.144,0.016,20,236,"routine","none specified",2093,"Salmo","Salmoninae",1,1,"benthopelagic","Salmo salar","Salmonidae","Salmoniformes","Teleostei","Osteichthyes"
"467","fishbase",4.2,0.02,15,236,"routine","none specified",2093,"Salmo","Salmoninae",1,1,"benthopelagic","Salmo salar","Salmonidae","Salmoniformes","Teleostei","Osteichthyes"
"468","fishbase",1.43,0.025,7,236,"routine","none specified",2203,"Salmo","Salmoninae",1,1,"benthopelagic","Salmo salar","Salmonidae","Salmoniformes","Teleostei","Osteichthyes"
"469","fishbase",5.725,0.025,20,236,"routine","none specified",2093,"Salmo","Salmoninae",1,1,"benthopelagic","Salmo salar","Salmonidae","Salmoniformes","Teleostei","Osteichthyes"
"470","fishbase",2.039827,0.0269,6,236,"standard","none specified",2120,"Salmo","Salmoninae",1,1,"benthopelagic","Salmo salar","Salmonidae","Salmoniformes","Teleostei","Osteichthyes"
"471","fishbase",5.626941731,0.0269,18,236,"standard","none specified",2120,"Salmo","Salmoninae",1,1,"benthopelagic","Salmo salar","Salmonidae","Salmoniformes","Teleostei","Osteichthyes"
"472","fishbase",25.197,0.227,15,236,"standard","none specified",2120,"Salmo","Salmoninae",1,1,"benthopelagic","Salmo salar","Salmonidae","Salmoniformes","Teleostei","Osteichthyes"
"473","fishbase",0.0149,1e-04,10,238,"routine","none specified",2120,"Salmo","Salmoninae",1,1,"pelagic","Salmo trutta","Salmonidae","Salmoniformes","Teleostei","Osteichthyes"
"474","fishbase",0.018,1e-04,10,238,"routine","none specified",2120,"Salmo","Salmoninae",1,1,"pelagic","Salmo trutta","Salmonidae","Salmoniformes","Teleostei","Osteichthyes"
"475","fishbase",0.0203,1e-04,10,238,"routine","none specified",2120,"Salmo","Salmoninae",1,1,"pelagic","Salmo trutta","Salmonidae","Salmoniformes","Teleostei","Osteichthyes"
"476","fishbase",0.0216,0.00012,10,238,"routine","none specified",2120,"Salmo","Salmoninae",1,1,"pelagic","Salmo trutta","Salmonidae","Salmoniformes","Teleostei","Osteichthyes"
"477","fishbase",0.01638,0.00013,10,238,"routine","none specified",2120,"Salmo","Salmoninae",1,1,"pelagic","Salmo trutta","Salmonidae","Salmoniformes","Teleostei","Osteichthyes"
"478","fishbase",0.02093,0.00013,10,238,"routine","none specified",2120,"Salmo","Salmoninae",1,1,"pelagic","Salmo trutta","Salmonidae","Salmoniformes","Teleostei","Osteichthyes"
"479","fishbase",0.02685,0.00015,10,238,"routine","none specified",2120,"Salmo","Salmoninae",1,1,"pelagic","Salmo trutta","Salmonidae","Salmoniformes","Teleostei","Osteichthyes"
"480","fishbase",0.0285,0.00015,10,238,"routine","none specified",2120,"Salmo","Salmoninae",1,1,"pelagic","Salmo trutta","Salmonidae","Salmoniformes","Teleostei","Osteichthyes"
"481","fishbase",0.02686,0.00017,10,238,"routine","none specified",2120,"Salmo","Salmoninae",1,1,"pelagic","Salmo trutta","Salmonidae","Salmoniformes","Teleostei","Osteichthyes"
"482","fishbase",0.03186,0.00018,10,238,"routine","none specified",2120,"Salmo","Salmoninae",1,1,"pelagic","Salmo trutta","Salmonidae","Salmoniformes","Teleostei","Osteichthyes"
"483","fishbase",0.03348,0.00018,10,238,"routine","none specified",2120,"Salmo","Salmoninae",1,1,"pelagic","Salmo trutta","Salmonidae","Salmoniformes","Teleostei","Osteichthyes"
"484","fishbase",0.03772,0.00023,10,238,"routine","none specified",2120,"Salmo","Salmoninae",1,1,"pelagic","Salmo trutta","Salmonidae","Salmoniformes","Teleostei","Osteichthyes"
"485","fishbase",0.03672,0.00024,10,238,"routine","none specified",2120,"Salmo","Salmoninae",1,1,"pelagic","Salmo trutta","Salmonidae","Salmoniformes","Teleostei","Osteichthyes"
"486","fishbase",0.06956,0.00037,10,238,"routine","none specified",2120,"Salmo","Salmoninae",1,1,"pelagic","Salmo trutta","Salmonidae","Salmoniformes","Teleostei","Osteichthyes"
"487","fishbase",0.06987,0.00051,10,238,"routine","none specified",2120,"Salmo","Salmoninae",1,1,"pelagic","Salmo trutta","Salmonidae","Salmoniformes","Teleostei","Osteichthyes"
"488","fishbase",0.07198,0.00061,10,238,"routine","none specified",2120,"Salmo","Salmoninae",1,1,"pelagic","Salmo trutta","Salmonidae","Salmoniformes","Teleostei","Osteichthyes"
"489","fishbase",0.07625,0.00061,10,238,"routine","none specified",2120,"Salmo","Salmoninae",1,1,"pelagic","Salmo trutta","Salmonidae","Salmoniformes","Teleostei","Osteichthyes"
"490","fishbase",0.1088,0.00085,10,238,"routine","none specified",2120,"Salmo","Salmoninae",1,1,"pelagic","Salmo trutta","Salmonidae","Salmoniformes","Teleostei","Osteichthyes"
"491","fishbase",0.15543,0.00099,10,238,"routine","none specified",2120,"Salmo","Salmoninae",1,1,"pelagic","Salmo trutta","Salmonidae","Salmoniformes","Teleostei","Osteichthyes"
"492","fishbase",0.18612,0.00099,10,238,"routine","none specified",2120,"Salmo","Salmoninae",1,1,"pelagic","Salmo trutta","Salmonidae","Salmoniformes","Teleostei","Osteichthyes"
"493","fishbase",0.1573,0.0013,10,238,"routine","none specified",2120,"Salmo","Salmoninae",1,1,"pelagic","Salmo trutta","Salmonidae","Salmoniformes","Teleostei","Osteichthyes"
"494","fishbase",0.2175,0.00145,10,238,"routine","none specified",2120,"Salmo","Salmoninae",1,1,"pelagic","Salmo trutta","Salmonidae","Salmoniformes","Teleostei","Osteichthyes"
"495","fishbase",0.22908,0.00166,10,238,"routine","none specified",2120,"Salmo","Salmoninae",1,1,"pelagic","Salmo trutta","Salmonidae","Salmoniformes","Teleostei","Osteichthyes"
"496","fishbase",0.25414,0.00194,10,238,"routine","none specified",2120,"Salmo","Salmoninae",1,1,"pelagic","Salmo trutta","Salmonidae","Salmoniformes","Teleostei","Osteichthyes"
"497","fishbase",0.26162,0.00206,10,238,"routine","none specified",2120,"Salmo","Salmoninae",1,1,"pelagic","Salmo trutta","Salmonidae","Salmoniformes","Teleostei","Osteichthyes"
"498","fishbase",0.40228,0.00226,10,238,"routine","none specified",2120,"Salmo","Salmoninae",1,1,"pelagic","Salmo trutta","Salmonidae","Salmoniformes","Teleostei","Osteichthyes"
"499","fishbase",0.46944,0.00326,10,238,"routine","none specified",2120,"Salmo","Salmoninae",1,1,"pelagic","Salmo trutta","Salmonidae","Salmoniformes","Teleostei","Osteichthyes"
"500","fishbase",0.49692,0.00404,10,238,"routine","none specified",2120,"Salmo","Salmoninae",1,1,"pelagic","Salmo trutta","Salmonidae","Salmoniformes","Teleostei","Osteichthyes"
"501","fishbase",0.72,0.005,10,238,"routine","none specified",2120,"Salmo","Salmoninae",1,1,"pelagic","Salmo trutta","Salmonidae","Salmoniformes","Teleostei","Osteichthyes"
"502","fishbase",4.16326,0.047,10,238,"standard","none specified",85173,"Salmo","Salmoninae",1,1,"pelagic","Salmo trutta","Salmonidae","Salmoniformes","Teleostei","Osteichthyes"
"503","fishbase",8.451,0.135,10,238,"standard","none specified",2120,"Salmo","Salmoninae",1,1,"pelagic","Salmo trutta","Salmonidae","Salmoniformes","Teleostei","Osteichthyes"
"504","fishbase",12.654,0.19,10,238,"standard","none specified",2120,"Salmo","Salmoninae",1,1,"pelagic","Salmo trutta","Salmonidae","Salmoniformes","Teleostei","Osteichthyes"
"505","fishbase",27.993,0.43,10,238,"standard","none specified",2120,"Salmo","Salmoninae",1,1,"pelagic","Salmo trutta","Salmonidae","Salmoniformes","Teleostei","Osteichthyes"
"506","fishbase",21.489,0.435,10,238,"standard","none specified",2120,"Salmo","Salmoninae",1,1,"pelagic","Salmo trutta","Salmonidae","Salmoniformes","Teleostei","Osteichthyes"
"507","fishbase",22.6373,0.443,10,238,"standard","none specified",2120,"Salmo","Salmoninae",1,1,"pelagic","Salmo trutta","Salmonidae","Salmoniformes","Teleostei","Osteichthyes"
"508","fishbase",24.462,0.453,10,238,"standard","none specified",2120,"Salmo","Salmoninae",1,1,"pelagic","Salmo trutta","Salmonidae","Salmoniformes","Teleostei","Osteichthyes"
"509","fishbase",26.0445,0.485,10,238,"standard","none specified",2120,"Salmo","Salmoninae",1,1,"pelagic","Salmo trutta","Salmonidae","Salmoniformes","Teleostei","Osteichthyes"
"510","fishbase",34.239,0.565,10,238,"standard","none specified",2120,"Salmo","Salmoninae",1,1,"pelagic","Salmo trutta","Salmonidae","Salmoniformes","Teleostei","Osteichthyes"
"511","fishbase",49.72,0.565,10,238,"standard","none specified",2120,"Salmo","Salmoninae",1,1,"pelagic","Salmo trutta","Salmonidae","Salmoniformes","Teleostei","Osteichthyes"
"512","fishbase",24.7825,0.575,10,238,"standard","none specified",2120,"Salmo","Salmoninae",1,1,"pelagic","Salmo trutta","Salmonidae","Salmoniformes","Teleostei","Osteichthyes"
"513","fishbase",54.395,0.575,10,238,"standard","none specified",2120,"Salmo","Salmoninae",1,1,"pelagic","Salmo trutta","Salmonidae","Salmoniformes","Teleostei","Osteichthyes"
"514","fishbase",31.02,0.6,10,238,"standard","none specified",2120,"Salmo","Salmoninae",1,1,"pelagic","Salmo trutta","Salmonidae","Salmoniformes","Teleostei","Osteichthyes"
"515","fishbase",31.2785,0.605,10,238,"standard","none specified",2120,"Salmo","Salmoninae",1,1,"pelagic","Salmo trutta","Salmonidae","Salmoniformes","Teleostei","Osteichthyes"
"516","fishbase",34.2555,0.615,10,238,"standard","none specified",2120,"Salmo","Salmoninae",1,1,"pelagic","Salmo trutta","Salmonidae","Salmoniformes","Teleostei","Osteichthyes"
"517","fishbase",0.00721,7e-05,4,239,"routine","none specified",2120,"Oncorhynchus","Salmoninae",1,1,"benthopelagic","Oncorhynchus mykiss","Salmonidae","Salmoniformes","Teleostei","Osteichthyes"
"518","fishbase",0.00882,7e-05,4,239,"routine","none specified",2120,"Oncorhynchus","Salmoninae",1,1,"benthopelagic","Oncorhynchus mykiss","Salmonidae","Salmoniformes","Teleostei","Osteichthyes"
"519","fishbase",0.03997,7e-05,10,239,"routine","none specified",2120,"Oncorhynchus","Salmoninae",1,1,"benthopelagic","Oncorhynchus mykiss","Salmonidae","Salmoniformes","Teleostei","Osteichthyes"
"520","fishbase",0.01022,7e-05,12,239,"routine","none specified",2120,"Oncorhynchus","Salmoninae",1,1,"benthopelagic","Oncorhynchus mykiss","Salmonidae","Salmoniformes","Teleostei","Osteichthyes"
"521","fishbase",0.01855,7e-05,12,239,"routine","none specified",2120,"Oncorhynchus","Salmoninae",1,1,"benthopelagic","Oncorhynchus mykiss","Salmonidae","Salmoniformes","Teleostei","Osteichthyes"
"522","fishbase",0.03402,7e-05,12,239,"routine","none specified",2120,"Oncorhynchus","Salmoninae",1,1,"benthopelagic","Oncorhynchus mykiss","Salmonidae","Salmoniformes","Teleostei","Osteichthyes"
"523","fishbase",0.03598,7e-05,14,239,"routine","none specified",2120,"Oncorhynchus","Salmoninae",1,1,"benthopelagic","Oncorhynchus mykiss","Salmonidae","Salmoniformes","Teleostei","Osteichthyes"
"524","fishbase",0.03997,7e-05,16,239,"routine","none specified",2120,"Oncorhynchus","Salmoninae",1,1,"benthopelagic","Oncorhynchus mykiss","Salmonidae","Salmoniformes","Teleostei","Osteichthyes"
"525","fishbase",0.05502,7e-05,18,239,"routine","none specified",2120,"Oncorhynchus","Salmoninae",1,1,"benthopelagic","Oncorhynchus mykiss","Salmonidae","Salmoniformes","Teleostei","Osteichthyes"
"526","fishbase",0.007605,9e-05,4,239,"routine","none specified",2120,"Oncorhynchus","Salmoninae",1,1,"benthopelagic","Oncorhynchus mykiss","Salmonidae","Salmoniformes","Teleostei","Osteichthyes"
"527","fishbase",0.00954,9e-05,4,239,"routine","none specified",2120,"Oncorhynchus","Salmoninae",1,1,"benthopelagic","Oncorhynchus mykiss","Salmonidae","Salmoniformes","Teleostei","Osteichthyes"
"528","fishbase",0.03087,9e-05,12,239,"routine","none specified",2120,"Oncorhynchus","Salmoninae",1,1,"benthopelagic","Oncorhynchus mykiss","Salmonidae","Salmoniformes","Teleostei","Osteichthyes"
"529","fishbase",0.0329,0.00014,12,239,"routine","none specified",2120,"Oncorhynchus","Salmoninae",1,1,"benthopelagic","Oncorhynchus mykiss","Salmonidae","Salmoniformes","Teleostei","Osteichthyes"
"530","fishbase",0.04144,0.00014,12,239,"routine","none specified",2120,"Oncorhynchus","Salmoninae",1,1,"benthopelagic","Oncorhynchus mykiss","Salmonidae","Salmoniformes","Teleostei","Osteichthyes"
"531","fishbase",0.05474,0.00017,12,239,"routine","none specified",2120,"Oncorhynchus","Salmoninae",1,1,"benthopelagic","Oncorhynchus mykiss","Salmonidae","Salmoniformes","Teleostei","Osteichthyes"
"532","fishbase",0.05632,0.00022,12,239,"routine","none specified",2120,"Oncorhynchus","Salmoninae",1,1,"benthopelagic","Oncorhynchus mykiss","Salmonidae","Salmoniformes","Teleostei","Osteichthyes"
"533","fishbase",0.06666,0.00022,12,239,"routine","none specified",2120,"Oncorhynchus","Salmoninae",1,1,"benthopelagic","Oncorhynchus mykiss","Salmonidae","Salmoniformes","Teleostei","Osteichthyes"
"534","fishbase",0.04032,0.00028,4,239,"routine","none specified",2120,"Oncorhynchus","Salmoninae",1,1,"benthopelagic","Oncorhynchus mykiss","Salmonidae","Salmoniformes","Teleostei","Osteichthyes"
"535","fishbase",0.0543,3e-04,4,239,"routine","none specified",2120,"Oncorhynchus","Salmoninae",1,1,"benthopelagic","Oncorhynchus mykiss","Salmonidae","Salmoniformes","Teleostei","Osteichthyes"
"536","fishbase",0.0858,0.00039,4,239,"routine","none specified",2120,"Oncorhynchus","Salmoninae",1,1,"benthopelagic","Oncorhynchus mykiss","Salmonidae","Salmoniformes","Teleostei","Osteichthyes"
"537","fishbase",0.15252,0.00062,12,239,"routine","none specified",2120,"Oncorhynchus","Salmoninae",1,1,"benthopelagic","Oncorhynchus mykiss","Salmonidae","Salmoniformes","Teleostei","Osteichthyes"
"538","fishbase",0.08632,0.00083,4,239,"routine","none specified",2120,"Oncorhynchus","Salmoninae",1,1,"benthopelagic","Oncorhynchus mykiss","Salmonidae","Salmoniformes","Teleostei","Osteichthyes"
"539","fishbase",0.09711,0.00083,4,239,"routine","none specified",2120,"Oncorhynchus","Salmoninae",1,1,"benthopelagic","Oncorhynchus mykiss","Salmonidae","Salmoniformes","Teleostei","Osteichthyes"
"540","fishbase",0.13066,0.00094,12,239,"routine","none specified",2120,"Oncorhynchus","Salmoninae",1,1,"benthopelagic","Oncorhynchus mykiss","Salmonidae","Salmoniformes","Teleostei","Osteichthyes"
"541","fishbase",0.16356,0.00094,12,239,"routine","none specified",2120,"Oncorhynchus","Salmoninae",1,1,"benthopelagic","Oncorhynchus mykiss","Salmonidae","Salmoniformes","Teleostei","Osteichthyes"
"542","fishbase",0.081972,0.00099,4,239,"routine","none specified",2120,"Oncorhynchus","Salmoninae",1,1,"benthopelagic","Oncorhynchus mykiss","Salmonidae","Salmoniformes","Teleostei","Osteichthyes"
"543","fishbase",0.069195,0.00105,4,239,"routine","none specified",2120,"Oncorhynchus","Salmoninae",1,1,"benthopelagic","Oncorhynchus mykiss","Salmonidae","Salmoniformes","Teleostei","Osteichthyes"
"544","fishbase",0.539,0.0011,16,239,"routine","none specified",2120,"Oncorhynchus","Salmoninae",1,1,"benthopelagic","Oncorhynchus mykiss","Salmonidae","Salmoniformes","Teleostei","Osteichthyes"
"545","fishbase",0.5797,0.0011,18,239,"routine","none specified",2120,"Oncorhynchus","Salmoninae",1,1,"benthopelagic","Oncorhynchus mykiss","Salmonidae","Salmoniformes","Teleostei","Osteichthyes"
"546","fishbase",0.6996,0.0011,20,239,"routine","none specified",2120,"Oncorhynchus","Salmoninae",1,1,"benthopelagic","Oncorhynchus mykiss","Salmonidae","Salmoniformes","Teleostei","Osteichthyes"
"547","fishbase",0.2184,0.00112,12,239,"routine","none specified",2120,"Oncorhynchus","Salmoninae",1,1,"benthopelagic","Oncorhynchus mykiss","Salmonidae","Salmoniformes","Teleostei","Osteichthyes"
"548","fishbase",0.308,0.00112,12,239,"routine","none specified",2120,"Oncorhynchus","Salmoninae",1,1,"benthopelagic","Oncorhynchus mykiss","Salmonidae","Salmoniformes","Teleostei","Osteichthyes"
"549","fishbase",0.077894,0.00158,4,239,"routine","none specified",2120,"Oncorhynchus","Salmoninae",1,1,"benthopelagic","Oncorhynchus mykiss","Salmonidae","Salmoniformes","Teleostei","Osteichthyes"
"550","fishbase",0.23055,0.00265,4,239,"routine","none specified",2120,"Oncorhynchus","Salmoninae",1,1,"benthopelagic","Oncorhynchus mykiss","Salmonidae","Salmoniformes","Teleostei","Osteichthyes"
"551","fishbase",0.27846,0.00273,4,239,"routine","none specified",2120,"Oncorhynchus","Salmoninae",1,1,"benthopelagic","Oncorhynchus mykiss","Salmonidae","Salmoniformes","Teleostei","Osteichthyes"
"552","fishbase",0.447,0.00298,12,239,"routine","none specified",2120,"Oncorhynchus","Salmoninae",1,1,"benthopelagic","Oncorhynchus mykiss","Salmonidae","Salmoniformes","Teleostei","Osteichthyes"
"553","fishbase",0.6109,0.00298,12,239,"routine","none specified",2120,"Oncorhynchus","Salmoninae",1,1,"benthopelagic","Oncorhynchus mykiss","Salmonidae","Salmoniformes","Teleostei","Osteichthyes"
"554","fishbase",0.386057,0.00421,4,239,"routine","none specified",2120,"Oncorhynchus","Salmoninae",1,1,"benthopelagic","Oncorhynchus mykiss","Salmonidae","Salmoniformes","Teleostei","Osteichthyes"
"555","fishbase",0.45898,0.00433,4,239,"routine","none specified",2120,"Oncorhynchus","Salmoninae",1,1,"benthopelagic","Oncorhynchus mykiss","Salmonidae","Salmoniformes","Teleostei","Osteichthyes"
"556","fishbase",0.61102,0.00446,4,239,"routine","none specified",2120,"Oncorhynchus","Salmoninae",1,1,"benthopelagic","Oncorhynchus mykiss","Salmonidae","Salmoniformes","Teleostei","Osteichthyes"
"557","fishbase",1.01952,0.00472,12,239,"routine","none specified",2120,"Oncorhynchus","Salmoninae",1,1,"benthopelagic","Oncorhynchus mykiss","Salmonidae","Salmoniformes","Teleostei","Osteichthyes"
"558","fishbase",1.20832,0.00472,12,239,"routine","none specified",2120,"Oncorhynchus","Salmoninae",1,1,"benthopelagic","Oncorhynchus mykiss","Salmonidae","Salmoniformes","Teleostei","Osteichthyes"
"559","fishbase",1.39938,0.00562,12,239,"routine","none specified",2120,"Oncorhynchus","Salmoninae",1,1,"benthopelagic","Oncorhynchus mykiss","Salmonidae","Salmoniformes","Teleostei","Osteichthyes"
"560","fishbase",1.08171,0.00707,12,239,"routine","none specified",2120,"Oncorhynchus","Salmoninae",1,1,"benthopelagic","Oncorhynchus mykiss","Salmonidae","Salmoniformes","Teleostei","Osteichthyes"
"561","fishbase",0.586768,0.00728,4,239,"routine","none specified",2120,"Oncorhynchus","Salmoninae",1,1,"benthopelagic","Oncorhynchus mykiss","Salmonidae","Salmoniformes","Teleostei","Osteichthyes"
"562","fishbase",0.68432,0.00728,4,239,"routine","none specified",2120,"Oncorhynchus","Salmoninae",1,1,"benthopelagic","Oncorhynchus mykiss","Salmonidae","Salmoniformes","Teleostei","Osteichthyes"
"563","fishbase",1.29584,0.00728,12,239,"routine","none specified",2120,"Oncorhynchus","Salmoninae",1,1,"benthopelagic","Oncorhynchus mykiss","Salmonidae","Salmoniformes","Teleostei","Osteichthyes"
"564","fishbase",2.68,0.008,12,239,"routine","none specified",2120,"Oncorhynchus","Salmoninae",1,1,"benthopelagic","Oncorhynchus mykiss","Salmonidae","Salmoniformes","Teleostei","Osteichthyes"
"565","fishbase",3.648,0.008,14,239,"routine","none specified",2120,"Oncorhynchus","Salmoninae",1,1,"benthopelagic","Oncorhynchus mykiss","Salmonidae","Salmoniformes","Teleostei","Osteichthyes"
"566","fishbase",3.744,0.008,16,239,"routine","none specified",2120,"Oncorhynchus","Salmoninae",1,1,"benthopelagic","Oncorhynchus mykiss","Salmonidae","Salmoniformes","Teleostei","Osteichthyes"
"567","fishbase",2.356,0.0095,10,239,"routine","none specified",2120,"Oncorhynchus","Salmoninae",1,1,"benthopelagic","Oncorhynchus mykiss","Salmonidae","Salmoniformes","Teleostei","Osteichthyes"
"568","fishbase",4.5885,0.0095,18,239,"routine","none specified",2120,"Oncorhynchus","Salmoninae",1,1,"benthopelagic","Oncorhynchus mykiss","Salmonidae","Salmoniformes","Teleostei","Osteichthyes"
"569","fishbase",5.027,0.011,20,239,"routine","none specified",2120,"Oncorhynchus","Salmoninae",1,1,"benthopelagic","Oncorhynchus mykiss","Salmonidae","Salmoniformes","Teleostei","Osteichthyes"
"570","fishbase",3.16075,0.047,5,239,"standard","none specified",85173,"Oncorhynchus","Salmoninae",1,1,"benthopelagic","Oncorhynchus mykiss","Salmonidae","Salmoniformes","Teleostei","Osteichthyes"
"571","fishbase",6.82393,0.047,11,239,"standard","none specified",85173,"Oncorhynchus","Salmoninae",1,1,"benthopelagic","Oncorhynchus mykiss","Salmonidae","Salmoniformes","Teleostei","Osteichthyes"
"572","fishbase",6.24066,0.047,15,239,"standard","none specified",85173,"Oncorhynchus","Salmoninae",1,1,"benthopelagic","Oncorhynchus mykiss","Salmonidae","Salmoniformes","Teleostei","Osteichthyes"
"573","fishbase",10.0375,0.0803,15,239,"routine","none specified",2120,"Oncorhynchus","Salmoninae",1,1,"benthopelagic","Oncorhynchus mykiss","Salmonidae","Salmoniformes","Teleostei","Osteichthyes"
"574","fishbase",11.4026,0.0803,15,239,"routine","none specified",2120,"Oncorhynchus","Salmoninae",1,1,"benthopelagic","Oncorhynchus mykiss","Salmonidae","Salmoniformes","Teleostei","Osteichthyes"
"575","fishbase",13.5707,0.0803,15,239,"routine","none specified",2120,"Oncorhynchus","Salmoninae",1,1,"benthopelagic","Oncorhynchus mykiss","Salmonidae","Salmoniformes","Teleostei","Osteichthyes"
"576","fishbase",15.9797,0.0803,15,239,"routine","none specified",2120,"Oncorhynchus","Salmoninae",1,1,"benthopelagic","Oncorhynchus mykiss","Salmonidae","Salmoniformes","Teleostei","Osteichthyes"
"577","fishbase",19.1114,0.0803,15,239,"routine","none specified",2120,"Oncorhynchus","Salmoninae",1,1,"benthopelagic","Oncorhynchus mykiss","Salmonidae","Salmoniformes","Teleostei","Osteichthyes"
"578","fishbase",19.9144,0.0803,15,239,"routine","none specified",2120,"Oncorhynchus","Salmoninae",1,1,"benthopelagic","Oncorhynchus mykiss","Salmonidae","Salmoniformes","Teleostei","Osteichthyes"
"579","fishbase",11.56,0.085,12,239,"routine","none specified",2120,"Oncorhynchus","Salmoninae",1,1,"benthopelagic","Oncorhynchus mykiss","Salmonidae","Salmoniformes","Teleostei","Osteichthyes"
"580","fishbase",25.33,0.085,20,239,"routine","none specified",2120,"Oncorhynchus","Salmoninae",1,1,"benthopelagic","Oncorhynchus mykiss","Salmonidae","Salmoniformes","Teleostei","Osteichthyes"
"581","fishbase",6.46,0.1,5,239,"standard","none specified",2120,"Oncorhynchus","Salmoninae",1,1,"benthopelagic","Oncorhynchus mykiss","Salmonidae","Salmoniformes","Teleostei","Osteichthyes"
"582","fishbase",7.4,0.1,5,239,"standard","none specified",2120,"Oncorhynchus","Salmoninae",1,1,"benthopelagic","Oncorhynchus mykiss","Salmonidae","Salmoniformes","Teleostei","Osteichthyes"
"583","fishbase",5.01,0.1,15,239,"standard","none specified",2120,"Oncorhynchus","Salmoninae",1,1,"benthopelagic","Oncorhynchus mykiss","Salmonidae","Salmoniformes","Teleostei","Osteichthyes"
"584","fishbase",5.68,0.1,15,239,"standard","none specified",2120,"Oncorhynchus","Salmoninae",1,1,"benthopelagic","Oncorhynchus mykiss","Salmonidae","Salmoniformes","Teleostei","Osteichthyes"
"585","fishbase",6.35,0.1,15,239,"standard","none specified",2120,"Oncorhynchus","Salmoninae",1,1,"benthopelagic","Oncorhynchus mykiss","Salmonidae","Salmoniformes","Teleostei","Osteichthyes"
"586","fishbase",6.52,0.1,15,239,"standard","none specified",2120,"Oncorhynchus","Salmoninae",1,1,"benthopelagic","Oncorhynchus mykiss","Salmonidae","Salmoniformes","Teleostei","Osteichthyes"
"587","fishbase",6.85,0.1,15,239,"standard","none specified",2120,"Oncorhynchus","Salmoninae",1,1,"benthopelagic","Oncorhynchus mykiss","Salmonidae","Salmoniformes","Teleostei","Osteichthyes"
"588","fishbase",9.4,0.1,15,239,"standard","none specified",2120,"Oncorhynchus","Salmoninae",1,1,"benthopelagic","Oncorhynchus mykiss","Salmonidae","Salmoniformes","Teleostei","Osteichthyes"
"589","fishbase",12.7,0.1,15,239,"standard","none specified",2120,"Oncorhynchus","Salmoninae",1,1,"benthopelagic","Oncorhynchus mykiss","Salmonidae","Salmoniformes","Teleostei","Osteichthyes"
"590","fishbase",24.089,0.1105,16,239,"routine","none specified",2120,"Oncorhynchus","Salmoninae",1,1,"benthopelagic","Oncorhynchus mykiss","Salmonidae","Salmoniformes","Teleostei","Osteichthyes"
"591","fishbase",11.0055,0.115,12,239,"standard","none specified",2120,"Oncorhynchus","Salmoninae",1,1,"benthopelagic","Oncorhynchus mykiss","Salmonidae","Salmoniformes","Teleostei","Osteichthyes"
"592","fishbase",12.535,0.115,12,239,"standard","none specified",2120,"Oncorhynchus","Salmoninae",1,1,"benthopelagic","Oncorhynchus mykiss","Salmonidae","Salmoniformes","Teleostei","Osteichthyes"
"593","fishbase",9.26662,0.1154,14,239,"standard","none specified",2120,"Oncorhynchus","Salmoninae",1,1,"benthopelagic","Oncorhynchus mykiss","Salmonidae","Salmoniformes","Teleostei","Osteichthyes"
"594","fishbase",35.245,0.1325,18,239,"routine","none specified",2120,"Oncorhynchus","Salmoninae",1,1,"benthopelagic","Oncorhynchus mykiss","Salmonidae","Salmoniformes","Teleostei","Osteichthyes"
"595","fishbase",36.1085,0.1405,14,239,"routine","none specified",2120,"Oncorhynchus","Salmoninae",1,1,"benthopelagic","Oncorhynchus mykiss","Salmonidae","Salmoniformes","Teleostei","Osteichthyes"
"596","fishbase",18.9,0.15,10,239,"routine","none specified",2120,"Oncorhynchus","Salmoninae",1,1,"benthopelagic","Oncorhynchus mykiss","Salmonidae","Salmoniformes","Teleostei","Osteichthyes"
"597","fishbase",8.694,0.21,8.6,239,"standard","none specified",2120,"Oncorhynchus","Salmoninae",1,1,"benthopelagic","Oncorhynchus mykiss","Salmonidae","Salmoniformes","Teleostei","Osteichthyes"
"598","fishbase",9.282,0.21,8.6,239,"standard","none specified",2120,"Oncorhynchus","Salmoninae",1,1,"benthopelagic","Oncorhynchus mykiss","Salmonidae","Salmoniformes","Teleostei","Osteichthyes"
"599","fishbase",9.891,0.21,8.6,239,"standard","none specified",2120,"Oncorhynchus","Salmoninae",1,1,"benthopelagic","Oncorhynchus mykiss","Salmonidae","Salmoniformes","Teleostei","Osteichthyes"
"600","fishbase",10.038,0.21,8.6,239,"standard","none specified",2120,"Oncorhynchus","Salmoninae",1,1,"benthopelagic","Oncorhynchus mykiss","Salmonidae","Salmoniformes","Teleostei","Osteichthyes"
"601","fishbase",10.353,0.21,8.6,239,"standard","none specified",2120,"Oncorhynchus","Salmoninae",1,1,"benthopelagic","Oncorhynchus mykiss","Salmonidae","Salmoniformes","Teleostei","Osteichthyes"
"602","fishbase",10.542,0.21,8.6,239,"standard","none specified",2120,"Oncorhynchus","Salmoninae",1,1,"benthopelagic","Oncorhynchus mykiss","Salmonidae","Salmoniformes","Teleostei","Osteichthyes"
"603","fishbase",10.605,0.21,8.6,239,"standard","none specified",2120,"Oncorhynchus","Salmoninae",1,1,"benthopelagic","Oncorhynchus mykiss","Salmonidae","Salmoniformes","Teleostei","Osteichthyes"
"604","fishbase",11.004,0.21,8.6,239,"standard","none specified",2120,"Oncorhynchus","Salmoninae",1,1,"benthopelagic","Oncorhynchus mykiss","Salmonidae","Salmoniformes","Teleostei","Osteichthyes"
"605","fishbase",11.13,0.21,8.6,239,"standard","none specified",2120,"Oncorhynchus","Salmoninae",1,1,"benthopelagic","Oncorhynchus mykiss","Salmonidae","Salmoniformes","Teleostei","Osteichthyes"
"606","fishbase",11.298,0.21,8.6,239,"standard","none specified",2120,"Oncorhynchus","Salmoninae",1,1,"benthopelagic","Oncorhynchus mykiss","Salmonidae","Salmoniformes","Teleostei","Osteichthyes"
"607","fishbase",11.424,0.21,8.6,239,"standard","none specified",2120,"Oncorhynchus","Salmoninae",1,1,"benthopelagic","Oncorhynchus mykiss","Salmonidae","Salmoniformes","Teleostei","Osteichthyes"
"608","fishbase",12.033,0.21,8.6,239,"standard","none specified",2120,"Oncorhynchus","Salmoninae",1,1,"benthopelagic","Oncorhynchus mykiss","Salmonidae","Salmoniformes","Teleostei","Osteichthyes"
"609","fishbase",12.516,0.21,8.6,239,"standard","none specified",2120,"Oncorhynchus","Salmoninae",1,1,"benthopelagic","Oncorhynchus mykiss","Salmonidae","Salmoniformes","Teleostei","Osteichthyes"
"610","fishbase",12.81,0.21,8.6,239,"standard","none specified",2120,"Oncorhynchus","Salmoninae",1,1,"benthopelagic","Oncorhynchus mykiss","Salmonidae","Salmoniformes","Teleostei","Osteichthyes"
"611","fishbase",13.377,0.21,8.6,239,"standard","none specified",2120,"Oncorhynchus","Salmoninae",1,1,"benthopelagic","Oncorhynchus mykiss","Salmonidae","Salmoniformes","Teleostei","Osteichthyes"
"612","fishbase",13.608,0.21,8.6,239,"standard","none specified",2120,"Oncorhynchus","Salmoninae",1,1,"benthopelagic","Oncorhynchus mykiss","Salmonidae","Salmoniformes","Teleostei","Osteichthyes"
"613","fishbase",14.343,0.21,8.6,239,"standard","none specified",2120,"Oncorhynchus","Salmoninae",1,1,"benthopelagic","Oncorhynchus mykiss","Salmonidae","Salmoniformes","Teleostei","Osteichthyes"
"614","fishbase",15.939,0.21,8.6,239,"standard","none specified",2120,"Oncorhynchus","Salmoninae",1,1,"benthopelagic","Oncorhynchus mykiss","Salmonidae","Salmoniformes","Teleostei","Osteichthyes"
"615","fishbase",12.0001,0.217,8.6,239,"standard","none specified",2120,"Oncorhynchus","Salmoninae",1,1,"benthopelagic","Oncorhynchus mykiss","Salmonidae","Salmoniformes","Teleostei","Osteichthyes"
"616","fishbase",9.7882,0.218,12,239,"standard","none specified",2120,"Oncorhynchus","Salmoninae",1,1,"benthopelagic","Oncorhynchus mykiss","Salmonidae","Salmoniformes","Teleostei","Osteichthyes"
"617","fishbase",16.3593,0.219,8,239,"standard","none specified",2120,"Oncorhynchus","Salmoninae",1,1,"benthopelagic","Oncorhynchus mykiss","Salmonidae","Salmoniformes","Teleostei","Osteichthyes"
"618","fishbase",15.7024,0.224,8,239,"standard","none specified",2120,"Oncorhynchus","Salmoninae",1,1,"benthopelagic","Oncorhynchus mykiss","Salmonidae","Salmoniformes","Teleostei","Osteichthyes"
"619","fishbase",21.015,0.225,15,239,"standard","none specified",2120,"Oncorhynchus","Salmoninae",1,1,"benthopelagic","Oncorhynchus mykiss","Salmonidae","Salmoniformes","Teleostei","Osteichthyes"
"620","fishbase",21.1275,0.225,15,239,"standard","none specified",2120,"Oncorhynchus","Salmoninae",1,1,"benthopelagic","Oncorhynchus mykiss","Salmonidae","Salmoniformes","Teleostei","Osteichthyes"
"621","fishbase",21.7125,0.225,15,239,"standard","none specified",2120,"Oncorhynchus","Salmoninae",1,1,"benthopelagic","Oncorhynchus mykiss","Salmonidae","Salmoniformes","Teleostei","Osteichthyes"
"622","fishbase",23.175,0.225,15,239,"standard","none specified",2120,"Oncorhynchus","Salmoninae",1,1,"benthopelagic","Oncorhynchus mykiss","Salmonidae","Salmoniformes","Teleostei","Osteichthyes"
"623","fishbase",16.9456,0.238,8,239,"standard","none specified",2120,"Oncorhynchus","Salmoninae",1,1,"benthopelagic","Oncorhynchus mykiss","Salmonidae","Salmoniformes","Teleostei","Osteichthyes"
"624","fishbase",11.2095,0.265,8.8,239,"standard","none specified",2120,"Oncorhynchus","Salmoninae",1,1,"benthopelagic","Oncorhynchus mykiss","Salmonidae","Salmoniformes","Teleostei","Osteichthyes"
"625","fishbase",22.7376,0.288,15,239,"standard","none specified",2120,"Oncorhynchus","Salmoninae",1,1,"benthopelagic","Oncorhynchus mykiss","Salmonidae","Salmoniformes","Teleostei","Osteichthyes"
"626","fishbase",29.25,0.3,15,239,"routine","none specified",2120,"Oncorhynchus","Salmoninae",1,1,"benthopelagic","Oncorhynchus mykiss","Salmonidae","Salmoniformes","Teleostei","Osteichthyes"
"627","fishbase",24.115,0.35,10,239,"standard","none specified",2120,"Oncorhynchus","Salmoninae",1,1,"benthopelagic","Oncorhynchus mykiss","Salmonidae","Salmoniformes","Teleostei","Osteichthyes"
"628","fishbase",28.945,0.35,10,239,"standard","none specified",2120,"Oncorhynchus","Salmoninae",1,1,"benthopelagic","Oncorhynchus mykiss","Salmonidae","Salmoniformes","Teleostei","Osteichthyes"
"629","fishbase",30.45,0.35,10,239,"standard","none specified",2120,"Oncorhynchus","Salmoninae",1,1,"benthopelagic","Oncorhynchus mykiss","Salmonidae","Salmoniformes","Teleostei","Osteichthyes"
"630","fishbase",31.955,0.35,10,239,"standard","none specified",2120,"Oncorhynchus","Salmoninae",1,1,"benthopelagic","Oncorhynchus mykiss","Salmonidae","Salmoniformes","Teleostei","Osteichthyes"
"631","fishbase",35.35,0.35,10,239,"standard","none specified",2120,"Oncorhynchus","Salmoninae",1,1,"benthopelagic","Oncorhynchus mykiss","Salmonidae","Salmoniformes","Teleostei","Osteichthyes"
"632","fishbase",38.15,0.35,10,239,"standard","none specified",2120,"Oncorhynchus","Salmoninae",1,1,"benthopelagic","Oncorhynchus mykiss","Salmonidae","Salmoniformes","Teleostei","Osteichthyes"
"633","fishbase",17.55,0.45,5,239,"standard","none specified",2120,"Oncorhynchus","Salmoninae",1,1,"benthopelagic","Oncorhynchus mykiss","Salmonidae","Salmoniformes","Teleostei","Osteichthyes"
"634","fishbase",27.65,0.5,13.5,239,"standard","none specified",2120,"Oncorhynchus","Salmoninae",1,1,"benthopelagic","Oncorhynchus mykiss","Salmonidae","Salmoniformes","Teleostei","Osteichthyes"
"635","fishbase",30.3,0.5,13.5,239,"standard","none specified",2120,"Oncorhynchus","Salmoninae",1,1,"benthopelagic","Oncorhynchus mykiss","Salmonidae","Salmoniformes","Teleostei","Osteichthyes"
"636","fishbase",31.2,0.5,13.5,239,"standard","none specified",2120,"Oncorhynchus","Salmoninae",1,1,"benthopelagic","Oncorhynchus mykiss","Salmonidae","Salmoniformes","Teleostei","Osteichthyes"
"637","fishbase",32.95,0.5,13.5,239,"standard","none specified",2120,"Oncorhynchus","Salmoninae",1,1,"benthopelagic","Oncorhynchus mykiss","Salmonidae","Salmoniformes","Teleostei","Osteichthyes"
"638","fishbase",42.65,0.5,13.5,239,"standard","none specified",2120,"Oncorhynchus","Salmoninae",1,1,"benthopelagic","Oncorhynchus mykiss","Salmonidae","Salmoniformes","Teleostei","Osteichthyes"
"639","fishbase",35.05,0.5,15,239,"standard","none specified",2120,"Oncorhynchus","Salmoninae",1,1,"benthopelagic","Oncorhynchus mykiss","Salmonidae","Salmoniformes","Teleostei","Osteichthyes"
"640","fishbase",35.4,0.5,15,239,"standard","none specified",2120,"Oncorhynchus","Salmoninae",1,1,"benthopelagic","Oncorhynchus mykiss","Salmonidae","Salmoniformes","Teleostei","Osteichthyes"
"641","fishbase",35.9,0.5,15,239,"standard","none specified",2120,"Oncorhynchus","Salmoninae",1,1,"benthopelagic","Oncorhynchus mykiss","Salmonidae","Salmoniformes","Teleostei","Osteichthyes"
"642","fishbase",56.65,0.515,16,239,"standard","none specified",2120,"Oncorhynchus","Salmoninae",1,1,"benthopelagic","Oncorhynchus mykiss","Salmonidae","Salmoniformes","Teleostei","Osteichthyes"
"643","fishbase",64.375,0.515,18,239,"standard","none specified",2120,"Oncorhynchus","Salmoninae",1,1,"benthopelagic","Oncorhynchus mykiss","Salmonidae","Salmoniformes","Teleostei","Osteichthyes"
"644","fishbase",77.25,0.515,20,239,"standard","none specified",2120,"Oncorhynchus","Salmoninae",1,1,"benthopelagic","Oncorhynchus mykiss","Salmonidae","Salmoniformes","Teleostei","Osteichthyes"
"645","fishbase",108.15,0.515,22,239,"standard","none specified",2120,"Oncorhynchus","Salmoninae",1,1,"benthopelagic","Oncorhynchus mykiss","Salmonidae","Salmoniformes","Teleostei","Osteichthyes"
"646","fishbase",151.925,0.515,24,239,"standard","none specified",2120,"Oncorhynchus","Salmoninae",1,1,"benthopelagic","Oncorhynchus mykiss","Salmonidae","Salmoniformes","Teleostei","Osteichthyes"
"647","fishbase",139.05,0.515,25,239,"standard","none specified",2120,"Oncorhynchus","Salmoninae",1,1,"benthopelagic","Oncorhynchus mykiss","Salmonidae","Salmoniformes","Teleostei","Osteichthyes"
"648","fishbase",141.625,0.515,26,239,"standard","none specified",2120,"Oncorhynchus","Salmoninae",1,1,"benthopelagic","Oncorhynchus mykiss","Salmonidae","Salmoniformes","Teleostei","Osteichthyes"
"649","fishbase",47.799,0.565,15,239,"standard","none specified",2120,"Oncorhynchus","Salmoninae",1,1,"benthopelagic","Oncorhynchus mykiss","Salmonidae","Salmoniformes","Teleostei","Osteichthyes"
"650","fishbase",44.3275,0.595,15,239,"standard","none specified",2120,"Oncorhynchus","Salmoninae",1,1,"benthopelagic","Oncorhynchus mykiss","Salmonidae","Salmoniformes","Teleostei","Osteichthyes"
"651","fishbase",54.95,0.7,15,239,"standard","none specified",2120,"Oncorhynchus","Salmoninae",1,1,"benthopelagic","Oncorhynchus mykiss","Salmonidae","Salmoniformes","Teleostei","Osteichthyes"
"652","fishbase",74.2656,0.768,15,239,"standard","none specified",2120,"Oncorhynchus","Salmoninae",1,1,"benthopelagic","Oncorhynchus mykiss","Salmonidae","Salmoniformes","Teleostei","Osteichthyes"
"653","fishbase",82.944,0.768,15,239,"standard","none specified",2120,"Oncorhynchus","Salmoninae",1,1,"benthopelagic","Oncorhynchus mykiss","Salmonidae","Salmoniformes","Teleostei","Osteichthyes"
"654","fishbase",94.464,0.768,15,239,"standard","none specified",2120,"Oncorhynchus","Salmoninae",1,1,"benthopelagic","Oncorhynchus mykiss","Salmonidae","Salmoniformes","Teleostei","Osteichthyes"
"655","fishbase",96,0.768,15,239,"standard","none specified",2120,"Oncorhynchus","Salmoninae",1,1,"benthopelagic","Oncorhynchus mykiss","Salmonidae","Salmoniformes","Teleostei","Osteichthyes"
"656","fishbase",57.6,1.2,10,239,"standard","none specified",2120,"Oncorhynchus","Salmoninae",1,1,"benthopelagic","Oncorhynchus mykiss","Salmonidae","Salmoniformes","Teleostei","Osteichthyes"
"657","fishbase",0.7774,0.00338,15,243,"standard","none specified",2120,"Oncorhynchus","Salmoninae",1,1,"pelagic","Oncorhynchus nerka","Salmonidae","Salmoniformes","Teleostei","Osteichthyes"
"658","fishbase",0.37605,0.00345,20,243,"routine","none specified",2120,"Oncorhynchus","Salmoninae",1,1,"pelagic","Oncorhynchus nerka","Salmonidae","Salmoniformes","Teleostei","Osteichthyes"
"659","fishbase",0.9317,0.00847,15,243,"standard","none specified",2120,"Oncorhynchus","Salmoninae",1,1,"pelagic","Oncorhynchus nerka","Salmonidae","Salmoniformes","Teleostei","Osteichthyes"
"660","fishbase",0.764604,0.00951,15,243,"routine","none specified",2120,"Oncorhynchus","Salmoninae",1,1,"pelagic","Oncorhynchus nerka","Salmonidae","Salmoniformes","Teleostei","Osteichthyes"
"661","fishbase",0.830223,0.00951,15,243,"routine","none specified",2120,"Oncorhynchus","Salmoninae",1,1,"pelagic","Oncorhynchus nerka","Salmonidae","Salmoniformes","Teleostei","Osteichthyes"
"662","fishbase",0.716742,0.01021,10,243,"routine","none specified",2120,"Oncorhynchus","Salmoninae",1,1,"pelagic","Oncorhynchus nerka","Salmonidae","Salmoniformes","Teleostei","Osteichthyes"
"663","fishbase",0.835178,0.01021,10,243,"routine","none specified",2120,"Oncorhynchus","Salmoninae",1,1,"pelagic","Oncorhynchus nerka","Salmonidae","Salmoniformes","Teleostei","Osteichthyes"
"664","fishbase",2.4257,0.0191,15,243,"standard","none specified",2120,"Oncorhynchus","Salmoninae",1,1,"pelagic","Oncorhynchus nerka","Salmonidae","Salmoniformes","Teleostei","Osteichthyes"
"665","fishbase",7.946,0.029,15,243,"routine","none specified",2120,"Oncorhynchus","Salmoninae",1,1,"pelagic","Oncorhynchus nerka","Salmonidae","Salmoniformes","Teleostei","Osteichthyes"
"666","fishbase",1.974,0.0329,10,243,"standard","none specified",2120,"Oncorhynchus","Salmoninae",1,1,"pelagic","Oncorhynchus nerka","Salmonidae","Salmoniformes","Teleostei","Osteichthyes"
"667","fishbase",1.5047,0.0367,5,243,"standard","none specified",2120,"Oncorhynchus","Salmoninae",1,1,"pelagic","Oncorhynchus nerka","Salmonidae","Salmoniformes","Teleostei","Osteichthyes"
"668","fishbase",1.92465,0.047,5,243,"standard","none specified",85173,"Oncorhynchus","Salmoninae",1,1,"pelagic","Oncorhynchus nerka","Salmonidae","Salmoniformes","Teleostei","Osteichthyes"
"669","fishbase",4.06033,0.047,15,243,"standard","none specified",85173,"Oncorhynchus","Salmoninae",1,1,"pelagic","Oncorhynchus nerka","Salmonidae","Salmoniformes","Teleostei","Osteichthyes"
"670","fishbase",5.5413,0.047,20,243,"standard","none specified",85173,"Oncorhynchus","Salmoninae",1,1,"pelagic","Oncorhynchus nerka","Salmonidae","Salmoniformes","Teleostei","Osteichthyes"
"671","fishbase",10.2312,0.0522,25,243,"standard","none specified",2120,"Oncorhynchus","Salmoninae",1,1,"pelagic","Oncorhynchus nerka","Salmonidae","Salmoniformes","Teleostei","Osteichthyes"
"672","fishbase",3.9192,0.0552,15,243,"standard","none specified",2120,"Oncorhynchus","Salmoninae",1,1,"pelagic","Oncorhynchus nerka","Salmonidae","Salmoniformes","Teleostei","Osteichthyes"
"673","fishbase",7.512,0.0626,20,243,"standard","none specified",2120,"Oncorhynchus","Salmoninae",1,1,"pelagic","Oncorhynchus nerka","Salmonidae","Salmoniformes","Teleostei","Osteichthyes"
"674","fishbase",8.29,0.1,15,243,"standard","none specified",2203,"Oncorhynchus","Salmoninae",1,1,"pelagic","Oncorhynchus nerka","Salmonidae","Salmoniformes","Teleostei","Osteichthyes"
"675","fishbase",22.176,0.264,10.5,243,"standard","none specified",2120,"Oncorhynchus","Salmoninae",1,1,"pelagic","Oncorhynchus nerka","Salmonidae","Salmoniformes","Teleostei","Osteichthyes"
"676","fishbase",52.966,0.746,15,243,"standard","none specified",2120,"Oncorhynchus","Salmoninae",1,1,"pelagic","Oncorhynchus nerka","Salmonidae","Salmoniformes","Teleostei","Osteichthyes"
"677","fishbase",63.008,1.432,15,243,"standard","none specified",2120,"Oncorhynchus","Salmoninae",1,1,"pelagic","Oncorhynchus nerka","Salmonidae","Salmoniformes","Teleostei","Osteichthyes"
"678","fishbase",4.472,0.026,16,244,"routine","none specified",2203,"Oncorhynchus","Salmoninae",1,1,"benthopelagic","Oncorhynchus tshawytscha","Salmonidae","Salmoniformes","Teleostei","Osteichthyes"
"780","fishbase",10.7312,0.0706,18.1,258,"routine","none specified",2093,"Esox",NA,1,0,"pelagic","Esox lucius","Esocidae","Esociformes","Teleostei","Osteichthyes"
"781","fishbase",17.81,0.13,20,258,"routine","none specified",2093,"Esox",NA,1,0,"pelagic","Esox lucius","Esocidae","Esociformes","Teleostei","Osteichthyes"
"782","fishbase",14.3,0.25,15,258,"routine","none specified",2093,"Esox",NA,1,0,"pelagic","Esox lucius","Esocidae","Esociformes","Teleostei","Osteichthyes"
"783","fishbase",18.55,0.265,10,258,"routine","none specified",2093,"Esox",NA,1,0,"pelagic","Esox lucius","Esocidae","Esociformes","Teleostei","Osteichthyes"
"784","fishbase",33.32,0.28,18,258,"routine","none specified",2093,"Esox",NA,1,0,"pelagic","Esox lucius","Esocidae","Esociformes","Teleostei","Osteichthyes"
"785","fishbase",11.7,0.6,5,258,"standard","none specified",2120,"Esox",NA,1,0,"pelagic","Esox lucius","Esocidae","Esociformes","Teleostei","Osteichthyes"
"786","fishbase",23.88,0.6,10,258,"standard","none specified",2120,"Esox",NA,1,0,"pelagic","Esox lucius","Esocidae","Esociformes","Teleostei","Osteichthyes"
"787","fishbase",48.253,0.661,13.5,258,"routine","none specified",2093,"Esox",NA,1,0,"pelagic","Esox lucius","Esocidae","Esociformes","Teleostei","Osteichthyes"
"788","fishbase",58.004,0.68,15,258,"routine","none specified",2093,"Esox",NA,1,0,"pelagic","Esox lucius","Esocidae","Esociformes","Teleostei","Osteichthyes"
"789","fishbase",120.25,1.85,15,258,"routine","none specified",2093,"Esox",NA,1,0,"pelagic","Esox lucius","Esocidae","Esociformes","Teleostei","Osteichthyes"
"790","fishbase",1.13152,0.00034,30,263,"routine","none specified",2120,"Colossoma","Colossomatinae",0,0,"benthopelagic","Colossoma macropomum","Serrasalmidae","Characiformes","Teleostei","Osteichthyes"
"791","fishbase",1.41071,0.00049,30,263,"routine","none specified",2120,"Colossoma","Colossomatinae",0,0,"benthopelagic","Colossoma macropomum","Serrasalmidae","Characiformes","Teleostei","Osteichthyes"
"792","fishbase",1.17786,0.00067,25,263,"routine","none specified",2120,"Colossoma","Colossomatinae",0,0,"benthopelagic","Colossoma macropomum","Serrasalmidae","Characiformes","Teleostei","Osteichthyes"
"793","fishbase",1.3544,8e-04,30,263,"routine","none specified",2120,"Colossoma","Colossomatinae",0,0,"benthopelagic","Colossoma macropomum","Serrasalmidae","Characiformes","Teleostei","Osteichthyes"
"794","fishbase",1.06088,0.00089,25,263,"routine","none specified",2120,"Colossoma","Colossomatinae",0,0,"benthopelagic","Colossoma macropomum","Serrasalmidae","Characiformes","Teleostei","Osteichthyes"
"795","fishbase",1.46016,0.00096,30,263,"routine","none specified",2120,"Colossoma","Colossomatinae",0,0,"benthopelagic","Colossoma macropomum","Serrasalmidae","Characiformes","Teleostei","Osteichthyes"
"796","fishbase",1.63,0.001,25,263,"routine","none specified",2120,"Colossoma","Colossomatinae",0,0,"benthopelagic","Colossoma macropomum","Serrasalmidae","Characiformes","Teleostei","Osteichthyes"
"797","fishbase",2.46956,0.00107,30,263,"routine","none specified",2120,"Colossoma","Colossomatinae",0,0,"benthopelagic","Colossoma macropomum","Serrasalmidae","Characiformes","Teleostei","Osteichthyes"
"798","fishbase",1.16772,0.00111,30,263,"routine","none specified",2120,"Colossoma","Colossomatinae",0,0,"benthopelagic","Colossoma macropomum","Serrasalmidae","Characiformes","Teleostei","Osteichthyes"
"799","fishbase",1.80404,0.00119,30,263,"routine","none specified",2120,"Colossoma","Colossomatinae",0,0,"benthopelagic","Colossoma macropomum","Serrasalmidae","Characiformes","Teleostei","Osteichthyes"
"800","fishbase",1.0296,0.00132,25,263,"routine","none specified",2120,"Colossoma","Colossomatinae",0,0,"benthopelagic","Colossoma macropomum","Serrasalmidae","Characiformes","Teleostei","Osteichthyes"
"801","fishbase",1.5114,0.00132,30,263,"routine","none specified",2120,"Colossoma","Colossomatinae",0,0,"benthopelagic","Colossoma macropomum","Serrasalmidae","Characiformes","Teleostei","Osteichthyes"
"802","fishbase",1.7399,0.00137,30,263,"routine","none specified",2120,"Colossoma","Colossomatinae",0,0,"benthopelagic","Colossoma macropomum","Serrasalmidae","Characiformes","Teleostei","Osteichthyes"
"803","fishbase",1.74496,0.00164,25,263,"routine","none specified",2120,"Colossoma","Colossomatinae",0,0,"benthopelagic","Colossoma macropomum","Serrasalmidae","Characiformes","Teleostei","Osteichthyes"
"804","fishbase",1.59797,0.00199,30,263,"routine","none specified",2120,"Colossoma","Colossomatinae",0,0,"benthopelagic","Colossoma macropomum","Serrasalmidae","Characiformes","Teleostei","Osteichthyes"
"805","fishbase",1.62756,0.00274,30,263,"routine","none specified",2120,"Colossoma","Colossomatinae",0,0,"benthopelagic","Colossoma macropomum","Serrasalmidae","Characiformes","Teleostei","Osteichthyes"
"806","fishbase",2.3064,0.0031,30,263,"routine","none specified",2120,"Colossoma","Colossomatinae",0,0,"benthopelagic","Colossoma macropomum","Serrasalmidae","Characiformes","Teleostei","Osteichthyes"
"807","fishbase",2.47475,0.00475,25,263,"routine","none specified",2120,"Colossoma","Colossomatinae",0,0,"benthopelagic","Colossoma macropomum","Serrasalmidae","Characiformes","Teleostei","Osteichthyes"
"808","fishbase",2.94975,0.00475,25,263,"routine","none specified",2120,"Colossoma","Colossomatinae",0,0,"benthopelagic","Colossoma macropomum","Serrasalmidae","Characiformes","Teleostei","Osteichthyes"
"809","fishbase",1.87497,0.00753,25,263,"routine","none specified",2120,"Colossoma","Colossomatinae",0,0,"benthopelagic","Colossoma macropomum","Serrasalmidae","Characiformes","Teleostei","Osteichthyes"
"810","fishbase",2.65302,0.00867,25,263,"routine","none specified",2120,"Colossoma","Colossomatinae",0,0,"benthopelagic","Colossoma macropomum","Serrasalmidae","Characiformes","Teleostei","Osteichthyes"
"811","fishbase",3.51135,0.00867,25,263,"routine","none specified",2120,"Colossoma","Colossomatinae",0,0,"benthopelagic","Colossoma macropomum","Serrasalmidae","Characiformes","Teleostei","Osteichthyes"
"812","fishbase",2.94872,0.00899,25,263,"routine","none specified",2120,"Colossoma","Colossomatinae",0,0,"benthopelagic","Colossoma macropomum","Serrasalmidae","Characiformes","Teleostei","Osteichthyes"
"813","fishbase",20.055,0.021,30,263,"routine","none specified",2120,"Colossoma","Colossomatinae",0,0,"benthopelagic","Colossoma macropomum","Serrasalmidae","Characiformes","Teleostei","Osteichthyes"
"814","fishbase",6.5836,0.0218,25,263,"routine","none specified",2120,"Colossoma","Colossomatinae",0,0,"benthopelagic","Colossoma macropomum","Serrasalmidae","Characiformes","Teleostei","Osteichthyes"
"815","fishbase",9.317,0.0242,30,263,"routine","none specified",2120,"Colossoma","Colossomatinae",0,0,"benthopelagic","Colossoma macropomum","Serrasalmidae","Characiformes","Teleostei","Osteichthyes"
"816","fishbase",16.8432,0.0242,30,263,"routine","none specified",2120,"Colossoma","Colossomatinae",0,0,"benthopelagic","Colossoma macropomum","Serrasalmidae","Characiformes","Teleostei","Osteichthyes"
"817","fishbase",15.184,0.026,30,263,"routine","none specified",2120,"Colossoma","Colossomatinae",0,0,"benthopelagic","Colossoma macropomum","Serrasalmidae","Characiformes","Teleostei","Osteichthyes"
"818","fishbase",11.116,0.028,30,263,"routine","none specified",2120,"Colossoma","Colossomatinae",0,0,"benthopelagic","Colossoma macropomum","Serrasalmidae","Characiformes","Teleostei","Osteichthyes"
"819","fishbase",11.87126,0.047,25,263,"standard","none specified",85173,"Colossoma","Colossomatinae",0,0,"benthopelagic","Colossoma macropomum","Serrasalmidae","Characiformes","Teleostei","Osteichthyes"
"820","fishbase",18.21814,0.047,30,263,"standard","none specified",85173,"Colossoma","Colossomatinae",0,0,"benthopelagic","Colossoma macropomum","Serrasalmidae","Characiformes","Teleostei","Osteichthyes"
"821","fishbase",12.08981047,0.047,35,263,"standard","none specified",85173,"Colossoma","Colossomatinae",0,0,"benthopelagic","Colossoma macropomum","Serrasalmidae","Characiformes","Teleostei","Osteichthyes"
"822","fishbase",32.718,0.0492,30,263,"routine","none specified",2120,"Colossoma","Colossomatinae",0,0,"benthopelagic","Colossoma macropomum","Serrasalmidae","Characiformes","Teleostei","Osteichthyes"
"823","fishbase",28.416,0.111,30,263,"routine","none specified",2120,"Colossoma","Colossomatinae",0,0,"benthopelagic","Colossoma macropomum","Serrasalmidae","Characiformes","Teleostei","Osteichthyes"
"824","fishbase",31.556,0.196,30,263,"routine","none specified",2120,"Colossoma","Colossomatinae",0,0,"benthopelagic","Colossoma macropomum","Serrasalmidae","Characiformes","Teleostei","Osteichthyes"
"825","fishbase",30.45,0.21,25,263,"routine","none specified",2120,"Colossoma","Colossomatinae",0,0,"benthopelagic","Colossoma macropomum","Serrasalmidae","Characiformes","Teleostei","Osteichthyes"
"826","fishbase",37.59,0.21,30,263,"routine","none specified",2120,"Colossoma","Colossomatinae",0,0,"benthopelagic","Colossoma macropomum","Serrasalmidae","Characiformes","Teleostei","Osteichthyes"
"827","fishbase",44.73,0.21,30,263,"routine","none specified",2120,"Colossoma","Colossomatinae",0,0,"benthopelagic","Colossoma macropomum","Serrasalmidae","Characiformes","Teleostei","Osteichthyes"
"828","fishbase",41.624,0.242,25,263,"routine","none specified",2120,"Colossoma","Colossomatinae",0,0,"benthopelagic","Colossoma macropomum","Serrasalmidae","Characiformes","Teleostei","Osteichthyes"
"829","fishbase",72.828,0.289,30,263,"routine","none specified",2120,"Colossoma","Colossomatinae",0,0,"benthopelagic","Colossoma macropomum","Serrasalmidae","Characiformes","Teleostei","Osteichthyes"
"830","fishbase",43.148,0.322,25,263,"routine","none specified",2120,"Colossoma","Colossomatinae",0,0,"benthopelagic","Colossoma macropomum","Serrasalmidae","Characiformes","Teleostei","Osteichthyes"
"831","fishbase",75.538,0.358,30,263,"routine","none specified",2120,"Colossoma","Colossomatinae",0,0,"benthopelagic","Colossoma macropomum","Serrasalmidae","Characiformes","Teleostei","Osteichthyes"
"832","fishbase",49.714,0.371,25,263,"routine","none specified",2120,"Colossoma","Colossomatinae",0,0,"benthopelagic","Colossoma macropomum","Serrasalmidae","Characiformes","Teleostei","Osteichthyes"
"833","fishbase",65.664,0.384,30,263,"routine","none specified",2120,"Colossoma","Colossomatinae",0,0,"benthopelagic","Colossoma macropomum","Serrasalmidae","Characiformes","Teleostei","Osteichthyes"
"834","fishbase",84.048,0.412,30,263,"routine","none specified",2120,"Colossoma","Colossomatinae",0,0,"benthopelagic","Colossoma macropomum","Serrasalmidae","Characiformes","Teleostei","Osteichthyes"
"835","fishbase",55.1,0.475,25,263,"routine","none specified",2120,"Colossoma","Colossomatinae",0,0,"benthopelagic","Colossoma macropomum","Serrasalmidae","Characiformes","Teleostei","Osteichthyes"
"836","fishbase",84.075,0.475,30,263,"routine","none specified",2120,"Colossoma","Colossomatinae",0,0,"benthopelagic","Colossoma macropomum","Serrasalmidae","Characiformes","Teleostei","Osteichthyes"
"837","fishbase",48.0192,0.492,25,263,"routine","none specified",2120,"Colossoma","Colossomatinae",0,0,"benthopelagic","Colossoma macropomum","Serrasalmidae","Characiformes","Teleostei","Osteichthyes"
"838","fishbase",55.08,0.51,25,263,"routine","none specified",2120,"Colossoma","Colossomatinae",0,0,"benthopelagic","Colossoma macropomum","Serrasalmidae","Characiformes","Teleostei","Osteichthyes"
"839","fishbase",84.15,0.51,30,263,"routine","none specified",2120,"Colossoma","Colossomatinae",0,0,"benthopelagic","Colossoma macropomum","Serrasalmidae","Characiformes","Teleostei","Osteichthyes"
"840","fishbase",57.132,0.529,30,263,"routine","none specified",2120,"Colossoma","Colossomatinae",0,0,"benthopelagic","Colossoma macropomum","Serrasalmidae","Characiformes","Teleostei","Osteichthyes"
"841","fishbase",61.376,0.548,25,263,"routine","none specified",2120,"Colossoma","Colossomatinae",0,0,"benthopelagic","Colossoma macropomum","Serrasalmidae","Characiformes","Teleostei","Osteichthyes"
"842","fishbase",111.244,0.548,30,263,"routine","none specified",2120,"Colossoma","Colossomatinae",0,0,"benthopelagic","Colossoma macropomum","Serrasalmidae","Characiformes","Teleostei","Osteichthyes"
"843","fishbase",44.8224,0.609,25,263,"routine","none specified",2120,"Colossoma","Colossomatinae",0,0,"benthopelagic","Colossoma macropomum","Serrasalmidae","Characiformes","Teleostei","Osteichthyes"
"844","fishbase",57.246,0.609,25,263,"routine","none specified",2120,"Colossoma","Colossomatinae",0,0,"benthopelagic","Colossoma macropomum","Serrasalmidae","Characiformes","Teleostei","Osteichthyes"
"845","fishbase",53.3484,0.609,30,263,"routine","none specified",2120,"Colossoma","Colossomatinae",0,0,"benthopelagic","Colossoma macropomum","Serrasalmidae","Characiformes","Teleostei","Osteichthyes"
"846","fishbase",99.698,0.631,30,263,"routine","none specified",2120,"Colossoma","Colossomatinae",0,0,"benthopelagic","Colossoma macropomum","Serrasalmidae","Characiformes","Teleostei","Osteichthyes"
"847","fishbase",93.522,0.654,30,263,"routine","none specified",2120,"Colossoma","Colossomatinae",0,0,"benthopelagic","Colossoma macropomum","Serrasalmidae","Characiformes","Teleostei","Osteichthyes"
"848","fishbase",53.3476,0.677,25,263,"routine","none specified",2120,"Colossoma","Colossomatinae",0,0,"benthopelagic","Colossoma macropomum","Serrasalmidae","Characiformes","Teleostei","Osteichthyes"
"849","fishbase",57.2065,0.677,25,263,"routine","none specified",2120,"Colossoma","Colossomatinae",0,0,"benthopelagic","Colossoma macropomum","Serrasalmidae","Characiformes","Teleostei","Osteichthyes"
"850","fishbase",86.58,0.78,25,263,"routine","none specified",2120,"Colossoma","Colossomatinae",0,0,"benthopelagic","Colossoma macropomum","Serrasalmidae","Characiformes","Teleostei","Osteichthyes"
"851","fishbase",93.6,0.78,30,263,"routine","none specified",2120,"Colossoma","Colossomatinae",0,0,"benthopelagic","Colossoma macropomum","Serrasalmidae","Characiformes","Teleostei","Osteichthyes"
"852","fishbase",119.34,0.78,30,263,"routine","none specified",2120,"Colossoma","Colossomatinae",0,0,"benthopelagic","Colossoma macropomum","Serrasalmidae","Characiformes","Teleostei","Osteichthyes"
"853","fishbase",63.5204,0.838,25,263,"routine","none specified",2120,"Colossoma","Colossomatinae",0,0,"benthopelagic","Colossoma macropomum","Serrasalmidae","Characiformes","Teleostei","Osteichthyes"
"854","fishbase",115.072,0.899,30,263,"routine","none specified",2120,"Colossoma","Colossomatinae",0,0,"benthopelagic","Colossoma macropomum","Serrasalmidae","Characiformes","Teleostei","Osteichthyes"
"855","fishbase",70.5524,0.932,25,263,"routine","none specified",2120,"Colossoma","Colossomatinae",0,0,"benthopelagic","Colossoma macropomum","Serrasalmidae","Characiformes","Teleostei","Osteichthyes"
"856","fishbase",87.0488,0.932,30,263,"routine","none specified",2120,"Colossoma","Colossomatinae",0,0,"benthopelagic","Colossoma macropomum","Serrasalmidae","Characiformes","Teleostei","Osteichthyes"
"857","fishbase",110.908,0.932,30,263,"routine","none specified",2120,"Colossoma","Colossomatinae",0,0,"benthopelagic","Colossoma macropomum","Serrasalmidae","Characiformes","Teleostei","Osteichthyes"
"858","fishbase",123.76,1.04,25,263,"routine","none specified",2120,"Colossoma","Colossomatinae",0,0,"benthopelagic","Colossoma macropomum","Serrasalmidae","Characiformes","Teleostei","Osteichthyes"
"859","fishbase",114.49,1.07,25,263,"routine","none specified",2120,"Colossoma","Colossomatinae",0,0,"benthopelagic","Colossoma macropomum","Serrasalmidae","Characiformes","Teleostei","Osteichthyes"
"860","fishbase",70.374,1.11,25,263,"routine","none specified",2120,"Colossoma","Colossomatinae",0,0,"benthopelagic","Colossoma macropomum","Serrasalmidae","Characiformes","Teleostei","Osteichthyes"
"861","fishbase",72.91,1.15,25,263,"routine","none specified",2120,"Colossoma","Colossomatinae",0,0,"benthopelagic","Colossoma macropomum","Serrasalmidae","Characiformes","Teleostei","Osteichthyes"
"862","fishbase",61.504,1.24,25,263,"routine","none specified",2120,"Colossoma","Colossomatinae",0,0,"benthopelagic","Colossoma macropomum","Serrasalmidae","Characiformes","Teleostei","Osteichthyes"
"863","fishbase",75.52,1.28,25,263,"routine","none specified",2120,"Colossoma","Colossomatinae",0,0,"benthopelagic","Colossoma macropomum","Serrasalmidae","Characiformes","Teleostei","Osteichthyes"
"864","fishbase",100.149,1.33,25,263,"routine","none specified",2120,"Colossoma","Colossomatinae",0,0,"benthopelagic","Colossoma macropomum","Serrasalmidae","Characiformes","Teleostei","Osteichthyes"
"865","fishbase",147.112,1.48,25,263,"routine","none specified",2120,"Colossoma","Colossomatinae",0,0,"benthopelagic","Colossoma macropomum","Serrasalmidae","Characiformes","Teleostei","Osteichthyes"
"866","fishbase",141.252,1.58,25,263,"routine","none specified",2120,"Colossoma","Colossomatinae",0,0,"benthopelagic","Colossoma macropomum","Serrasalmidae","Characiformes","Teleostei","Osteichthyes"
"867","fishbase",141.252,1.58,30,263,"routine","none specified",2120,"Colossoma","Colossomatinae",0,0,"benthopelagic","Colossoma macropomum","Serrasalmidae","Characiformes","Teleostei","Osteichthyes"
"868","fishbase",86.768,1.76,25,263,"routine","none specified",2120,"Colossoma","Colossomatinae",0,0,"benthopelagic","Colossoma macropomum","Serrasalmidae","Characiformes","Teleostei","Osteichthyes"
"869","fishbase",239.73,1.83,30,263,"routine","none specified",2120,"Colossoma","Colossomatinae",0,0,"benthopelagic","Colossoma macropomum","Serrasalmidae","Characiformes","Teleostei","Osteichthyes"
"870","fishbase",180.873,2.03,30,263,"routine","none specified",2120,"Colossoma","Colossomatinae",0,0,"benthopelagic","Colossoma macropomum","Serrasalmidae","Characiformes","Teleostei","Osteichthyes"
"871","fishbase",174.51,2.1,25,263,"routine","none specified",2120,"Colossoma","Colossomatinae",0,0,"benthopelagic","Colossoma macropomum","Serrasalmidae","Characiformes","Teleostei","Osteichthyes"
"872","fishbase",141.54,2.1,30,263,"routine","none specified",2120,"Colossoma","Colossomatinae",0,0,"benthopelagic","Colossoma macropomum","Serrasalmidae","Characiformes","Teleostei","Osteichthyes"
"873","fishbase",8.127,0.0387,18,268,"routine","none specified",2093,"Abramis","Leuciscinae",1,0,"benthopelagic","Abramis brama","Leuciscidae","Cypriniformes","Teleostei","Osteichthyes"
"874","fishbase",37.41936,0.05968,20,268,"routine","none specified",2120,"Abramis","Leuciscinae",1,0,"benthopelagic","Abramis brama","Leuciscidae","Cypriniformes","Teleostei","Osteichthyes"
"875","fishbase",56.37775,0.06175,20,268,"routine","none specified",2120,"Abramis","Leuciscinae",1,0,"benthopelagic","Abramis brama","Leuciscidae","Cypriniformes","Teleostei","Osteichthyes"
"876","fishbase",13.622,0.0695,18,268,"routine","none specified",2093,"Abramis","Leuciscinae",1,0,"benthopelagic","Abramis brama","Leuciscidae","Cypriniformes","Teleostei","Osteichthyes"
"877","fishbase",56.5848,0.0696,20,268,"routine","none specified",2120,"Abramis","Leuciscinae",1,0,"benthopelagic","Abramis brama","Leuciscidae","Cypriniformes","Teleostei","Osteichthyes"
"878","fishbase",42.19776,0.07326,20,268,"routine","none specified",2120,"Abramis","Leuciscinae",1,0,"benthopelagic","Abramis brama","Leuciscidae","Cypriniformes","Teleostei","Osteichthyes"
"879","fishbase",45.9348,0.0758,20,268,"routine","none specified",2120,"Abramis","Leuciscinae",1,0,"benthopelagic","Abramis brama","Leuciscidae","Cypriniformes","Teleostei","Osteichthyes"
"880","fishbase",59.32796,0.08116,20,268,"routine","none specified",2120,"Abramis","Leuciscinae",1,0,"benthopelagic","Abramis brama","Leuciscidae","Cypriniformes","Teleostei","Osteichthyes"
"881","fishbase",41.496,0.084,20,268,"routine","none specified",2120,"Abramis","Leuciscinae",1,0,"benthopelagic","Abramis brama","Leuciscidae","Cypriniformes","Teleostei","Osteichthyes"
"882","fishbase",54.516,0.084,20,268,"routine","none specified",2120,"Abramis","Leuciscinae",1,0,"benthopelagic","Abramis brama","Leuciscidae","Cypriniformes","Teleostei","Osteichthyes"
"883","fishbase",50.89835,0.09305,20,268,"routine","none specified",2120,"Abramis","Leuciscinae",1,0,"benthopelagic","Abramis brama","Leuciscidae","Cypriniformes","Teleostei","Osteichthyes"
"884","fishbase",69.14322,0.09963,20,268,"routine","none specified",2120,"Abramis","Leuciscinae",1,0,"benthopelagic","Abramis brama","Leuciscidae","Cypriniformes","Teleostei","Osteichthyes"
"885","fishbase",13.8915,0.1029,18,268,"routine","none specified",2093,"Abramis","Leuciscinae",1,0,"benthopelagic","Abramis brama","Leuciscidae","Cypriniformes","Teleostei","Osteichthyes"
"886","fishbase",76.6033,0.1031,20,268,"routine","none specified",2120,"Abramis","Leuciscinae",1,0,"benthopelagic","Abramis brama","Leuciscidae","Cypriniformes","Teleostei","Osteichthyes"
"887","fishbase",74.03592,0.10668,20,268,"routine","none specified",2120,"Abramis","Leuciscinae",1,0,"benthopelagic","Abramis brama","Leuciscidae","Cypriniformes","Teleostei","Osteichthyes"
"888","fishbase",58.36642,0.11422,20,268,"routine","none specified",2120,"Abramis","Leuciscinae",1,0,"benthopelagic","Abramis brama","Leuciscidae","Cypriniformes","Teleostei","Osteichthyes"
"889","fishbase",76.64162,0.11422,20,268,"routine","none specified",2120,"Abramis","Leuciscinae",1,0,"benthopelagic","Abramis brama","Leuciscidae","Cypriniformes","Teleostei","Osteichthyes"
"890","fishbase",79.2504,0.1223,20,268,"routine","none specified",2120,"Abramis","Leuciscinae",1,0,"benthopelagic","Abramis brama","Leuciscidae","Cypriniformes","Teleostei","Osteichthyes"
"891","fishbase",86.3071,0.12655,20,268,"routine","none specified",2120,"Abramis","Leuciscinae",1,0,"benthopelagic","Abramis brama","Leuciscidae","Cypriniformes","Teleostei","Osteichthyes"
"892","fishbase",90.8793,0.13095,20,268,"routine","none specified",2120,"Abramis","Leuciscinae",1,0,"benthopelagic","Abramis brama","Leuciscidae","Cypriniformes","Teleostei","Osteichthyes"
"893","fishbase",45.9345,0.1355,20,268,"routine","none specified",2120,"Abramis","Leuciscinae",1,0,"benthopelagic","Abramis brama","Leuciscidae","Cypriniformes","Teleostei","Osteichthyes"
"894","fishbase",100.6765,0.1355,20,268,"routine","none specified",2120,"Abramis","Leuciscinae",1,0,"benthopelagic","Abramis brama","Leuciscidae","Cypriniformes","Teleostei","Osteichthyes"
"895","fishbase",111.57421,0.14509,20,268,"routine","none specified",2120,"Abramis","Leuciscinae",1,0,"benthopelagic","Abramis brama","Leuciscidae","Cypriniformes","Teleostei","Osteichthyes"
"896","fishbase",54.52785351,0.15535001,20,268,"routine","none specified",2120,"Abramis","Leuciscinae",1,0,"benthopelagic","Abramis brama","Leuciscidae","Cypriniformes","Teleostei","Osteichthyes"
"897","fishbase",75.65545487,0.15535001,20,268,"routine","none specified",2120,"Abramis","Leuciscinae",1,0,"benthopelagic","Abramis brama","Leuciscidae","Cypriniformes","Teleostei","Osteichthyes"
"898","fishbase",111.5605,0.16075,20,268,"routine","none specified",2120,"Abramis","Leuciscinae",1,0,"benthopelagic","Abramis brama","Leuciscidae","Cypriniformes","Teleostei","Osteichthyes"
"899","fishbase",97.30305,0.16633,20,268,"routine","none specified",2120,"Abramis","Leuciscinae",1,0,"benthopelagic","Abramis brama","Leuciscidae","Cypriniformes","Teleostei","Osteichthyes"
"900","fishbase",111.60072,0.18117,20,268,"routine","none specified",2120,"Abramis","Leuciscinae",1,0,"benthopelagic","Abramis brama","Leuciscidae","Cypriniformes","Teleostei","Osteichthyes"
"901","fishbase",110.98158,0.19069,20,268,"routine","none specified",2120,"Abramis","Leuciscinae",1,0,"benthopelagic","Abramis brama","Leuciscidae","Cypriniformes","Teleostei","Osteichthyes"
"902","fishbase",132.30863352,0.20417999,20,268,"routine","none specified",2120,"Abramis","Leuciscinae",1,0,"benthopelagic","Abramis brama","Leuciscidae","Cypriniformes","Teleostei","Osteichthyes"
"903","fishbase",123.5203,0.21862,20,268,"routine","none specified",2120,"Abramis","Leuciscinae",1,0,"benthopelagic","Abramis brama","Leuciscidae","Cypriniformes","Teleostei","Osteichthyes"
"904","fishbase",139.1253,0.22622,20,268,"routine","none specified",2120,"Abramis","Leuciscinae",1,0,"benthopelagic","Abramis brama","Leuciscidae","Cypriniformes","Teleostei","Osteichthyes"
"905","fishbase",119.3808,0.23408,20,268,"routine","none specified",2120,"Abramis","Leuciscinae",1,0,"benthopelagic","Abramis brama","Leuciscidae","Cypriniformes","Teleostei","Osteichthyes"
"906","fishbase",139.2765,0.24222,20,268,"routine","none specified",2120,"Abramis","Leuciscinae",1,0,"benthopelagic","Abramis brama","Leuciscidae","Cypriniformes","Teleostei","Osteichthyes"
"907","fishbase",127.8264,0.25064,20,268,"routine","none specified",2120,"Abramis","Leuciscinae",1,0,"benthopelagic","Abramis brama","Leuciscidae","Cypriniformes","Teleostei","Osteichthyes"
"908","fishbase",146.6244,0.25064,20,268,"routine","none specified",2120,"Abramis","Leuciscinae",1,0,"benthopelagic","Abramis brama","Leuciscidae","Cypriniformes","Teleostei","Osteichthyes"
"909","fishbase",111.41752437,0.25496001,20,268,"routine","none specified",2120,"Abramis","Leuciscinae",1,0,"benthopelagic","Abramis brama","Leuciscidae","Cypriniformes","Teleostei","Osteichthyes"
"910","fishbase",149.12946,0.28734,20,268,"routine","none specified",2120,"Abramis","Leuciscinae",1,0,"benthopelagic","Abramis brama","Leuciscidae","Cypriniformes","Teleostei","Osteichthyes"
"911","fishbase",156.99023472,0.29732999,20,268,"routine","none specified",2120,"Abramis","Leuciscinae",1,0,"benthopelagic","Abramis brama","Leuciscidae","Cypriniformes","Teleostei","Osteichthyes"
"912","fishbase",136.76351563,0.31295999,20,268,"routine","none specified",2120,"Abramis","Leuciscinae",1,0,"benthopelagic","Abramis brama","Leuciscidae","Cypriniformes","Teleostei","Osteichthyes"
"925","fishbase",0.7209,0.00445,16,270,"routine","none specified",2203,"Carassius","Cyprininae",1,0,"demersal","Carassius carassius","Cyprinidae","Cypriniformes","Teleostei","Osteichthyes"
"926","fishbase",0.8455,0.00445,16,270,"routine","none specified",2093,"Carassius","Cyprininae",1,0,"demersal","Carassius carassius","Cyprinidae","Cypriniformes","Teleostei","Osteichthyes"
"927","fishbase",0.665,0.005,18,270,"routine","none specified",2203,"Carassius","Cyprininae",1,0,"demersal","Carassius carassius","Cyprinidae","Cypriniformes","Teleostei","Osteichthyes"
"928","fishbase",0.6916,0.0052,18,270,"routine","none specified",2093,"Carassius","Cyprininae",1,0,"demersal","Carassius carassius","Cyprinidae","Cypriniformes","Teleostei","Osteichthyes"
"929","fishbase",1.479,0.0087,16.5,270,"routine","none specified",2093,"Carassius","Cyprininae",1,0,"demersal","Carassius carassius","Cyprinidae","Cypriniformes","Teleostei","Osteichthyes"
"930","fishbase",1.284,0.012,15,270,"routine","none specified",2203,"Carassius","Cyprininae",1,0,"demersal","Carassius carassius","Cyprinidae","Cypriniformes","Teleostei","Osteichthyes"
"931","fishbase",0.12275,0.0125,5,270,"routine","none specified",2120,"Carassius","Cyprininae",1,0,"demersal","Carassius carassius","Cyprinidae","Cypriniformes","Teleostei","Osteichthyes"
"932","fishbase",0.41375,0.0125,10,270,"routine","none specified",2120,"Carassius","Cyprininae",1,0,"demersal","Carassius carassius","Cyprinidae","Cypriniformes","Teleostei","Osteichthyes"
"933","fishbase",0.84625,0.0125,15,270,"routine","none specified",2120,"Carassius","Cyprininae",1,0,"demersal","Carassius carassius","Cyprinidae","Cypriniformes","Teleostei","Osteichthyes"
"934","fishbase",0.98125,0.0125,15,270,"routine","none specified",2120,"Carassius","Cyprininae",1,0,"demersal","Carassius carassius","Cyprinidae","Cypriniformes","Teleostei","Osteichthyes"
"935","fishbase",1.01625,0.0125,15,270,"routine","none specified",2120,"Carassius","Cyprininae",1,0,"demersal","Carassius carassius","Cyprinidae","Cypriniformes","Teleostei","Osteichthyes"
"936","fishbase",2.025,0.0125,20,270,"routine","none specified",2120,"Carassius","Cyprininae",1,0,"demersal","Carassius carassius","Cyprinidae","Cypriniformes","Teleostei","Osteichthyes"
"937","fishbase",2.95,0.0125,25,270,"routine","none specified",2120,"Carassius","Cyprininae",1,0,"demersal","Carassius carassius","Cyprinidae","Cypriniformes","Teleostei","Osteichthyes"
"938","fishbase",2.4955,0.0161,15,270,"routine","none specified",2120,"Carassius","Cyprininae",1,0,"demersal","Carassius carassius","Cyprinidae","Cypriniformes","Teleostei","Osteichthyes"
"939","fishbase",8.94,0.06,19,270,"routine","none specified",2203,"Carassius","Cyprininae",1,0,"demersal","Carassius carassius","Cyprinidae","Cypriniformes","Teleostei","Osteichthyes"
"940","fishbase",8.94,0.06,19.5,270,"routine","none specified",2093,"Carassius","Cyprininae",1,0,"demersal","Carassius carassius","Cyprinidae","Cypriniformes","Teleostei","Osteichthyes"
"941","fishbase",0.33441,0.00157,19,271,"routine","none specified",2093,"Carassius","Cyprininae",1,0,"benthopelagic","Carassius auratus","Cyprinidae","Cypriniformes","Teleostei","Osteichthyes"
"942","fishbase",0.5292,0.00245,19,271,"routine","none specified",2093,"Carassius","Cyprininae",1,0,"benthopelagic","Carassius auratus","Cyprinidae","Cypriniformes","Teleostei","Osteichthyes"
"943","fishbase",0.04256,0.0038,5,271,"routine","none specified",2120,"Carassius","Cyprininae",1,0,"benthopelagic","Carassius auratus","Cyprinidae","Cypriniformes","Teleostei","Osteichthyes"
"944","fishbase",0.12578,0.0038,10,271,"routine","none specified",2120,"Carassius","Cyprininae",1,0,"benthopelagic","Carassius auratus","Cyprinidae","Cypriniformes","Teleostei","Osteichthyes"
"945","fishbase",0.25764,0.0038,15,271,"routine","none specified",2120,"Carassius","Cyprininae",1,0,"benthopelagic","Carassius auratus","Cyprinidae","Cypriniformes","Teleostei","Osteichthyes"
"946","fishbase",0.4294,0.0038,20,271,"routine","none specified",2120,"Carassius","Cyprininae",1,0,"benthopelagic","Carassius auratus","Cyprinidae","Cypriniformes","Teleostei","Osteichthyes"
"947","fishbase",0.4636,0.0038,20,271,"routine","none specified",2093,"Carassius","Cyprininae",1,0,"benthopelagic","Carassius auratus","Cyprinidae","Cypriniformes","Teleostei","Osteichthyes"
"948","fishbase",0.3914,0.0038,25,271,"routine","none specified",2120,"Carassius","Cyprininae",1,0,"benthopelagic","Carassius auratus","Cyprinidae","Cypriniformes","Teleostei","Osteichthyes"
"949","fishbase",1.083,0.0038,35,271,"routine","none specified",2120,"Carassius","Cyprininae",1,0,"benthopelagic","Carassius auratus","Cyprinidae","Cypriniformes","Teleostei","Osteichthyes"
"950","fishbase",0.6396,0.0039,16.6,271,"routine","none specified",2093,"Carassius","Cyprininae",1,0,"benthopelagic","Carassius auratus","Cyprinidae","Cypriniformes","Teleostei","Osteichthyes"
"951","fishbase",1.0335,0.0039,20.8,271,"routine","none specified",2093,"Carassius","Cyprininae",1,0,"benthopelagic","Carassius auratus","Cyprinidae","Cypriniformes","Teleostei","Osteichthyes"
"952","fishbase",0.80685,0.00495,20,271,"routine","none specified",2093,"Carassius","Cyprininae",1,0,"benthopelagic","Carassius auratus","Cyprinidae","Cypriniformes","Teleostei","Osteichthyes"
"953","fishbase",0.97,0.005,25,271,"routine","none specified",2203,"Carassius","Cyprininae",1,0,"benthopelagic","Carassius auratus","Cyprinidae","Cypriniformes","Teleostei","Osteichthyes"
"954","fishbase",0.58212,0.00594,16,271,"routine","none specified",2093,"Carassius","Cyprininae",1,0,"benthopelagic","Carassius auratus","Cyprinidae","Cypriniformes","Teleostei","Osteichthyes"
"955","fishbase",0.3432,0.006,5,271,"routine","none specified",2203,"Carassius","Cyprininae",1,0,"benthopelagic","Carassius auratus","Cyprinidae","Cypriniformes","Teleostei","Osteichthyes"
"956","fishbase",1.116,0.006,15,271,"routine","none specified",2203,"Carassius","Cyprininae",1,0,"benthopelagic","Carassius auratus","Cyprinidae","Cypriniformes","Teleostei","Osteichthyes"
"957","fishbase",2.142,0.006,30,271,"routine","none specified",2203,"Carassius","Cyprininae",1,0,"benthopelagic","Carassius auratus","Cyprinidae","Cypriniformes","Teleostei","Osteichthyes"
"958","fishbase",0.3627,0.0093,7.9,271,"routine","none specified",2120,"Carassius","Cyprininae",1,0,"benthopelagic","Carassius auratus","Cyprinidae","Cypriniformes","Teleostei","Osteichthyes"
"959","fishbase",0.4557,0.0093,7.9,271,"routine","none specified",2120,"Carassius","Cyprininae",1,0,"benthopelagic","Carassius auratus","Cyprinidae","Cypriniformes","Teleostei","Osteichthyes"
"960","fishbase",0.82584,0.0093,14.4,271,"routine","none specified",2120,"Carassius","Cyprininae",1,0,"benthopelagic","Carassius auratus","Cyprinidae","Cypriniformes","Teleostei","Osteichthyes"
"961","fishbase",0.8277,0.0093,14.9,271,"routine","none specified",2120,"Carassius","Cyprininae",1,0,"benthopelagic","Carassius auratus","Cyprinidae","Cypriniformes","Teleostei","Osteichthyes"
"962","fishbase",0.9114,0.0093,15,271,"routine","none specified",2120,"Carassius","Cyprininae",1,0,"benthopelagic","Carassius auratus","Cyprinidae","Cypriniformes","Teleostei","Osteichthyes"
"963","fishbase",1.2648,0.0093,18,271,"routine","none specified",2120,"Carassius","Cyprininae",1,0,"benthopelagic","Carassius auratus","Cyprinidae","Cypriniformes","Teleostei","Osteichthyes"
"964","fishbase",1.2927,0.0093,18.1,271,"routine","none specified",2120,"Carassius","Cyprininae",1,0,"benthopelagic","Carassius auratus","Cyprinidae","Cypriniformes","Teleostei","Osteichthyes"
"965","fishbase",1.1439,0.0093,19.1,271,"routine","none specified",2120,"Carassius","Cyprininae",1,0,"benthopelagic","Carassius auratus","Cyprinidae","Cypriniformes","Teleostei","Osteichthyes"
"966","fishbase",1.1625,0.0093,19.2,271,"routine","none specified",2120,"Carassius","Cyprininae",1,0,"benthopelagic","Carassius auratus","Cyprinidae","Cypriniformes","Teleostei","Osteichthyes"
"967","fishbase",1.3764,0.0093,20.1,271,"routine","none specified",2120,"Carassius","Cyprininae",1,0,"benthopelagic","Carassius auratus","Cyprinidae","Cypriniformes","Teleostei","Osteichthyes"
"968","fishbase",1.4601,0.0093,20.1,271,"routine","none specified",2093,"Carassius","Cyprininae",1,0,"benthopelagic","Carassius auratus","Cyprinidae","Cypriniformes","Teleostei","Osteichthyes"
"969","fishbase",2.2692,0.0093,25.7,271,"routine","none specified",2120,"Carassius","Cyprininae",1,0,"benthopelagic","Carassius auratus","Cyprinidae","Cypriniformes","Teleostei","Osteichthyes"
"970","fishbase",2.6505,0.0095,20,271,"routine","none specified",2093,"Carassius","Cyprininae",1,0,"benthopelagic","Carassius auratus","Cyprinidae","Cypriniformes","Teleostei","Osteichthyes"
"971","fishbase",1.265,0.011,20,271,"standard","none specified",2120,"Carassius","Cyprininae",1,0,"benthopelagic","Carassius auratus","Cyprinidae","Cypriniformes","Teleostei","Osteichthyes"
"972","fishbase",1.2995,0.0113,20,271,"standard","none specified",2120,"Carassius","Cyprininae",1,0,"benthopelagic","Carassius auratus","Cyprinidae","Cypriniformes","Teleostei","Osteichthyes"
"973","fishbase",1.86,0.0155,30,271,"routine","none specified",2120,"Carassius","Cyprininae",1,0,"benthopelagic","Carassius auratus","Cyprinidae","Cypriniformes","Teleostei","Osteichthyes"
"974","fishbase",6.2266,0.0191,22.5,271,"routine","none specified",2120,"Carassius","Cyprininae",1,0,"benthopelagic","Carassius auratus","Cyprinidae","Cypriniformes","Teleostei","Osteichthyes"
"975","fishbase",6.6277,0.0191,22.5,271,"routine","none specified",2120,"Carassius","Cyprininae",1,0,"benthopelagic","Carassius auratus","Cyprinidae","Cypriniformes","Teleostei","Osteichthyes"
"976","fishbase",3.024,0.021,19,271,"routine","none specified",2093,"Carassius","Cyprininae",1,0,"benthopelagic","Carassius auratus","Cyprinidae","Cypriniformes","Teleostei","Osteichthyes"
"977","fishbase",4.698,0.029,20,271,"routine","none specified",2203,"Carassius","Cyprininae",1,0,"benthopelagic","Carassius auratus","Cyprinidae","Cypriniformes","Teleostei","Osteichthyes"
"978","fishbase",5.51,0.029,20,271,"routine","none specified",2093,"Carassius","Cyprininae",1,0,"benthopelagic","Carassius auratus","Cyprinidae","Cypriniformes","Teleostei","Osteichthyes"
"979","fishbase",3.424,0.032,24,271,"standard","none specified",2093,"Carassius","Cyprininae",1,0,"benthopelagic","Carassius auratus","Cyprinidae","Cypriniformes","Teleostei","Osteichthyes"
"980","fishbase",5.4275,0.0325,15,271,"routine","none specified",2093,"Carassius","Cyprininae",1,0,"benthopelagic","Carassius auratus","Cyprinidae","Cypriniformes","Teleostei","Osteichthyes"
"981","fishbase",2.366,0.0364,12,271,"routine","none specified",2093,"Carassius","Cyprininae",1,0,"benthopelagic","Carassius auratus","Cyprinidae","Cypriniformes","Teleostei","Osteichthyes"
"982","fishbase",2.3147,0.0395,18.5,271,"routine","none specified",2093,"Carassius","Cyprininae",1,0,"benthopelagic","Carassius auratus","Cyprinidae","Cypriniformes","Teleostei","Osteichthyes"
"983","fishbase",0.80699,0.047,10,271,"standard","none specified",85173,"Carassius","Cyprininae",1,0,"benthopelagic","Carassius auratus","Cyprinidae","Cypriniformes","Teleostei","Osteichthyes"
"984","fishbase",15.08793953,0.047,20,271,"standard","none specified",85173,"Carassius","Cyprininae",1,0,"benthopelagic","Carassius auratus","Cyprinidae","Cypriniformes","Teleostei","Osteichthyes"
"985","fishbase",4.18676,0.047,30,271,"standard","none specified",85173,"Carassius","Cyprininae",1,0,"benthopelagic","Carassius auratus","Cyprinidae","Cypriniformes","Teleostei","Osteichthyes"
"986","fishbase",6.50339,0.047,35,271,"standard","none specified",85173,"Carassius","Cyprininae",1,0,"benthopelagic","Carassius auratus","Cyprinidae","Cypriniformes","Teleostei","Osteichthyes"
"987","fishbase",17.1,0.05,22.5,271,"routine","none specified",2203,"Carassius","Cyprininae",1,0,"benthopelagic","Carassius auratus","Cyprinidae","Cypriniformes","Teleostei","Osteichthyes"
"988","fishbase",5.814,0.051,21,271,"routine","none specified",2093,"Carassius","Cyprininae",1,0,"benthopelagic","Carassius auratus","Cyprinidae","Cypriniformes","Teleostei","Osteichthyes"
"989","fishbase",4.2276,0.052,12,271,"standard","none specified",2120,"Carassius","Cyprininae",1,0,"benthopelagic","Carassius auratus","Cyprinidae","Cypriniformes","Teleostei","Osteichthyes"
"990","fishbase",2.3595,0.055,10,271,"routine","none specified",2203,"Carassius","Cyprininae",1,0,"benthopelagic","Carassius auratus","Cyprinidae","Cypriniformes","Teleostei","Osteichthyes"
"991","fishbase",10.285,0.055,30,271,"routine","none specified",2203,"Carassius","Cyprininae",1,0,"benthopelagic","Carassius auratus","Cyprinidae","Cypriniformes","Teleostei","Osteichthyes"
"992","fishbase",9.12,0.057,22,271,"standard","none specified",2120,"Carassius","Cyprininae",1,0,"benthopelagic","Carassius auratus","Cyprinidae","Cypriniformes","Teleostei","Osteichthyes"
"993","fishbase",4.824,0.067,30,271,"standard","none specified",2120,"Carassius","Cyprininae",1,0,"benthopelagic","Carassius auratus","Cyprinidae","Cypriniformes","Teleostei","Osteichthyes"
"994","fishbase",9.652,0.076,35,271,"standard","none specified",2120,"Carassius","Cyprininae",1,0,"benthopelagic","Carassius auratus","Cyprinidae","Cypriniformes","Teleostei","Osteichthyes"
"995","fishbase",1.2089,0.077,10,271,"standard","none specified",2120,"Carassius","Cyprininae",1,0,"benthopelagic","Carassius auratus","Cyprinidae","Cypriniformes","Teleostei","Osteichthyes"
"996","fishbase",20.174,0.077,32,271,"standard","none specified",2120,"Carassius","Cyprininae",1,0,"benthopelagic","Carassius auratus","Cyprinidae","Cypriniformes","Teleostei","Osteichthyes"
"997","fishbase",4,0.08,20,271,"standard","none specified",2203,"Carassius","Cyprininae",1,0,"benthopelagic","Carassius auratus","Cyprinidae","Cypriniformes","Teleostei","Osteichthyes"
"998","fishbase",4.2405,0.0825,18.5,271,"routine","none specified",2093,"Carassius","Cyprininae",1,0,"benthopelagic","Carassius auratus","Cyprinidae","Cypriniformes","Teleostei","Osteichthyes"
"999","fishbase",2.709,0.09,20,271,"standard","none specified",2120,"Carassius","Cyprininae",1,0,"benthopelagic","Carassius auratus","Cyprinidae","Cypriniformes","Teleostei","Osteichthyes"
"1000","fishbase",13.559,0.091,32,271,"standard","none specified",2120,"Carassius","Cyprininae",1,0,"benthopelagic","Carassius auratus","Cyprinidae","Cypriniformes","Teleostei","Osteichthyes"
"1001","fishbase",10.3774,0.0979,20,271,"routine","none specified",2120,"Carassius","Cyprininae",1,0,"benthopelagic","Carassius auratus","Cyprinidae","Cypriniformes","Teleostei","Osteichthyes"
"1002","fishbase",11.1606,0.0979,20,271,"routine","none specified",2120,"Carassius","Cyprininae",1,0,"benthopelagic","Carassius auratus","Cyprinidae","Cypriniformes","Teleostei","Osteichthyes"
"1003","fishbase",15.3703,0.0979,20,271,"routine","none specified",2120,"Carassius","Cyprininae",1,0,"benthopelagic","Carassius auratus","Cyprinidae","Cypriniformes","Teleostei","Osteichthyes"
"1004","fishbase",16.1535,0.0979,20,271,"routine","none specified",2120,"Carassius","Cyprininae",1,0,"benthopelagic","Carassius auratus","Cyprinidae","Cypriniformes","Teleostei","Osteichthyes"
"1005","fishbase",17.7199,0.0979,20,271,"routine","none specified",2120,"Carassius","Cyprininae",1,0,"benthopelagic","Carassius auratus","Cyprinidae","Cypriniformes","Teleostei","Osteichthyes"
"1006","fishbase",5.72,0.1,9,271,"routine","none specified",2093,"Carassius","Cyprininae",1,0,"benthopelagic","Carassius auratus","Cyprinidae","Cypriniformes","Teleostei","Osteichthyes"
"1007","fishbase",1.57,0.1,10,271,"standard","none specified",2203,"Carassius","Cyprininae",1,0,"benthopelagic","Carassius auratus","Cyprinidae","Cypriniformes","Teleostei","Osteichthyes"
"1008","fishbase",4.29,0.1,12,271,"standard","none specified",2203,"Carassius","Cyprininae",1,0,"benthopelagic","Carassius auratus","Cyprinidae","Cypriniformes","Teleostei","Osteichthyes"
"1009","fishbase",3,0.1,20,271,"standard","none specified",2203,"Carassius","Cyprininae",1,0,"benthopelagic","Carassius auratus","Cyprinidae","Cypriniformes","Teleostei","Osteichthyes"
"1010","fishbase",7.15,0.1,30,271,"standard","none specified",2203,"Carassius","Cyprininae",1,0,"benthopelagic","Carassius auratus","Cyprinidae","Cypriniformes","Teleostei","Osteichthyes"
"1011","fishbase",14.9,0.1,32,271,"standard","none specified",2203,"Carassius","Cyprininae",1,0,"benthopelagic","Carassius auratus","Cyprinidae","Cypriniformes","Teleostei","Osteichthyes"
"1012","fishbase",12.7,0.1,35,271,"standard","none specified",2203,"Carassius","Cyprininae",1,0,"benthopelagic","Carassius auratus","Cyprinidae","Cypriniformes","Teleostei","Osteichthyes"
"1013","fishbase",8.646,0.11,20,271,"standard","none specified",2203,"Carassius","Cyprininae",1,0,"benthopelagic","Carassius auratus","Cyprinidae","Cypriniformes","Teleostei","Osteichthyes"
"1014","fishbase",4.74824,0.1112,12,271,"routine","none specified",2093,"Carassius","Cyprininae",1,0,"benthopelagic","Carassius auratus","Cyprinidae","Cypriniformes","Teleostei","Osteichthyes"
"1015","fishbase",7.241,0.13,18.5,271,"routine","none specified",2093,"Carassius","Cyprininae",1,0,"benthopelagic","Carassius auratus","Cyprinidae","Cypriniformes","Teleostei","Osteichthyes"
"1016","fishbase",5.8275,0.1575,20,271,"standard","none specified",2120,"Carassius","Cyprininae",1,0,"benthopelagic","Carassius auratus","Cyprinidae","Cypriniformes","Teleostei","Osteichthyes"
"1017","fishbase",7.7175,0.1575,20,271,"standard","none specified",2120,"Carassius","Cyprininae",1,0,"benthopelagic","Carassius auratus","Cyprinidae","Cypriniformes","Teleostei","Osteichthyes"
"1018","fishbase",7.6184,0.178,12,271,"standard","none specified",2120,"Carassius","Cyprininae",1,0,"benthopelagic","Carassius auratus","Cyprinidae","Cypriniformes","Teleostei","Osteichthyes"
"1034","fishbase",3.645,0.05,17,291,"routine","none specified",2203,"Ameiurus",NA,0,0,"demersal","Ameiurus melas","Ictaluridae","Siluriformes","Teleostei","Osteichthyes"
"1084","fishbase",4.67227,0.047,6.5,308,"standard","none specified",85173,"Gadus",NA,1,1,"demersal","Gadus macrocephalus","Gadidae","Gadiformes","Teleostei","Osteichthyes"
"1086","fishbase",3.17297,0.047,2.5,315,"standard","none specified",85173,"Eleginus",NA,1,1,"demersal","Eleginus gracilis","Gadidae","Gadiformes","Teleostei","Osteichthyes"
"1087","fishbase",4.75734,0.047,7,315,"standard","none specified",85173,"Eleginus",NA,1,1,"demersal","Eleginus gracilis","Gadidae","Gadiformes","Teleostei","Osteichthyes"
"1088","fishbase",6.59221953,0.047,12,315,"standard","none specified",85173,"Eleginus",NA,1,1,"demersal","Eleginus gracilis","Gadidae","Gadiformes","Teleostei","Osteichthyes"
"1089","fishbase",0.9225,0.0075,5.5,318,"routine","none specified",2120,"Gadus",NA,1,1,"benthopelagic","Gadus chalcogrammus","Gadidae","Gadiformes","Teleostei","Osteichthyes"
"1090","fishbase",1.824,0.012,5.5,318,"routine","none specified",2120,"Gadus",NA,1,1,"benthopelagic","Gadus chalcogrammus","Gadidae","Gadiformes","Teleostei","Osteichthyes"
"1091","fishbase",1.6836,0.0138,5.5,318,"routine","none specified",2120,"Gadus",NA,1,1,"benthopelagic","Gadus chalcogrammus","Gadidae","Gadiformes","Teleostei","Osteichthyes"
"1092","fishbase",1.9446,0.021,5.5,318,"routine","none specified",2120,"Gadus",NA,1,1,"benthopelagic","Gadus chalcogrammus","Gadidae","Gadiformes","Teleostei","Osteichthyes"
"1093","fishbase",2.0688,0.024,5.5,318,"routine","none specified",2120,"Gadus",NA,1,1,"benthopelagic","Gadus chalcogrammus","Gadidae","Gadiformes","Teleostei","Osteichthyes"
"1094","fishbase",5.1405,0.069,5.5,318,"routine","none specified",2120,"Gadus",NA,1,1,"benthopelagic","Gadus chalcogrammus","Gadidae","Gadiformes","Teleostei","Osteichthyes"
"1095","fishbase",2.296,0.07,1,318,"routine","none specified",2120,"Gadus",NA,1,1,"benthopelagic","Gadus chalcogrammus","Gadidae","Gadiformes","Teleostei","Osteichthyes"
"1096","fishbase",3.199,0.07,2.8,318,"routine","none specified",2120,"Gadus",NA,1,1,"benthopelagic","Gadus chalcogrammus","Gadidae","Gadiformes","Teleostei","Osteichthyes"
"1097","fishbase",5.131,0.07,5.3,318,"routine","none specified",2120,"Gadus",NA,1,1,"benthopelagic","Gadus chalcogrammus","Gadidae","Gadiformes","Teleostei","Osteichthyes"
"1098","fishbase",6.013,0.07,6.5,318,"routine","none specified",2120,"Gadus",NA,1,1,"benthopelagic","Gadus chalcogrammus","Gadidae","Gadiformes","Teleostei","Osteichthyes"
"1099","fishbase",7.28,0.07,7.5,318,"routine","none specified",2120,"Gadus",NA,1,1,"benthopelagic","Gadus chalcogrammus","Gadidae","Gadiformes","Teleostei","Osteichthyes"
"1100","fishbase",6.419,0.07,8.4,318,"routine","none specified",2120,"Gadus",NA,1,1,"benthopelagic","Gadus chalcogrammus","Gadidae","Gadiformes","Teleostei","Osteichthyes"
"1101","fishbase",7.28,0.07,9.5,318,"routine","none specified",2120,"Gadus",NA,1,1,"benthopelagic","Gadus chalcogrammus","Gadidae","Gadiformes","Teleostei","Osteichthyes"
"1102","fishbase",6.335,0.07,12,318,"routine","none specified",2120,"Gadus",NA,1,1,"benthopelagic","Gadus chalcogrammus","Gadidae","Gadiformes","Teleostei","Osteichthyes"
"1103","fishbase",4.88808,0.0744,5.5,318,"routine","none specified",2120,"Gadus",NA,1,1,"benthopelagic","Gadus chalcogrammus","Gadidae","Gadiformes","Teleostei","Osteichthyes"
"1104","fishbase",6.0528,0.078,5.5,318,"routine","none specified",2120,"Gadus",NA,1,1,"benthopelagic","Gadus chalcogrammus","Gadidae","Gadiformes","Teleostei","Osteichthyes"
"1105","fishbase",5.6538,0.081,5.5,318,"routine","none specified",2120,"Gadus",NA,1,1,"benthopelagic","Gadus chalcogrammus","Gadidae","Gadiformes","Teleostei","Osteichthyes"
"1106","fishbase",9.747,0.135,5.5,318,"routine","none specified",2120,"Gadus",NA,1,1,"benthopelagic","Gadus chalcogrammus","Gadidae","Gadiformes","Teleostei","Osteichthyes"
"1107","fishbase",15.3816,0.204,5.5,318,"routine","none specified",2120,"Gadus",NA,1,1,"benthopelagic","Gadus chalcogrammus","Gadidae","Gadiformes","Teleostei","Osteichthyes"
"1108","fishbase",14.96508,0.2172,5.5,318,"routine","none specified",2120,"Gadus",NA,1,1,"benthopelagic","Gadus chalcogrammus","Gadidae","Gadiformes","Teleostei","Osteichthyes"
"1109","fishbase",13.5675,0.225,5.5,318,"routine","none specified",2120,"Gadus",NA,1,1,"benthopelagic","Gadus chalcogrammus","Gadidae","Gadiformes","Teleostei","Osteichthyes"
"1110","fishbase",15.3549,0.297,5.5,318,"routine","none specified",2120,"Gadus",NA,1,1,"benthopelagic","Gadus chalcogrammus","Gadidae","Gadiformes","Teleostei","Osteichthyes"
"1111","fishbase",16.8,0.3,5.5,318,"routine","none specified",2120,"Gadus",NA,1,1,"benthopelagic","Gadus chalcogrammus","Gadidae","Gadiformes","Teleostei","Osteichthyes"
"1112","fishbase",0.00981,1e-05,28,343,"routine","none specified",2120,"Channa",NA,1,0,"benthopelagic","Channa striata","Channidae","Anabantiformes","Teleostei","Osteichthyes"
"1113","fishbase",0.0131,1e-05,28,343,"routine","none specified",2120,"Channa",NA,1,0,"benthopelagic","Channa striata","Channidae","Anabantiformes","Teleostei","Osteichthyes"
"1114","fishbase",0.01493,1e-05,28,343,"routine","none specified",2120,"Channa",NA,1,0,"benthopelagic","Channa striata","Channidae","Anabantiformes","Teleostei","Osteichthyes"
"1115","fishbase",1.112,0.02,30,343,"routine","none specified",2120,"Channa",NA,1,0,"benthopelagic","Channa striata","Channidae","Anabantiformes","Teleostei","Osteichthyes"
"1116","fishbase",3.4686,0.082,30,343,"routine","none specified",2120,"Channa",NA,1,0,"benthopelagic","Channa striata","Channidae","Anabantiformes","Teleostei","Osteichthyes"
"1117","fishbase",3.6326,0.082,30,343,"routine","none specified",2120,"Channa",NA,1,0,"benthopelagic","Channa striata","Channidae","Anabantiformes","Teleostei","Osteichthyes"
"1118","fishbase",4.674,0.082,30,343,"routine","none specified",2120,"Channa",NA,1,0,"benthopelagic","Channa striata","Channidae","Anabantiformes","Teleostei","Osteichthyes"
"1119","fishbase",7.0274,0.082,30,343,"routine","none specified",2120,"Channa",NA,1,0,"benthopelagic","Channa striata","Channidae","Anabantiformes","Teleostei","Osteichthyes"
"1120","fishbase",7.5686,0.082,30,343,"routine","none specified",2120,"Channa",NA,1,0,"benthopelagic","Channa striata","Channidae","Anabantiformes","Teleostei","Osteichthyes"
"1121","fishbase",8.282,0.082,30,343,"routine","none specified",2120,"Channa",NA,1,0,"benthopelagic","Channa striata","Channidae","Anabantiformes","Teleostei","Osteichthyes"
"1122","fishbase",1.00575,0.00745,16.8,358,"routine","none specified",2093,"Perca","Percinae",1,0,"demersal","Perca fluviatilis","Percidae","Perciformes/Percoidei","Teleostei","Osteichthyes"
"1123","fishbase",3.402,0.00945,24,358,"routine","none specified",2093,"Perca","Percinae",1,0,"demersal","Perca fluviatilis","Percidae","Perciformes/Percoidei","Teleostei","Osteichthyes"
"1124","fishbase",0.2519,0.011,16,358,"routine","none specified",2203,"Perca","Percinae",1,0,"demersal","Perca fluviatilis","Percidae","Perciformes/Percoidei","Teleostei","Osteichthyes"
"1125","fishbase",2.5507,0.01109,16.5,358,"routine","none specified",2093,"Perca","Percinae",1,0,"demersal","Perca fluviatilis","Percidae","Perciformes/Percoidei","Teleostei","Osteichthyes"
"1126","fishbase",3.39,0.015,19.5,358,"routine","none specified",2093,"Perca","Percinae",1,0,"demersal","Perca fluviatilis","Percidae","Perciformes/Percoidei","Teleostei","Osteichthyes"
"1127","fishbase",2.7789,0.0157,15.6,358,"routine","none specified",2093,"Perca","Percinae",1,0,"demersal","Perca fluviatilis","Percidae","Perciformes/Percoidei","Teleostei","Osteichthyes"
"1128","fishbase",5.008,0.016,17.4,358,"routine","none specified",2093,"Perca","Percinae",1,0,"demersal","Perca fluviatilis","Percidae","Perciformes/Percoidei","Teleostei","Osteichthyes"
"1129","fishbase",5.3595,0.01985,23,358,"routine","none specified",2093,"Perca","Percinae",1,0,"demersal","Perca fluviatilis","Percidae","Perciformes/Percoidei","Teleostei","Osteichthyes"
"1130","fishbase",3.3825,0.0205,20,358,"routine","none specified",2093,"Perca","Percinae",1,0,"demersal","Perca fluviatilis","Percidae","Perciformes/Percoidei","Teleostei","Osteichthyes"
"1131","fishbase",2.496,0.024,13,358,"routine","none specified",2203,"Perca","Percinae",1,0,"demersal","Perca fluviatilis","Percidae","Perciformes/Percoidei","Teleostei","Osteichthyes"
"1132","fishbase",7.02,0.026,19.5,358,"routine","none specified",2093,"Perca","Percinae",1,0,"demersal","Perca fluviatilis","Percidae","Perciformes/Percoidei","Teleostei","Osteichthyes"
"1133","fishbase",4.96,0.031,17,358,"routine","none specified",2203,"Perca","Percinae",1,0,"demersal","Perca fluviatilis","Percidae","Perciformes/Percoidei","Teleostei","Osteichthyes"
"1134","fishbase",5.066,0.034,20,358,"routine","none specified",2093,"Perca","Percinae",1,0,"demersal","Perca fluviatilis","Percidae","Perciformes/Percoidei","Teleostei","Osteichthyes"
"1135","fishbase",6.28,0.04,14,358,"routine","none specified",2093,"Perca","Percinae",1,0,"demersal","Perca fluviatilis","Percidae","Perciformes/Percoidei","Teleostei","Osteichthyes"
"1136","fishbase",5.0301,0.069,18,358,"routine","none specified",2203,"Perca","Percinae",1,0,"demersal","Perca fluviatilis","Percidae","Perciformes/Percoidei","Teleostei","Osteichthyes"
"1137","fishbase",15.012,0.0695,18,358,"routine","none specified",2093,"Perca","Percinae",1,0,"demersal","Perca fluviatilis","Percidae","Perciformes/Percoidei","Teleostei","Osteichthyes"
"1138","fishbase",25.326,0.201,16.6,358,"routine","none specified",2093,"Perca","Percinae",1,0,"demersal","Perca fluviatilis","Percidae","Perciformes/Percoidei","Teleostei","Osteichthyes"
"1139","fishbase",17.46,0.6,5,360,"standard","none specified",2120,"Sander","Luciopercinae",1,0,"pelagic","Sander lucioperca","Percidae","Perciformes/Percoidei","Teleostei","Osteichthyes"
"1140","fishbase",33.72,0.6,10,360,"standard","none specified",2120,"Sander","Luciopercinae",1,0,"pelagic","Sander lucioperca","Percidae","Perciformes/Percoidei","Teleostei","Osteichthyes"
"1156","fishbase",2.03651,0.047,0.6,468,"standard","none specified",85173,"Notothenia","Nototheniinae",0,1,"demersal","Notothenia rossii","Nototheniidae","Perciformes/Notothenioidei","Teleostei","Osteichthyes"
"1157","fishbase",4.0091,0.047,3,468,"standard","none specified",85173,"Notothenia","Nototheniinae",0,1,"demersal","Notothenia rossii","Nototheniidae","Perciformes/Notothenioidei","Teleostei","Osteichthyes"
"1158","fishbase",4.10429,0.1597,3,468,"routine","none specified",2120,"Notothenia","Nototheniinae",0,1,"demersal","Notothenia rossii","Nototheniidae","Perciformes/Notothenioidei","Teleostei","Osteichthyes"
"1159","fishbase",6.40397,0.1597,3,468,"routine","none specified",2120,"Notothenia","Nototheniinae",0,1,"demersal","Notothenia rossii","Nototheniidae","Perciformes/Notothenioidei","Teleostei","Osteichthyes"
"1160","fishbase",6.73934,0.1597,3,468,"routine","none specified",2120,"Notothenia","Nototheniinae",0,1,"demersal","Notothenia rossii","Nototheniidae","Perciformes/Notothenioidei","Teleostei","Osteichthyes"
"1161","fishbase",12.64824,0.1597,3,468,"routine","none specified",2120,"Notothenia","Nototheniinae",0,1,"demersal","Notothenia rossii","Nototheniidae","Perciformes/Notothenioidei","Teleostei","Osteichthyes"
"1162","fishbase",37.2,1,1,468,"routine","none specified",2203,"Notothenia","Nototheniinae",0,1,"demersal","Notothenia rossii","Nototheniidae","Perciformes/Notothenioidei","Teleostei","Osteichthyes"
"1163","fishbase",2.66772,0.047,1,473,"standard","none specified",85173,"Chaenocephalus",NA,0,1,"demersal","Chaenocephalus aceratus","Channichthyidae","Perciformes/Notothenioidei","Teleostei","Osteichthyes"
"1164","fishbase",20.001,1.13,2,473,"standard","none specified",2120,"Chaenocephalus",NA,0,1,"demersal","Chaenocephalus aceratus","Channichthyidae","Perciformes/Notothenioidei","Teleostei","Osteichthyes"
"1165","fishbase",24.069,1.13,2,473,"standard","none specified",2120,"Chaenocephalus",NA,0,1,"demersal","Chaenocephalus aceratus","Channichthyidae","Perciformes/Notothenioidei","Teleostei","Osteichthyes"
"1166","fishbase",28.024,1.13,2,473,"standard","none specified",2120,"Chaenocephalus",NA,0,1,"demersal","Chaenocephalus aceratus","Channichthyidae","Perciformes/Notothenioidei","Teleostei","Osteichthyes"
"1167","fishbase",32.092,1.13,2,473,"standard","none specified",2120,"Chaenocephalus",NA,0,1,"demersal","Chaenocephalus aceratus","Channichthyidae","Perciformes/Notothenioidei","Teleostei","Osteichthyes"
"1168","fishbase",38.759,1.13,4,473,"standard","none specified",2120,"Chaenocephalus",NA,0,1,"demersal","Chaenocephalus aceratus","Channichthyidae","Perciformes/Notothenioidei","Teleostei","Osteichthyes"
"1169","fishbase",44.748,1.13,4,473,"standard","none specified",2120,"Chaenocephalus",NA,0,1,"demersal","Chaenocephalus aceratus","Channichthyidae","Perciformes/Notothenioidei","Teleostei","Osteichthyes"
"1170","fishbase",48.703,1.13,4,473,"standard","none specified",2120,"Chaenocephalus",NA,0,1,"demersal","Chaenocephalus aceratus","Channichthyidae","Perciformes/Notothenioidei","Teleostei","Osteichthyes"
"1171","fishbase",52.658,1.13,4,473,"standard","none specified",2120,"Chaenocephalus",NA,0,1,"demersal","Chaenocephalus aceratus","Channichthyidae","Perciformes/Notothenioidei","Teleostei","Osteichthyes"
"1172","fishbase",54.692,1.13,4,473,"standard","none specified",2120,"Chaenocephalus",NA,0,1,"demersal","Chaenocephalus aceratus","Channichthyidae","Perciformes/Notothenioidei","Teleostei","Osteichthyes"
"1173","fishbase",55.709,1.13,4,473,"standard","none specified",2120,"Chaenocephalus",NA,0,1,"demersal","Chaenocephalus aceratus","Channichthyidae","Perciformes/Notothenioidei","Teleostei","Osteichthyes"
"1174","fishbase",34.578,1.13,6,473,"standard","none specified",2120,"Chaenocephalus",NA,0,1,"demersal","Chaenocephalus aceratus","Channichthyidae","Perciformes/Notothenioidei","Teleostei","Osteichthyes"
"1175","fishbase",43.392,1.13,6,473,"standard","none specified",2120,"Chaenocephalus",NA,0,1,"demersal","Chaenocephalus aceratus","Channichthyidae","Perciformes/Notothenioidei","Teleostei","Osteichthyes"
"1176","fishbase",44.409,1.13,6,473,"standard","none specified",2120,"Chaenocephalus",NA,0,1,"demersal","Chaenocephalus aceratus","Channichthyidae","Perciformes/Notothenioidei","Teleostei","Osteichthyes"
"1177","fishbase",46.443,1.13,6,473,"standard","none specified",2120,"Chaenocephalus",NA,0,1,"demersal","Chaenocephalus aceratus","Channichthyidae","Perciformes/Notothenioidei","Teleostei","Osteichthyes"
"1178","fishbase",54.353,1.13,6,473,"standard","none specified",2120,"Chaenocephalus",NA,0,1,"demersal","Chaenocephalus aceratus","Channichthyidae","Perciformes/Notothenioidei","Teleostei","Osteichthyes"
"1179","fishbase",72.433,1.13,6,473,"standard","none specified",2120,"Chaenocephalus",NA,0,1,"demersal","Chaenocephalus aceratus","Channichthyidae","Perciformes/Notothenioidei","Teleostei","Osteichthyes"
"1180","fishbase",41.132,1.13,8,473,"standard","none specified",2120,"Chaenocephalus",NA,0,1,"demersal","Chaenocephalus aceratus","Channichthyidae","Perciformes/Notothenioidei","Teleostei","Osteichthyes"
"1181","fishbase",43.166,1.13,8,473,"standard","none specified",2120,"Chaenocephalus",NA,0,1,"demersal","Chaenocephalus aceratus","Channichthyidae","Perciformes/Notothenioidei","Teleostei","Osteichthyes"
"1182","fishbase",40.906,1.13,10,473,"standard","none specified",2120,"Chaenocephalus",NA,0,1,"demersal","Chaenocephalus aceratus","Channichthyidae","Perciformes/Notothenioidei","Teleostei","Osteichthyes"
"1183","fishbase",43.844,1.13,10,473,"standard","none specified",2120,"Chaenocephalus",NA,0,1,"demersal","Chaenocephalus aceratus","Channichthyidae","Perciformes/Notothenioidei","Teleostei","Osteichthyes"
"1184","fishbase",50.624,1.13,10,473,"standard","none specified",2120,"Chaenocephalus",NA,0,1,"demersal","Chaenocephalus aceratus","Channichthyidae","Perciformes/Notothenioidei","Teleostei","Osteichthyes"
"1185","fishbase",51.1224,1.432,1,473,"routine","none specified",2203,"Chaenocephalus",NA,0,1,"demersal","Chaenocephalus aceratus","Channichthyidae","Perciformes/Notothenioidei","Teleostei","Osteichthyes"
"1187","fishbase",0.02162,0.00023,5,479,"routine","none specified",2120,"Zoarces","Zoarcinae",1,1,"demersal","Zoarces viviparus","Zoarcidae","Perciformes/Zoarcoidei","Teleostei","Osteichthyes"
"1188","fishbase",0.03588,0.00023,5,479,"routine","none specified",2120,"Zoarces","Zoarcinae",1,1,"demersal","Zoarces viviparus","Zoarcidae","Perciformes/Zoarcoidei","Teleostei","Osteichthyes"
"1189","fishbase",0.0216,0.00024,5,479,"routine","none specified",2120,"Zoarces","Zoarcinae",1,1,"demersal","Zoarces viviparus","Zoarcidae","Perciformes/Zoarcoidei","Teleostei","Osteichthyes"
"1190","fishbase",0.03456,0.00024,5,479,"routine","none specified",2120,"Zoarces","Zoarcinae",1,1,"demersal","Zoarces viviparus","Zoarcidae","Perciformes/Zoarcoidei","Teleostei","Osteichthyes"
"1191","fishbase",0.0215,0.00025,5,479,"routine","none specified",2120,"Zoarces","Zoarcinae",1,1,"demersal","Zoarces viviparus","Zoarcidae","Perciformes/Zoarcoidei","Teleostei","Osteichthyes"
"1192","fishbase",0.026,0.00025,5,479,"routine","none specified",2120,"Zoarces","Zoarcinae",1,1,"demersal","Zoarces viviparus","Zoarcidae","Perciformes/Zoarcoidei","Teleostei","Osteichthyes"
"1193","fishbase",0.02088,0.00029,5,479,"routine","none specified",2120,"Zoarces","Zoarcinae",1,1,"demersal","Zoarces viviparus","Zoarcidae","Perciformes/Zoarcoidei","Teleostei","Osteichthyes"
"1194","fishbase",0.02378,0.00029,5,479,"routine","none specified",2120,"Zoarces","Zoarcinae",1,1,"demersal","Zoarces viviparus","Zoarcidae","Perciformes/Zoarcoidei","Teleostei","Osteichthyes"
"1278","fishbase",16.6077,0.27,12.2,509,"standard","none specified",2120,"Ophiodon","Ophiodontinae",0,1,"demersal","Ophiodon elongatus","Hexagrammidae","Perciformes/Cottoidei","Teleostei","Osteichthyes"
"1279","fishbase",31.0596,0.52,13.1,509,"standard","none specified",2120,"Ophiodon","Ophiodontinae",0,1,"demersal","Ophiodon elongatus","Hexagrammidae","Perciformes/Cottoidei","Teleostei","Osteichthyes"
"1280","fishbase",46.3505,0.85,13.2,509,"standard","none specified",2120,"Ophiodon","Ophiodontinae",0,1,"demersal","Ophiodon elongatus","Hexagrammidae","Perciformes/Cottoidei","Teleostei","Osteichthyes"
"1281","fishbase",52.8941,0.97,12,509,"standard","none specified",2120,"Ophiodon","Ophiodontinae",0,1,"demersal","Ophiodon elongatus","Hexagrammidae","Perciformes/Cottoidei","Teleostei","Osteichthyes"
"1282","fishbase",64.3,1,12,509,"routine","none specified",2203,"Ophiodon","Ophiodontinae",0,1,"demersal","Ophiodon elongatus","Hexagrammidae","Perciformes/Cottoidei","Teleostei","Osteichthyes"
"1283","fishbase",82.2,1.5,13,509,"standard","none specified",2120,"Ophiodon","Ophiodontinae",0,1,"demersal","Ophiodon elongatus","Hexagrammidae","Perciformes/Cottoidei","Teleostei","Osteichthyes"
"1284","fishbase",39.66363,1.591,12.1,509,"standard","none specified",2120,"Ophiodon","Ophiodontinae",0,1,"demersal","Ophiodon elongatus","Hexagrammidae","Perciformes/Cottoidei","Teleostei","Osteichthyes"
"1285","fishbase",46.4228,1.72,12.1,509,"standard","none specified",2120,"Ophiodon","Ophiodontinae",0,1,"demersal","Ophiodon elongatus","Hexagrammidae","Perciformes/Cottoidei","Teleostei","Osteichthyes"
"1286","fishbase",63.2852,2.09,12,509,"standard","none specified",2120,"Ophiodon","Ophiodontinae",0,1,"demersal","Ophiodon elongatus","Hexagrammidae","Perciformes/Cottoidei","Teleostei","Osteichthyes"
"1287","fishbase",106.76,3.4,10,509,"standard","none specified",2120,"Ophiodon","Ophiodontinae",0,1,"demersal","Ophiodon elongatus","Hexagrammidae","Perciformes/Cottoidei","Teleostei","Osteichthyes"
"1288","fishbase",164.2589,3.77,12.4,509,"standard","none specified",2120,"Ophiodon","Ophiodontinae",0,1,"demersal","Ophiodon elongatus","Hexagrammidae","Perciformes/Cottoidei","Teleostei","Osteichthyes"
"1289","fishbase",138.644,4.4,13,509,"standard","none specified",2120,"Ophiodon","Ophiodontinae",0,1,"demersal","Ophiodon elongatus","Hexagrammidae","Perciformes/Cottoidei","Teleostei","Osteichthyes"
"1290","fishbase",214.8982,6.82,12,509,"standard","none specified",2120,"Ophiodon","Ophiodontinae",0,1,"demersal","Ophiodon elongatus","Hexagrammidae","Perciformes/Cottoidei","Teleostei","Osteichthyes"
"1291","fishbase",219.9,7.33,11.8,509,"standard","none specified",2120,"Ophiodon","Ophiodontinae",0,1,"demersal","Ophiodon elongatus","Hexagrammidae","Perciformes/Cottoidei","Teleostei","Osteichthyes"
"1292","fishbase",322.5132,9.09,12,509,"standard","none specified",2120,"Ophiodon","Ophiodontinae",0,1,"demersal","Ophiodon elongatus","Hexagrammidae","Perciformes/Cottoidei","Teleostei","Osteichthyes"
"1293","fishbase",300,10,12,509,"routine","none specified",2203,"Ophiodon","Ophiodontinae",0,1,"demersal","Ophiodon elongatus","Hexagrammidae","Perciformes/Cottoidei","Teleostei","Osteichthyes"
"1294","fishbase",0.502875,0.01125,12,524,"standard","none specified",2120,"Pseudopleuronectes","Pleuronectinae",0,1,"demersal","Pseudopleuronectes americanus","Pleuronectidae","Pleuronectiformes","Teleostei","Osteichthyes"
"1295","fishbase",1.62,0.01125,12,524,"standard","none specified",2120,"Pseudopleuronectes","Pleuronectinae",0,1,"demersal","Pseudopleuronectes americanus","Pleuronectidae","Pleuronectiformes","Teleostei","Osteichthyes"
"1296","fishbase",0.429,0.013,9.9,524,"routine","none specified",2120,"Pseudopleuronectes","Pleuronectinae",0,1,"demersal","Pseudopleuronectes americanus","Pleuronectidae","Pleuronectiformes","Teleostei","Osteichthyes"
"1297","fishbase",1.8796,0.0148,20,524,"standard","none specified",2120,"Pseudopleuronectes","Pleuronectinae",0,1,"demersal","Pseudopleuronectes americanus","Pleuronectidae","Pleuronectiformes","Teleostei","Osteichthyes"
"1298","fishbase",3.4632,0.0148,20,524,"standard","none specified",2120,"Pseudopleuronectes","Pleuronectinae",0,1,"demersal","Pseudopleuronectes americanus","Pleuronectidae","Pleuronectiformes","Teleostei","Osteichthyes"
"1299","fishbase",2.81248,0.01496,20,524,"standard","none specified",2120,"Pseudopleuronectes","Pleuronectinae",0,1,"demersal","Pseudopleuronectes americanus","Pleuronectidae","Pleuronectiformes","Teleostei","Osteichthyes"
"1300","fishbase",5.20608,0.01496,20,524,"standard","none specified",2120,"Pseudopleuronectes","Pleuronectinae",0,1,"demersal","Pseudopleuronectes americanus","Pleuronectidae","Pleuronectiformes","Teleostei","Osteichthyes"
"1301","fishbase",1.4378,0.0158,21.5,524,"routine","none specified",2120,"Pseudopleuronectes","Pleuronectinae",0,1,"demersal","Pseudopleuronectes americanus","Pleuronectidae","Pleuronectiformes","Teleostei","Osteichthyes"
"1302","fishbase",2.46177,0.01609,20,524,"standard","none specified",2120,"Pseudopleuronectes","Pleuronectinae",0,1,"demersal","Pseudopleuronectes americanus","Pleuronectidae","Pleuronectiformes","Teleostei","Osteichthyes"
"1303","fishbase",3.49153,0.01609,20,524,"standard","none specified",2120,"Pseudopleuronectes","Pleuronectinae",0,1,"demersal","Pseudopleuronectes americanus","Pleuronectidae","Pleuronectiformes","Teleostei","Osteichthyes"
"1304","fishbase",1.3104,0.0168,21,524,"routine","none specified",2120,"Pseudopleuronectes","Pleuronectinae",0,1,"demersal","Pseudopleuronectes americanus","Pleuronectidae","Pleuronectiformes","Teleostei","Osteichthyes"
"1305","fishbase",1.8579,0.01689,20,524,"standard","none specified",2120,"Pseudopleuronectes","Pleuronectinae",0,1,"demersal","Pseudopleuronectes americanus","Pleuronectidae","Pleuronectiformes","Teleostei","Osteichthyes"
"1306","fishbase",5.7426,0.01689,20,524,"standard","none specified",2120,"Pseudopleuronectes","Pleuronectinae",0,1,"demersal","Pseudopleuronectes americanus","Pleuronectidae","Pleuronectiformes","Teleostei","Osteichthyes"
"1307","fishbase",2.9189,0.01717,16,524,"standard","none specified",2120,"Pseudopleuronectes","Pleuronectinae",0,1,"demersal","Pseudopleuronectes americanus","Pleuronectidae","Pleuronectiformes","Teleostei","Osteichthyes"
"1308","fishbase",3.48551,0.01717,16,524,"standard","none specified",2120,"Pseudopleuronectes","Pleuronectinae",0,1,"demersal","Pseudopleuronectes americanus","Pleuronectidae","Pleuronectiformes","Teleostei","Osteichthyes"
"1309","fishbase",5.07105,0.01719,24,524,"standard","none specified",2120,"Pseudopleuronectes","Pleuronectinae",0,1,"demersal","Pseudopleuronectes americanus","Pleuronectidae","Pleuronectiformes","Teleostei","Osteichthyes"
"1310","fishbase",6.91038,0.01719,24,524,"standard","none specified",2120,"Pseudopleuronectes","Pleuronectinae",0,1,"demersal","Pseudopleuronectes americanus","Pleuronectidae","Pleuronectiformes","Teleostei","Osteichthyes"
"1311","fishbase",0.6228,0.0173,10.7,524,"routine","none specified",2120,"Pseudopleuronectes","Pleuronectinae",0,1,"demersal","Pseudopleuronectes americanus","Pleuronectidae","Pleuronectiformes","Teleostei","Osteichthyes"
"1312","fishbase",1.86822,0.01746,16,524,"standard","none specified",2120,"Pseudopleuronectes","Pleuronectinae",0,1,"demersal","Pseudopleuronectes americanus","Pleuronectidae","Pleuronectiformes","Teleostei","Osteichthyes"
"1313","fishbase",4.46976,0.01746,16,524,"standard","none specified",2120,"Pseudopleuronectes","Pleuronectinae",0,1,"demersal","Pseudopleuronectes americanus","Pleuronectidae","Pleuronectiformes","Teleostei","Osteichthyes"
"1314","fishbase",3.2256,0.01792,16,524,"standard","none specified",2120,"Pseudopleuronectes","Pleuronectinae",0,1,"demersal","Pseudopleuronectes americanus","Pleuronectidae","Pleuronectiformes","Teleostei","Osteichthyes"
"1315","fishbase",4.99968,0.01792,16,524,"standard","none specified",2120,"Pseudopleuronectes","Pleuronectinae",0,1,"demersal","Pseudopleuronectes americanus","Pleuronectidae","Pleuronectiformes","Teleostei","Osteichthyes"
"1316","fishbase",0.936,0.018,10.3,524,"routine","none specified",2120,"Pseudopleuronectes","Pleuronectinae",0,1,"demersal","Pseudopleuronectes americanus","Pleuronectidae","Pleuronectiformes","Teleostei","Osteichthyes"
"1317","fishbase",1.245972,0.01911,12,524,"standard","none specified",2120,"Pseudopleuronectes","Pleuronectinae",0,1,"demersal","Pseudopleuronectes americanus","Pleuronectidae","Pleuronectiformes","Teleostei","Osteichthyes"
"1318","fishbase",1.540266,0.01911,12,524,"standard","none specified",2120,"Pseudopleuronectes","Pleuronectinae",0,1,"demersal","Pseudopleuronectes americanus","Pleuronectidae","Pleuronectiformes","Teleostei","Osteichthyes"
"1319","fishbase",0.7844,0.0212,10.3,524,"routine","none specified",2120,"Pseudopleuronectes","Pleuronectinae",0,1,"demersal","Pseudopleuronectes americanus","Pleuronectidae","Pleuronectiformes","Teleostei","Osteichthyes"
"1320","fishbase",1.284,0.0214,10.7,524,"routine","none specified",2120,"Pseudopleuronectes","Pleuronectinae",0,1,"demersal","Pseudopleuronectes americanus","Pleuronectidae","Pleuronectiformes","Teleostei","Osteichthyes"
"1321","fishbase",1.3786,0.0226,20,524,"routine","none specified",2120,"Pseudopleuronectes","Pleuronectinae",0,1,"demersal","Pseudopleuronectes americanus","Pleuronectidae","Pleuronectiformes","Teleostei","Osteichthyes"
"1322","fishbase",1.6632,0.0231,21.5,524,"routine","none specified",2120,"Pseudopleuronectes","Pleuronectinae",0,1,"demersal","Pseudopleuronectes americanus","Pleuronectidae","Pleuronectiformes","Teleostei","Osteichthyes"
"1323","fishbase",1.7464,0.0236,20,524,"routine","none specified",2120,"Pseudopleuronectes","Pleuronectinae",0,1,"demersal","Pseudopleuronectes americanus","Pleuronectidae","Pleuronectiformes","Teleostei","Osteichthyes"
"1324","fishbase",3.0734,0.0242,21,524,"routine","none specified",2120,"Pseudopleuronectes","Pleuronectinae",0,1,"demersal","Pseudopleuronectes americanus","Pleuronectidae","Pleuronectiformes","Teleostei","Osteichthyes"
"1325","fishbase",1.3365,0.0243,9.9,524,"routine","none specified",2120,"Pseudopleuronectes","Pleuronectinae",0,1,"demersal","Pseudopleuronectes americanus","Pleuronectidae","Pleuronectiformes","Teleostei","Osteichthyes"
"1326","fishbase",0.0860335,0.02615,12,524,"standard","none specified",2120,"Pseudopleuronectes","Pleuronectinae",0,1,"demersal","Pseudopleuronectes americanus","Pleuronectidae","Pleuronectiformes","Teleostei","Osteichthyes"
"1327","fishbase",1.540235,0.02615,12,524,"standard","none specified",2120,"Pseudopleuronectes","Pleuronectinae",0,1,"demersal","Pseudopleuronectes americanus","Pleuronectidae","Pleuronectiformes","Teleostei","Osteichthyes"
"1328","fishbase",2.49431,0.02741,20,524,"standard","none specified",2120,"Pseudopleuronectes","Pleuronectinae",0,1,"demersal","Pseudopleuronectes americanus","Pleuronectidae","Pleuronectiformes","Teleostei","Osteichthyes"
"1329","fishbase",6.8525,0.02741,20,524,"standard","none specified",2120,"Pseudopleuronectes","Pleuronectinae",0,1,"demersal","Pseudopleuronectes americanus","Pleuronectidae","Pleuronectiformes","Teleostei","Osteichthyes"
"1330","fishbase",0.461754,0.03018,12,524,"standard","none specified",2120,"Pseudopleuronectes","Pleuronectinae",0,1,"demersal","Pseudopleuronectes americanus","Pleuronectidae","Pleuronectiformes","Teleostei","Osteichthyes"
"1331","fishbase",0.893328,0.03018,12,524,"standard","none specified",2120,"Pseudopleuronectes","Pleuronectinae",0,1,"demersal","Pseudopleuronectes americanus","Pleuronectidae","Pleuronectiformes","Teleostei","Osteichthyes"
"1332","fishbase",4.60083,0.03263,20,524,"standard","none specified",2120,"Pseudopleuronectes","Pleuronectinae",0,1,"demersal","Pseudopleuronectes americanus","Pleuronectidae","Pleuronectiformes","Teleostei","Osteichthyes"
"1333","fishbase",7.34175,0.03263,20,524,"standard","none specified",2120,"Pseudopleuronectes","Pleuronectinae",0,1,"demersal","Pseudopleuronectes americanus","Pleuronectidae","Pleuronectiformes","Teleostei","Osteichthyes"
"1334","fishbase",2.378164,0.03412,16,524,"standard","none specified",2120,"Pseudopleuronectes","Pleuronectinae",0,1,"demersal","Pseudopleuronectes americanus","Pleuronectidae","Pleuronectiformes","Teleostei","Osteichthyes"
"1335","fishbase",4.53796,0.03412,16,524,"standard","none specified",2120,"Pseudopleuronectes","Pleuronectinae",0,1,"demersal","Pseudopleuronectes americanus","Pleuronectidae","Pleuronectiformes","Teleostei","Osteichthyes"
"1336","fishbase",9.54412,0.03548,24,524,"standard","none specified",2120,"Pseudopleuronectes","Pleuronectinae",0,1,"demersal","Pseudopleuronectes americanus","Pleuronectidae","Pleuronectiformes","Teleostei","Osteichthyes"
"1337","fishbase",16.60464,0.03548,24,524,"standard","none specified",2120,"Pseudopleuronectes","Pleuronectinae",0,1,"demersal","Pseudopleuronectes americanus","Pleuronectidae","Pleuronectiformes","Teleostei","Osteichthyes"
"1338","fishbase",2.080596,0.03948,16,524,"standard","none specified",2120,"Pseudopleuronectes","Pleuronectinae",0,1,"demersal","Pseudopleuronectes americanus","Pleuronectidae","Pleuronectiformes","Teleostei","Osteichthyes"
"1339","fishbase",13.345,0.0425,24,524,"standard","none specified",2120,"Pseudopleuronectes","Pleuronectinae",0,1,"demersal","Pseudopleuronectes americanus","Pleuronectidae","Pleuronectiformes","Teleostei","Osteichthyes"
"1340","fishbase",15.3425,0.0425,24,524,"standard","none specified",2120,"Pseudopleuronectes","Pleuronectinae",0,1,"demersal","Pseudopleuronectes americanus","Pleuronectidae","Pleuronectiformes","Teleostei","Osteichthyes"
"1341","fishbase",0.97155,0.04318,12,524,"standard","none specified",2120,"Pseudopleuronectes","Pleuronectinae",0,1,"demersal","Pseudopleuronectes americanus","Pleuronectidae","Pleuronectiformes","Teleostei","Osteichthyes"
"1342","fishbase",1.161542,0.04318,12,524,"standard","none specified",2120,"Pseudopleuronectes","Pleuronectinae",0,1,"demersal","Pseudopleuronectes americanus","Pleuronectidae","Pleuronectiformes","Teleostei","Osteichthyes"
"1343","fishbase",0.2267556,0.04866,12,524,"standard","none specified",2120,"Pseudopleuronectes","Pleuronectinae",0,1,"demersal","Pseudopleuronectes americanus","Pleuronectidae","Pleuronectiformes","Teleostei","Osteichthyes"
"1344","fishbase",2.666568,0.04866,12,524,"standard","none specified",2120,"Pseudopleuronectes","Pleuronectinae",0,1,"demersal","Pseudopleuronectes americanus","Pleuronectidae","Pleuronectiformes","Teleostei","Osteichthyes"
"1345","fishbase",4.74519,0.05186,16,524,"standard","none specified",2120,"Pseudopleuronectes","Pleuronectinae",0,1,"demersal","Pseudopleuronectes americanus","Pleuronectidae","Pleuronectiformes","Teleostei","Osteichthyes"
"1346","fishbase",10.57944,0.05186,16,524,"standard","none specified",2120,"Pseudopleuronectes","Pleuronectinae",0,1,"demersal","Pseudopleuronectes americanus","Pleuronectidae","Pleuronectiformes","Teleostei","Osteichthyes"
"1347","fishbase",10.75794,0.05406,20,524,"standard","none specified",2120,"Pseudopleuronectes","Pleuronectinae",0,1,"demersal","Pseudopleuronectes americanus","Pleuronectidae","Pleuronectiformes","Teleostei","Osteichthyes"
"1348","fishbase",13.67718,0.05406,20,524,"standard","none specified",2120,"Pseudopleuronectes","Pleuronectinae",0,1,"demersal","Pseudopleuronectes americanus","Pleuronectidae","Pleuronectiformes","Teleostei","Osteichthyes"
"1349","fishbase",5.55803,0.05503,16,524,"standard","none specified",2120,"Pseudopleuronectes","Pleuronectinae",0,1,"demersal","Pseudopleuronectes americanus","Pleuronectidae","Pleuronectiformes","Teleostei","Osteichthyes"
"1350","fishbase",10.67582,0.05503,16,524,"standard","none specified",2120,"Pseudopleuronectes","Pleuronectinae",0,1,"demersal","Pseudopleuronectes americanus","Pleuronectidae","Pleuronectiformes","Teleostei","Osteichthyes"
"1351","fishbase",14.10444,0.05597,24,524,"standard","none specified",2120,"Pseudopleuronectes","Pleuronectinae",0,1,"demersal","Pseudopleuronectes americanus","Pleuronectidae","Pleuronectiformes","Teleostei","Osteichthyes"
"1352","fishbase",18.80592,0.05597,24,524,"standard","none specified",2120,"Pseudopleuronectes","Pleuronectinae",0,1,"demersal","Pseudopleuronectes americanus","Pleuronectidae","Pleuronectiformes","Teleostei","Osteichthyes"
"1353","fishbase",11.60352,0.05688,24,524,"standard","none specified",2120,"Pseudopleuronectes","Pleuronectinae",0,1,"demersal","Pseudopleuronectes americanus","Pleuronectidae","Pleuronectiformes","Teleostei","Osteichthyes"
"1354","fishbase",23.15016,0.05688,24,524,"standard","none specified",2120,"Pseudopleuronectes","Pleuronectinae",0,1,"demersal","Pseudopleuronectes americanus","Pleuronectidae","Pleuronectiformes","Teleostei","Osteichthyes"
"1355","fishbase",44.02,0.568,20,524,"standard","none specified",2120,"Pseudopleuronectes","Pleuronectinae",0,1,"demersal","Pseudopleuronectes americanus","Pleuronectidae","Pleuronectiformes","Teleostei","Osteichthyes"
"1356","fishbase",27.3254,0.634,15,524,"standard","none specified",2120,"Pseudopleuronectes","Pleuronectinae",0,1,"demersal","Pseudopleuronectes americanus","Pleuronectidae","Pleuronectiformes","Teleostei","Osteichthyes"
"1357","fishbase",20.447,0.635,10,524,"standard","none specified",2120,"Pseudopleuronectes","Pleuronectinae",0,1,"demersal","Pseudopleuronectes americanus","Pleuronectidae","Pleuronectiformes","Teleostei","Osteichthyes"
"1358","fishbase",36.5016,0.681,15,524,"standard","none specified",2120,"Pseudopleuronectes","Pleuronectinae",0,1,"demersal","Pseudopleuronectes americanus","Pleuronectidae","Pleuronectiformes","Teleostei","Osteichthyes"
"1359","fishbase",14.0592,0.696,5,524,"standard","none specified",2120,"Pseudopleuronectes","Pleuronectinae",0,1,"demersal","Pseudopleuronectes americanus","Pleuronectidae","Pleuronectiformes","Teleostei","Osteichthyes"
"1360","fishbase",24.1292,0.716,10,524,"standard","none specified",2120,"Pseudopleuronectes","Pleuronectinae",0,1,"demersal","Pseudopleuronectes americanus","Pleuronectidae","Pleuronectiformes","Teleostei","Osteichthyes"
"1361","fishbase",5.152,0.028,18,525,"routine","none specified",2093,"Solea",NA,1,1,"demersal","Solea solea","Soleidae","Pleuronectiformes","Teleostei","Osteichthyes"
"1362","fishbase",7.4,0.037,18,525,"routine","none specified",2093,"Solea",NA,1,1,"demersal","Solea solea","Soleidae","Pleuronectiformes","Teleostei","Osteichthyes"
"1363","fishbase",7.774,0.046,18.5,525,"routine","none specified",2093,"Solea",NA,1,1,"demersal","Solea solea","Soleidae","Pleuronectiformes","Teleostei","Osteichthyes"
"1364","fishbase",10.54,0.062,18.5,525,"routine","none specified",2093,"Solea",NA,1,1,"demersal","Solea solea","Soleidae","Pleuronectiformes","Teleostei","Osteichthyes"
"1365","fishbase",17.52,0.08,18.5,525,"routine","none specified",2093,"Solea",NA,1,1,"demersal","Solea solea","Soleidae","Pleuronectiformes","Teleostei","Osteichthyes"
"1366","fishbase",19.425,0.185,14,525,"routine","none specified",2093,"Solea",NA,1,1,"demersal","Solea solea","Soleidae","Pleuronectiformes","Teleostei","Osteichthyes"
"1367","fishbase",9.6,0.05,18.5,529,"routine","none specified",2093,"Scophthalmus",NA,0,1,"demersal","Scophthalmus rhombus","Scophthalmidae","Pleuronectiformes","Teleostei","Osteichthyes"
"1368","fishbase",10.22,0.07,18.5,529,"routine","none specified",2093,"Scophthalmus",NA,0,1,"demersal","Scophthalmus rhombus","Scophthalmidae","Pleuronectiformes","Teleostei","Osteichthyes"
"1369","fishbase",18.85,0.145,18.5,529,"routine","none specified",2093,"Scophthalmus",NA,0,1,"demersal","Scophthalmus rhombus","Scophthalmidae","Pleuronectiformes","Teleostei","Osteichthyes"
"1374","fishbase",0.6804,0.007,10,695,"routine","none specified",2203,"Limanda","Pleuronectinae",0,1,"demersal","Limanda limanda","Pleuronectidae","Pleuronectiformes","Teleostei","Osteichthyes"
"1375","fishbase",8.33357,0.047,10,695,"standard","none specified",85173,"Limanda","Pleuronectinae",0,1,"demersal","Limanda limanda","Pleuronectidae","Pleuronectiformes","Teleostei","Osteichthyes"
"1376","fishbase",6.7968,0.236,10,695,"standard","none specified",2120,"Limanda","Pleuronectinae",0,1,"demersal","Limanda limanda","Pleuronectidae","Pleuronectiformes","Teleostei","Osteichthyes"
"1377","fishbase",5.908,0.4,5,695,"standard","none specified",2120,"Limanda","Pleuronectinae",0,1,"demersal","Limanda limanda","Pleuronectidae","Pleuronectiformes","Teleostei","Osteichthyes"
"1378","fishbase",1.03545,0.00767,13,785,"routine","none specified",2120,"Mugil",NA,1,1,"benthopelagic","Mugil cephalus","Mugilidae","Mugiliformes","Teleostei","Osteichthyes"
"1379","fishbase",1.13174,0.00797,13,785,"routine","none specified",2120,"Mugil",NA,1,1,"benthopelagic","Mugil cephalus","Mugilidae","Mugiliformes","Teleostei","Osteichthyes"
"1380","fishbase",3.04954,0.00962,33,785,"routine","none specified",2120,"Mugil",NA,1,1,"benthopelagic","Mugil cephalus","Mugilidae","Mugiliformes","Teleostei","Osteichthyes"
"1381","fishbase",1.54998,0.00981,18,785,"routine","none specified",2120,"Mugil",NA,1,1,"benthopelagic","Mugil cephalus","Mugilidae","Mugiliformes","Teleostei","Osteichthyes"
"1382","fishbase",1.2296,0.0106,13,785,"routine","none specified",2120,"Mugil",NA,1,1,"benthopelagic","Mugil cephalus","Mugilidae","Mugiliformes","Teleostei","Osteichthyes"
"1383","fishbase",2.7888,0.0112,28,785,"routine","none specified",2120,"Mugil",NA,1,1,"benthopelagic","Mugil cephalus","Mugilidae","Mugiliformes","Teleostei","Osteichthyes"
"1384","fishbase",2.42,0.0121,23,785,"routine","none specified",2120,"Mugil",NA,1,1,"benthopelagic","Mugil cephalus","Mugilidae","Mugiliformes","Teleostei","Osteichthyes"
"1385","fishbase",3.6162,0.0147,28,785,"routine","none specified",2120,"Mugil",NA,1,1,"benthopelagic","Mugil cephalus","Mugilidae","Mugiliformes","Teleostei","Osteichthyes"
"1386","fishbase",2.6376,0.0168,18,785,"routine","none specified",2120,"Mugil",NA,1,1,"benthopelagic","Mugil cephalus","Mugilidae","Mugiliformes","Teleostei","Osteichthyes"
"1387","fishbase",4.9364,0.0172,33,785,"routine","none specified",2120,"Mugil",NA,1,1,"benthopelagic","Mugil cephalus","Mugilidae","Mugiliformes","Teleostei","Osteichthyes"
"1388","fishbase",2.8224,0.0192,18,785,"routine","none specified",2120,"Mugil",NA,1,1,"benthopelagic","Mugil cephalus","Mugilidae","Mugiliformes","Teleostei","Osteichthyes"
"1389","fishbase",2.3896,0.0206,18,785,"routine","none specified",2120,"Mugil",NA,1,1,"benthopelagic","Mugil cephalus","Mugilidae","Mugiliformes","Teleostei","Osteichthyes"
"1390","fishbase",3.3867,0.0213,28,785,"routine","none specified",2120,"Mugil",NA,1,1,"benthopelagic","Mugil cephalus","Mugilidae","Mugiliformes","Teleostei","Osteichthyes"
"1391","fishbase",2.30538,0.0231,13,785,"routine","none specified",2120,"Mugil",NA,1,1,"benthopelagic","Mugil cephalus","Mugilidae","Mugiliformes","Teleostei","Osteichthyes"
"1392","fishbase",1.9656,0.0252,13,785,"routine","none specified",2120,"Mugil",NA,1,1,"benthopelagic","Mugil cephalus","Mugilidae","Mugiliformes","Teleostei","Osteichthyes"
"1393","fishbase",7.252,0.0296,33,785,"routine","none specified",2120,"Mugil",NA,1,1,"benthopelagic","Mugil cephalus","Mugilidae","Mugiliformes","Teleostei","Osteichthyes"
"1394","fishbase",5.425,0.031,33,785,"routine","none specified",2120,"Mugil",NA,1,1,"benthopelagic","Mugil cephalus","Mugilidae","Mugiliformes","Teleostei","Osteichthyes"
"1395","fishbase",3.15882,0.0322,18,785,"routine","none specified",2120,"Mugil",NA,1,1,"benthopelagic","Mugil cephalus","Mugilidae","Mugiliformes","Teleostei","Osteichthyes"
"1396","fishbase",2.0368,0.0335,13,785,"routine","none specified",2120,"Mugil",NA,1,1,"benthopelagic","Mugil cephalus","Mugilidae","Mugiliformes","Teleostei","Osteichthyes"
"1397","fishbase",4.6376,0.0341,28,785,"routine","none specified",2120,"Mugil",NA,1,1,"benthopelagic","Mugil cephalus","Mugilidae","Mugiliformes","Teleostei","Osteichthyes"
"1398","fishbase",5.4648,0.0396,23,785,"routine","none specified",2120,"Mugil",NA,1,1,"benthopelagic","Mugil cephalus","Mugilidae","Mugiliformes","Teleostei","Osteichthyes"
"1399","fishbase",9.548,0.0434,33,785,"routine","none specified",2120,"Mugil",NA,1,1,"benthopelagic","Mugil cephalus","Mugilidae","Mugiliformes","Teleostei","Osteichthyes"
"1400","fishbase",9.2336,0.0464,28,785,"routine","none specified",2120,"Mugil",NA,1,1,"benthopelagic","Mugil cephalus","Mugilidae","Mugiliformes","Teleostei","Osteichthyes"
"1401","fishbase",4.78883,0.047,18,785,"standard","none specified",85173,"Mugil",NA,1,1,"benthopelagic","Mugil cephalus","Mugilidae","Mugiliformes","Teleostei","Osteichthyes"
"1402","fishbase",6.66225,0.047,18,785,"standard","none specified",85173,"Mugil",NA,1,1,"benthopelagic","Mugil cephalus","Mugilidae","Mugiliformes","Teleostei","Osteichthyes"
"1403","fishbase",6.528,0.0544,23,785,"routine","none specified",2120,"Mugil",NA,1,1,"benthopelagic","Mugil cephalus","Mugilidae","Mugiliformes","Teleostei","Osteichthyes"
"1404","fishbase",7.7792,0.0544,23,785,"routine","none specified",2120,"Mugil",NA,1,1,"benthopelagic","Mugil cephalus","Mugilidae","Mugiliformes","Teleostei","Osteichthyes"
"1405","fishbase",6.7592,0.0568,33,785,"routine","none specified",2120,"Mugil",NA,1,1,"benthopelagic","Mugil cephalus","Mugilidae","Mugiliformes","Teleostei","Osteichthyes"
"1406","fishbase",11.9756,0.0637,33,785,"routine","none specified",2120,"Mugil",NA,1,1,"benthopelagic","Mugil cephalus","Mugilidae","Mugiliformes","Teleostei","Osteichthyes"
"1407","fishbase",6.92988,0.079,16,785,"standard","none specified",2120,"Mugil",NA,1,1,"benthopelagic","Mugil cephalus","Mugilidae","Mugiliformes","Teleostei","Osteichthyes"
"1408","fishbase",5.8181,0.0797,23,785,"routine","none specified",2120,"Mugil",NA,1,1,"benthopelagic","Mugil cephalus","Mugilidae","Mugiliformes","Teleostei","Osteichthyes"
"1409","fishbase",7.9808,0.086,28,785,"routine","none specified",2120,"Mugil",NA,1,1,"benthopelagic","Mugil cephalus","Mugilidae","Mugiliformes","Teleostei","Osteichthyes"
"1410","fishbase",7.04577,0.0893,23,785,"routine","none specified",2120,"Mugil",NA,1,1,"benthopelagic","Mugil cephalus","Mugilidae","Mugiliformes","Teleostei","Osteichthyes"
"1411","fishbase",14.904,0.092,23,785,"routine","none specified",2120,"Mugil",NA,1,1,"benthopelagic","Mugil cephalus","Mugilidae","Mugiliformes","Teleostei","Osteichthyes"
"1412","fishbase",20.711,0.1,20.8,785,"standard","none specified",2120,"Mugil",NA,1,1,"benthopelagic","Mugil cephalus","Mugilidae","Mugiliformes","Teleostei","Osteichthyes"
"1413","fishbase",18.74862,0.102,21.5,785,"standard","none specified",2120,"Mugil",NA,1,1,"benthopelagic","Mugil cephalus","Mugilidae","Mugiliformes","Teleostei","Osteichthyes"
"1414","fishbase",13.5883,0.11,21,785,"standard","none specified",2120,"Mugil",NA,1,1,"benthopelagic","Mugil cephalus","Mugilidae","Mugiliformes","Teleostei","Osteichthyes"
"1415","fishbase",7.1645,0.115,15.4,785,"standard","none specified",2120,"Mugil",NA,1,1,"benthopelagic","Mugil cephalus","Mugilidae","Mugiliformes","Teleostei","Osteichthyes"
"1416","fishbase",17.01372,0.116,19.3,785,"standard","none specified",2120,"Mugil",NA,1,1,"benthopelagic","Mugil cephalus","Mugilidae","Mugiliformes","Teleostei","Osteichthyes"
"1417","fishbase",13.79,0.14,20,785,"standard","none specified",2120,"Mugil",NA,1,1,"benthopelagic","Mugil cephalus","Mugilidae","Mugiliformes","Teleostei","Osteichthyes"
"1418","fishbase",18.76,0.14,20,785,"standard","none specified",2120,"Mugil",NA,1,1,"benthopelagic","Mugil cephalus","Mugilidae","Mugiliformes","Teleostei","Osteichthyes"
"1419","fishbase",48.58,0.14,20,785,"routine","none specified",2120,"Mugil",NA,1,1,"benthopelagic","Mugil cephalus","Mugilidae","Mugiliformes","Teleostei","Osteichthyes"
"1420","fishbase",49.98,0.14,20,785,"routine","none specified",2120,"Mugil",NA,1,1,"benthopelagic","Mugil cephalus","Mugilidae","Mugiliformes","Teleostei","Osteichthyes"
"1421","fishbase",58.52,0.14,20,785,"routine","none specified",2120,"Mugil",NA,1,1,"benthopelagic","Mugil cephalus","Mugilidae","Mugiliformes","Teleostei","Osteichthyes"
"1422","fishbase",73.22,0.14,20,785,"routine","none specified",2120,"Mugil",NA,1,1,"benthopelagic","Mugil cephalus","Mugilidae","Mugiliformes","Teleostei","Osteichthyes"
"1423","fishbase",44.94,0.21,28.5,785,"standard","none specified",2120,"Mugil",NA,1,1,"benthopelagic","Mugil cephalus","Mugilidae","Mugiliformes","Teleostei","Osteichthyes"
"1424","fishbase",42.158,0.214,28.5,785,"standard","none specified",2120,"Mugil",NA,1,1,"benthopelagic","Mugil cephalus","Mugilidae","Mugiliformes","Teleostei","Osteichthyes"
"1425","fishbase",45.771,0.219,28.5,785,"standard","none specified",2120,"Mugil",NA,1,1,"benthopelagic","Mugil cephalus","Mugilidae","Mugiliformes","Teleostei","Osteichthyes"
"1426","fishbase",11.3152,0.221,14.5,785,"standard","none specified",2120,"Mugil",NA,1,1,"benthopelagic","Mugil cephalus","Mugilidae","Mugiliformes","Teleostei","Osteichthyes"
"1427","fishbase",16.335,0.225,14.5,785,"standard","none specified",2120,"Mugil",NA,1,1,"benthopelagic","Mugil cephalus","Mugilidae","Mugiliformes","Teleostei","Osteichthyes"
"1428","fishbase",43.65,0.225,28.5,785,"standard","none specified",2120,"Mugil",NA,1,1,"benthopelagic","Mugil cephalus","Mugilidae","Mugiliformes","Teleostei","Osteichthyes"
"1429","fishbase",12.6854,0.238,14.5,785,"standard","none specified",2120,"Mugil",NA,1,1,"benthopelagic","Mugil cephalus","Mugilidae","Mugiliformes","Teleostei","Osteichthyes"
"1430","fishbase",18.389,0.259,14.5,785,"standard","none specified",2120,"Mugil",NA,1,1,"benthopelagic","Mugil cephalus","Mugilidae","Mugiliformes","Teleostei","Osteichthyes"
"1431","fishbase",12.7693,0.149,14,845,"routine","none specified",2203,"Scyliorhinus","Scyliorhininae",0,1,"demersal","Scyliorhinus canicula","Scyliorhinidae","Carcharhiniformes","Elasmobranchii","Chondrichthyes"
"1432","fishbase",17.1,0.15,12,845,"routine","none specified",2203,"Scyliorhinus","Scyliorhininae",0,1,"demersal","Scyliorhinus canicula","Scyliorhinidae","Carcharhiniformes","Elasmobranchii","Chondrichthyes"
"1433","fishbase",4.795,0.175,12,845,"standard","none specified",2120,"Scyliorhinus","Scyliorhininae",0,1,"demersal","Scyliorhinus canicula","Scyliorhinidae","Carcharhiniformes","Elasmobranchii","Chondrichthyes"
"1434","fishbase",23.2112,0.712,17,845,"standard","none specified",2120,"Scyliorhinus","Scyliorhininae",0,1,"demersal","Scyliorhinus canicula","Scyliorhinidae","Carcharhiniformes","Elasmobranchii","Chondrichthyes"
"1435","fishbase",29.0496,0.712,17,845,"standard","none specified",2120,"Scyliorhinus","Scyliorhininae",0,1,"demersal","Scyliorhinus canicula","Scyliorhinidae","Carcharhiniformes","Elasmobranchii","Chondrichthyes"
"1436","fishbase",33.2504,0.712,17,845,"standard","none specified",2120,"Scyliorhinus","Scyliorhininae",0,1,"demersal","Scyliorhinus canicula","Scyliorhinidae","Carcharhiniformes","Elasmobranchii","Chondrichthyes"
"1437","fishbase",36.9528,0.712,17,845,"standard","none specified",2120,"Scyliorhinus","Scyliorhininae",0,1,"demersal","Scyliorhinus canicula","Scyliorhinidae","Carcharhiniformes","Elasmobranchii","Chondrichthyes"
"1438","fishbase",40.0856,0.712,17,845,"standard","none specified",2120,"Scyliorhinus","Scyliorhininae",0,1,"demersal","Scyliorhinus canicula","Scyliorhinidae","Carcharhiniformes","Elasmobranchii","Chondrichthyes"
"1439","fishbase",41.652,0.712,17,845,"standard","none specified",2120,"Scyliorhinus","Scyliorhininae",0,1,"demersal","Scyliorhinus canicula","Scyliorhinidae","Carcharhiniformes","Elasmobranchii","Chondrichthyes"
"1440","fishbase",42.2216,0.712,17,845,"standard","none specified",2120,"Scyliorhinus","Scyliorhininae",0,1,"demersal","Scyliorhinus canicula","Scyliorhinidae","Carcharhiniformes","Elasmobranchii","Chondrichthyes"
"1441","fishbase",42.72,0.712,17,845,"standard","none specified",2120,"Scyliorhinus","Scyliorhininae",0,1,"demersal","Scyliorhinus canicula","Scyliorhinidae","Carcharhiniformes","Elasmobranchii","Chondrichthyes"
"1442","fishbase",39.4944,0.748,15,845,"standard","none specified",2120,"Scyliorhinus","Scyliorhininae",0,1,"demersal","Scyliorhinus canicula","Scyliorhinidae","Carcharhiniformes","Elasmobranchii","Chondrichthyes"
"1443","fishbase",51.6868,0.748,15,845,"standard","none specified",2120,"Scyliorhinus","Scyliorhininae",0,1,"demersal","Scyliorhinus canicula","Scyliorhinidae","Carcharhiniformes","Elasmobranchii","Chondrichthyes"
"1444","fishbase",20.8032,0.788,12,845,"standard","none specified",2120,"Scyliorhinus","Scyliorhininae",0,1,"demersal","Scyliorhinus canicula","Scyliorhinidae","Carcharhiniformes","Elasmobranchii","Chondrichthyes"
"1445","fishbase",23.1672,0.788,12,845,"standard","none specified",2120,"Scyliorhinus","Scyliorhininae",0,1,"demersal","Scyliorhinus canicula","Scyliorhinidae","Carcharhiniformes","Elasmobranchii","Chondrichthyes"
"1446","fishbase",26.1616,0.788,12,845,"standard","none specified",2120,"Scyliorhinus","Scyliorhininae",0,1,"demersal","Scyliorhinus canicula","Scyliorhinidae","Carcharhiniformes","Elasmobranchii","Chondrichthyes"
"1447","fishbase",28.5256,0.788,12,845,"standard","none specified",2120,"Scyliorhinus","Scyliorhininae",0,1,"demersal","Scyliorhinus canicula","Scyliorhinidae","Carcharhiniformes","Elasmobranchii","Chondrichthyes"
"1448","fishbase",29.0772,0.788,12,845,"standard","none specified",2120,"Scyliorhinus","Scyliorhininae",0,1,"demersal","Scyliorhinus canicula","Scyliorhinidae","Carcharhiniformes","Elasmobranchii","Chondrichthyes"
"1449","fishbase",18.4255,0.857,7,845,"standard","none specified",2120,"Scyliorhinus","Scyliorhininae",0,1,"demersal","Scyliorhinus canicula","Scyliorhinidae","Carcharhiniformes","Elasmobranchii","Chondrichthyes"
"1450","fishbase",21.0822,0.857,7,845,"standard","none specified",2120,"Scyliorhinus","Scyliorhininae",0,1,"demersal","Scyliorhinus canicula","Scyliorhinidae","Carcharhiniformes","Elasmobranchii","Chondrichthyes"
"1451","fishbase",23.6532,0.857,7,845,"standard","none specified",2120,"Scyliorhinus","Scyliorhininae",0,1,"demersal","Scyliorhinus canicula","Scyliorhinidae","Carcharhiniformes","Elasmobranchii","Chondrichthyes"
"1452","fishbase",24.3388,0.857,7,845,"standard","none specified",2120,"Scyliorhinus","Scyliorhininae",0,1,"demersal","Scyliorhinus canicula","Scyliorhinidae","Carcharhiniformes","Elasmobranchii","Chondrichthyes"
"1453","fishbase",25.0244,0.857,7,845,"standard","none specified",2120,"Scyliorhinus","Scyliorhininae",0,1,"demersal","Scyliorhinus canicula","Scyliorhinidae","Carcharhiniformes","Elasmobranchii","Chondrichthyes"
"1454","fishbase",26.3099,0.857,7,845,"standard","none specified",2120,"Scyliorhinus","Scyliorhininae",0,1,"demersal","Scyliorhinus canicula","Scyliorhinidae","Carcharhiniformes","Elasmobranchii","Chondrichthyes"
"1455","fishbase",52.008,0.66,18.5,854,"routine","none specified",2093,"Scyliorhinus","Scyliorhininae",0,1,"benthopelagic","Scyliorhinus stellaris","Scyliorhinidae","Carcharhiniformes","Elasmobranchii","Chondrichthyes"
"1456","fishbase",59.9375,0.685,18.5,854,"routine","none specified",2093,"Scyliorhinus","Scyliorhininae",0,1,"benthopelagic","Scyliorhinus stellaris","Scyliorhinidae","Carcharhiniformes","Elasmobranchii","Chondrichthyes"
"1457","fishbase",85.625,0.685,18.5,854,"routine","none specified",2093,"Scyliorhinus","Scyliorhininae",0,1,"benthopelagic","Scyliorhinus stellaris","Scyliorhinidae","Carcharhiniformes","Elasmobranchii","Chondrichthyes"
"1458","fishbase",83.28,1.735,17.5,854,"standard","none specified",2120,"Scyliorhinus","Scyliorhininae",0,1,"benthopelagic","Scyliorhinus stellaris","Scyliorhinidae","Carcharhiniformes","Elasmobranchii","Chondrichthyes"
"1459","fishbase",100.626,1.86,17,854,"standard","none specified",2120,"Scyliorhinus","Scyliorhininae",0,1,"benthopelagic","Scyliorhinus stellaris","Scyliorhinidae","Carcharhiniformes","Elasmobranchii","Chondrichthyes"
"1460","fishbase",113.142,2.18,16,854,"routine","none specified",2120,"Scyliorhinus","Scyliorhininae",0,1,"benthopelagic","Scyliorhinus stellaris","Scyliorhinidae","Carcharhiniformes","Elasmobranchii","Chondrichthyes"
"1461","fishbase",119.46,2.2,16,854,"routine","none specified",2203,"Scyliorhinus","Scyliorhininae",0,1,"benthopelagic","Scyliorhinus stellaris","Scyliorhinidae","Carcharhiniformes","Elasmobranchii","Chondrichthyes"
"1462","fishbase",25.3,2.3,16,854,"standard","none specified",2120,"Scyliorhinus","Scyliorhininae",0,1,"benthopelagic","Scyliorhinus stellaris","Scyliorhinidae","Carcharhiniformes","Elasmobranchii","Chondrichthyes"
"1463","fishbase",56.81,2.3,16,854,"standard","none specified",2120,"Scyliorhinus","Scyliorhininae",0,1,"benthopelagic","Scyliorhinus stellaris","Scyliorhinidae","Carcharhiniformes","Elasmobranchii","Chondrichthyes"
"1464","fishbase",63.25,2.3,16,854,"standard","none specified",2120,"Scyliorhinus","Scyliorhininae",0,1,"benthopelagic","Scyliorhinus stellaris","Scyliorhinidae","Carcharhiniformes","Elasmobranchii","Chondrichthyes"
"1465","fishbase",9.9682,2.53,18.3,854,"standard","none specified",2120,"Scyliorhinus","Scyliorhininae",0,1,"benthopelagic","Scyliorhinus stellaris","Scyliorhinidae","Carcharhiniformes","Elasmobranchii","Chondrichthyes"
"1466","fishbase",17.4823,2.53,18.3,854,"routine","none specified",2120,"Scyliorhinus","Scyliorhininae",0,1,"benthopelagic","Scyliorhinus stellaris","Scyliorhinidae","Carcharhiniformes","Elasmobranchii","Chondrichthyes"
"1467","fishbase",13.02,2.8,19,854,"standard","none specified",2120,"Scyliorhinus","Scyliorhininae",0,1,"benthopelagic","Scyliorhinus stellaris","Scyliorhinidae","Carcharhiniformes","Elasmobranchii","Chondrichthyes"
"1468","fishbase",19.068,2.8,19,854,"routine","none specified",2120,"Scyliorhinus","Scyliorhininae",0,1,"benthopelagic","Scyliorhinus stellaris","Scyliorhinidae","Carcharhiniformes","Elasmobranchii","Chondrichthyes"
"1533","fishbase",13.972,0.14,20,1086,"standard","none specified",2120,"Mugil",NA,1,1,"benthopelagic","Mugil curema","Mugilidae","Mugiliformes","Teleostei","Osteichthyes"
"1534","fishbase",15.26,0.14,20,1086,"standard","none specified",2120,"Mugil",NA,1,1,"benthopelagic","Mugil curema","Mugilidae","Mugiliformes","Teleostei","Osteichthyes"
"1535","fishbase",20.16,0.14,20,1086,"standard","none specified",2120,"Mugil",NA,1,1,"benthopelagic","Mugil curema","Mugilidae","Mugiliformes","Teleostei","Osteichthyes"
"1536","fishbase",22.54,0.14,20,1086,"standard","none specified",2120,"Mugil",NA,1,1,"benthopelagic","Mugil curema","Mugilidae","Mugiliformes","Teleostei","Osteichthyes"
"1537","fishbase",25.2,0.14,20,1086,"routine","none specified",2120,"Mugil",NA,1,1,"benthopelagic","Mugil curema","Mugilidae","Mugiliformes","Teleostei","Osteichthyes"
"1538","fishbase",49.56,0.14,20,1086,"routine","none specified",2120,"Mugil",NA,1,1,"benthopelagic","Mugil curema","Mugilidae","Mugiliformes","Teleostei","Osteichthyes"
"1539","fishbase",65.1,0.14,20,1086,"routine","none specified",2120,"Mugil",NA,1,1,"benthopelagic","Mugil curema","Mugilidae","Mugiliformes","Teleostei","Osteichthyes"
"1540","fishbase",73.64,0.14,20,1086,"routine","none specified",2120,"Mugil",NA,1,1,"benthopelagic","Mugil curema","Mugilidae","Mugiliformes","Teleostei","Osteichthyes"
"1548","fishbase",1.32399,0.047,5,1341,"standard","none specified",85173,"Platichthys","Pleuronectinae",1,1,"demersal","Platichthys flesus","Pleuronectidae","Pleuronectiformes","Teleostei","Osteichthyes"
"1549","fishbase",2.34201,0.047,6,1341,"standard","none specified",85173,"Platichthys","Pleuronectinae",1,1,"demersal","Platichthys flesus","Pleuronectidae","Pleuronectiformes","Teleostei","Osteichthyes"
"1550","fishbase",3.98842,0.047,10,1341,"standard","none specified",85173,"Platichthys","Pleuronectinae",1,1,"demersal","Platichthys flesus","Pleuronectidae","Pleuronectiformes","Teleostei","Osteichthyes"
"1551","fishbase",5.17799,0.047,14,1341,"standard","none specified",85173,"Platichthys","Pleuronectinae",1,1,"demersal","Platichthys flesus","Pleuronectidae","Pleuronectiformes","Teleostei","Osteichthyes"
"1552","fishbase",2.61085,0.047,15,1341,"standard","none specified",85173,"Platichthys","Pleuronectinae",1,1,"demersal","Platichthys flesus","Pleuronectidae","Pleuronectiformes","Teleostei","Osteichthyes"
"1553","fishbase",6.58987047,0.047,18,1341,"standard","none specified",85173,"Platichthys","Pleuronectinae",1,1,"demersal","Platichthys flesus","Pleuronectidae","Pleuronectiformes","Teleostei","Osteichthyes"
"1554","fishbase",7.04436,0.047,22,1341,"standard","none specified",85173,"Platichthys","Pleuronectinae",1,1,"demersal","Platichthys flesus","Pleuronectidae","Pleuronectiformes","Teleostei","Osteichthyes"
"1555","fishbase",3.92,0.35,9,1341,"standard","none specified",2120,"Platichthys","Pleuronectinae",1,1,"demersal","Platichthys flesus","Pleuronectidae","Pleuronectiformes","Teleostei","Osteichthyes"
"1556","fishbase",6.895,0.35,9,1341,"standard","none specified",2120,"Platichthys","Pleuronectinae",1,1,"demersal","Platichthys flesus","Pleuronectidae","Pleuronectiformes","Teleostei","Osteichthyes"
"1557","fishbase",13.51,0.35,9,1341,"standard","none specified",2120,"Platichthys","Pleuronectinae",1,1,"demersal","Platichthys flesus","Pleuronectidae","Pleuronectiformes","Teleostei","Osteichthyes"
"1558","fishbase",21.9336,0.494,10,1341,"standard","none specified",2120,"Platichthys","Pleuronectinae",1,1,"demersal","Platichthys flesus","Pleuronectidae","Pleuronectiformes","Teleostei","Osteichthyes"
"1559","fishbase",0.306,0.001,10,1342,"routine","none specified",2203,"Pleuronectes","Pleuronectinae",1,1,"demersal","Pleuronectes platessa","Pleuronectidae","Pleuronectiformes","Teleostei","Osteichthyes"
"1560","fishbase",0.612,0.001,15,1342,"routine","none specified",2203,"Pleuronectes","Pleuronectinae",1,1,"demersal","Pleuronectes platessa","Pleuronectidae","Pleuronectiformes","Teleostei","Osteichthyes"
"1561","fishbase",1.326,0.001,20,1342,"routine","none specified",2203,"Pleuronectes","Pleuronectinae",1,1,"demersal","Pleuronectes platessa","Pleuronectidae","Pleuronectiformes","Teleostei","Osteichthyes"
"1562","fishbase",0.518,0.002,10,1342,"routine","none specified",2203,"Pleuronectes","Pleuronectinae",1,1,"demersal","Pleuronectes platessa","Pleuronectidae","Pleuronectiformes","Teleostei","Osteichthyes"
"1563","fishbase",0.952,0.002,15,1342,"routine","none specified",2203,"Pleuronectes","Pleuronectinae",1,1,"demersal","Pleuronectes platessa","Pleuronectidae","Pleuronectiformes","Teleostei","Osteichthyes"
"1564","fishbase",2.178,0.002,20,1342,"routine","none specified",2203,"Pleuronectes","Pleuronectinae",1,1,"demersal","Pleuronectes platessa","Pleuronectidae","Pleuronectiformes","Teleostei","Osteichthyes"
"1565","fishbase",0.53,0.005,5,1342,"routine","none specified",2203,"Pleuronectes","Pleuronectinae",1,1,"demersal","Pleuronectes platessa","Pleuronectidae","Pleuronectiformes","Teleostei","Osteichthyes"
"1566","fishbase",0.96,0.005,10,1342,"routine","none specified",2203,"Pleuronectes","Pleuronectinae",1,1,"demersal","Pleuronectes platessa","Pleuronectidae","Pleuronectiformes","Teleostei","Osteichthyes"
"1567","fishbase",1.86,0.005,15,1342,"routine","none specified",2203,"Pleuronectes","Pleuronectinae",1,1,"demersal","Pleuronectes platessa","Pleuronectidae","Pleuronectiformes","Teleostei","Osteichthyes"
"1568","fishbase",2.86,0.005,20,1342,"routine","none specified",2203,"Pleuronectes","Pleuronectinae",1,1,"demersal","Pleuronectes platessa","Pleuronectidae","Pleuronectiformes","Teleostei","Osteichthyes"
"1569","fishbase",3.429,0.027,10,1342,"standard","none specified",2120,"Pleuronectes","Pleuronectinae",1,1,"demersal","Pleuronectes platessa","Pleuronectidae","Pleuronectiformes","Teleostei","Osteichthyes"
"1570","fishbase",4.536,0.027,20,1342,"standard","none specified",2120,"Pleuronectes","Pleuronectinae",1,1,"demersal","Pleuronectes platessa","Pleuronectidae","Pleuronectiformes","Teleostei","Osteichthyes"
"1571","fishbase",1.50776,0.047,2,1342,"standard","none specified",85173,"Pleuronectes","Pleuronectinae",1,1,"demersal","Pleuronectes platessa","Pleuronectidae","Pleuronectiformes","Teleostei","Osteichthyes"
"1572","fishbase",2.20524,0.047,6,1342,"standard","none specified",85173,"Pleuronectes","Pleuronectinae",1,1,"demersal","Pleuronectes platessa","Pleuronectidae","Pleuronectiformes","Teleostei","Osteichthyes"
"1573","fishbase",3.51889,0.047,10,1342,"standard","none specified",85173,"Pleuronectes","Pleuronectinae",1,1,"demersal","Pleuronectes platessa","Pleuronectidae","Pleuronectiformes","Teleostei","Osteichthyes"
"1574","fishbase",4.90868,0.047,10,1342,"standard","none specified",85173,"Pleuronectes","Pleuronectinae",1,1,"demersal","Pleuronectes platessa","Pleuronectidae","Pleuronectiformes","Teleostei","Osteichthyes"
"1575","fishbase",3.89818,0.047,14,1342,"standard","none specified",85173,"Pleuronectes","Pleuronectinae",1,1,"demersal","Pleuronectes platessa","Pleuronectidae","Pleuronectiformes","Teleostei","Osteichthyes"
"1576","fishbase",4.51858,0.047,18,1342,"standard","none specified",85173,"Pleuronectes","Pleuronectinae",1,1,"demersal","Pleuronectes platessa","Pleuronectidae","Pleuronectiformes","Teleostei","Osteichthyes"
"1577","fishbase",6.38401,0.047,22,1342,"standard","none specified",85173,"Pleuronectes","Pleuronectinae",1,1,"demersal","Pleuronectes platessa","Pleuronectidae","Pleuronectiformes","Teleostei","Osteichthyes"
"1578","fishbase",6.6792,0.092,20,1342,"standard","none specified",2120,"Pleuronectes","Pleuronectinae",1,1,"demersal","Pleuronectes platessa","Pleuronectidae","Pleuronectiformes","Teleostei","Osteichthyes"
"1579","fishbase",6.636,0.105,15,1342,"standard","none specified",2120,"Pleuronectes","Pleuronectinae",1,1,"demersal","Pleuronectes platessa","Pleuronectidae","Pleuronectiformes","Teleostei","Osteichthyes"
"1580","fishbase",6.5826,0.106,20,1342,"standard","none specified",2120,"Pleuronectes","Pleuronectinae",1,1,"demersal","Pleuronectes platessa","Pleuronectidae","Pleuronectiformes","Teleostei","Osteichthyes"
"1581","fishbase",4.862,0.11,10,1342,"standard","none specified",2120,"Pleuronectes","Pleuronectinae",1,1,"demersal","Pleuronectes platessa","Pleuronectidae","Pleuronectiformes","Teleostei","Osteichthyes"
"1582","fishbase",7.128,0.11,15,1342,"standard","none specified",2120,"Pleuronectes","Pleuronectinae",1,1,"demersal","Pleuronectes platessa","Pleuronectidae","Pleuronectiformes","Teleostei","Osteichthyes"
"1583","fishbase",14.3,0.11,20,1342,"standard","none specified",2120,"Pleuronectes","Pleuronectinae",1,1,"demersal","Pleuronectes platessa","Pleuronectidae","Pleuronectiformes","Teleostei","Osteichthyes"
"1584","fishbase",4.38,0.12,10,1342,"standard","none specified",2120,"Pleuronectes","Pleuronectinae",1,1,"demersal","Pleuronectes platessa","Pleuronectidae","Pleuronectiformes","Teleostei","Osteichthyes"
"1585","fishbase",6.024,0.12,10,1342,"standard","none specified",2120,"Pleuronectes","Pleuronectinae",1,1,"demersal","Pleuronectes platessa","Pleuronectidae","Pleuronectiformes","Teleostei","Osteichthyes"
"1586","fishbase",7.776,0.12,15,1342,"standard","none specified",2120,"Pleuronectes","Pleuronectinae",1,1,"demersal","Pleuronectes platessa","Pleuronectidae","Pleuronectiformes","Teleostei","Osteichthyes"
"1587","fishbase",3.8936,0.124,10,1342,"standard","none specified",2120,"Pleuronectes","Pleuronectinae",1,1,"demersal","Pleuronectes platessa","Pleuronectidae","Pleuronectiformes","Teleostei","Osteichthyes"
"1588","fishbase",5.1689,0.127,10,1342,"standard","none specified",2120,"Pleuronectes","Pleuronectinae",1,1,"demersal","Pleuronectes platessa","Pleuronectidae","Pleuronectiformes","Teleostei","Osteichthyes"
"1589","fishbase",10.985,0.13,20,1342,"standard","none specified",2120,"Pleuronectes","Pleuronectinae",1,1,"demersal","Pleuronectes platessa","Pleuronectidae","Pleuronectiformes","Teleostei","Osteichthyes"
"1590","fishbase",12.6192,0.132,20,1342,"standard","none specified",2120,"Pleuronectes","Pleuronectinae",1,1,"demersal","Pleuronectes platessa","Pleuronectidae","Pleuronectiformes","Teleostei","Osteichthyes"
"1591","fishbase",6.15,0.15,10,1342,"standard","none specified",2120,"Pleuronectes","Pleuronectinae",1,1,"demersal","Pleuronectes platessa","Pleuronectidae","Pleuronectiformes","Teleostei","Osteichthyes"
"1592","fishbase",6.9678,0.158,10,1342,"standard","none specified",2120,"Pleuronectes","Pleuronectinae",1,1,"demersal","Pleuronectes platessa","Pleuronectidae","Pleuronectiformes","Teleostei","Osteichthyes"
"1593","fishbase",7.7736,0.164,10,1342,"standard","none specified",2120,"Pleuronectes","Pleuronectinae",1,1,"demersal","Pleuronectes platessa","Pleuronectidae","Pleuronectiformes","Teleostei","Osteichthyes"
"1594","fishbase",7.7748,0.186,10,1342,"standard","none specified",2120,"Pleuronectes","Pleuronectinae",1,1,"demersal","Pleuronectes platessa","Pleuronectidae","Pleuronectiformes","Teleostei","Osteichthyes"
"1595","fishbase",5.569980193,0.28860001,5,1342,"standard","none specified",2120,"Pleuronectes","Pleuronectinae",1,1,"demersal","Pleuronectes platessa","Pleuronectidae","Pleuronectiformes","Teleostei","Osteichthyes"
"1596","fishbase",11.9952,0.294,10,1342,"standard","none specified",2120,"Pleuronectes","Pleuronectinae",1,1,"demersal","Pleuronectes platessa","Pleuronectidae","Pleuronectiformes","Teleostei","Osteichthyes"
"1597","fishbase",12.1072,0.322,10,1342,"standard","none specified",2120,"Pleuronectes","Pleuronectinae",1,1,"demersal","Pleuronectes platessa","Pleuronectidae","Pleuronectiformes","Teleostei","Osteichthyes"
"1598","fishbase",12.2943,0.383,10,1342,"standard","none specified",2120,"Pleuronectes","Pleuronectinae",1,1,"demersal","Pleuronectes platessa","Pleuronectidae","Pleuronectiformes","Teleostei","Osteichthyes"
"1599","fishbase",18.3898,0.572,10,1342,"standard","none specified",2120,"Pleuronectes","Pleuronectinae",1,1,"demersal","Pleuronectes platessa","Pleuronectidae","Pleuronectiformes","Teleostei","Osteichthyes"
"1600","fishbase",29.1352,0.632,10,1342,"standard","none specified",2120,"Pleuronectes","Pleuronectinae",1,1,"demersal","Pleuronectes platessa","Pleuronectidae","Pleuronectiformes","Teleostei","Osteichthyes"
"1601","fishbase",36.48,0.32,15,1348,"routine","none specified",2093,"Scophthalmus",NA,1,1,"demersal","Scophthalmus maximus","Scophthalmidae","Pleuronectiformes","Teleostei","Osteichthyes"
"1634","fishbase",45.5838,0.697,26,1387,"standard","none specified",5593,"Oreochromis","Pseudocrenilabrinae",1,0,"benthopelagic","Oreochromis aureus","Cichlidae","Cichliformes","Teleostei","Osteichthyes"
"1635","fishbase",55.063,0.697,26,1387,"routine","none specified",5593,"Oreochromis","Pseudocrenilabrinae",1,0,"benthopelagic","Oreochromis aureus","Cichlidae","Cichliformes","Teleostei","Osteichthyes"
"1636","fishbase",26.5353,0.3655,15,1423,"routine","none specified",2120,"Lutjanus","Lutjaninae",0,1,"benthopelagic","Lutjanus campechanus","Lutjanidae","Eupercaria/misc","Teleostei","Osteichthyes"
"1637","fishbase",32.56605,0.3655,20,1423,"routine","none specified",2120,"Lutjanus","Lutjaninae",0,1,"benthopelagic","Lutjanus campechanus","Lutjanidae","Eupercaria/misc","Teleostei","Osteichthyes"
"1638","fishbase",0.0045824,3.2e-06,20.6,1450,"routine","none specified",2093,"Cyprinus","Cyprininae",1,0,"benthopelagic","Cyprinus carpio","Cyprinidae","Cypriniformes","Teleostei","Osteichthyes"
"1639","fishbase",0.020514,2.63e-05,21.9,1450,"routine","none specified",2093,"Cyprinus","Cyprininae",1,0,"benthopelagic","Cyprinus carpio","Cyprinidae","Cypriniformes","Teleostei","Osteichthyes"
"1640","fishbase",0.13916,0.00014,25.5,1450,"routine","none specified",2093,"Cyprinus","Cyprininae",1,0,"benthopelagic","Cyprinus carpio","Cyprinidae","Cypriniformes","Teleostei","Osteichthyes"
"1641","fishbase",0.48048,0.00056,24,1450,"routine","none specified",2093,"Cyprinus","Cyprininae",1,0,"benthopelagic","Cyprinus carpio","Cyprinidae","Cypriniformes","Teleostei","Osteichthyes"
"1642","fishbase",0.6587,7e-04,29.9,1450,"routine","none specified",2093,"Cyprinus","Cyprininae",1,0,"benthopelagic","Cyprinus carpio","Cyprinidae","Cypriniformes","Teleostei","Osteichthyes"
"1643","fishbase",1.8326,0.00085,25,1450,"routine","none specified",2120,"Cyprinus","Cyprininae",1,0,"benthopelagic","Cyprinus carpio","Cyprinidae","Cypriniformes","Teleostei","Osteichthyes"
"1644","fishbase",0.03819,0.00095,12.9,1450,"routine","none specified",2120,"Cyprinus","Cyprininae",1,0,"benthopelagic","Cyprinus carpio","Cyprinidae","Cypriniformes","Teleostei","Osteichthyes"
"1645","fishbase",0.06593,0.00095,14.9,1450,"routine","none specified",2120,"Cyprinus","Cyprininae",1,0,"benthopelagic","Cyprinus carpio","Cyprinidae","Cypriniformes","Teleostei","Osteichthyes"
"1646","fishbase",0.08436,0.00095,17,1450,"routine","none specified",2120,"Cyprinus","Cyprininae",1,0,"benthopelagic","Cyprinus carpio","Cyprinidae","Cypriniformes","Teleostei","Osteichthyes"
"1647","fishbase",0.09975,0.00095,19,1450,"routine","none specified",2120,"Cyprinus","Cyprininae",1,0,"benthopelagic","Cyprinus carpio","Cyprinidae","Cypriniformes","Teleostei","Osteichthyes"
"1648","fishbase",0.11875,0.00095,21.1,1450,"routine","none specified",2120,"Cyprinus","Cyprininae",1,0,"benthopelagic","Cyprinus carpio","Cyprinidae","Cypriniformes","Teleostei","Osteichthyes"
"1649","fishbase",0.15675,0.00095,23.1,1450,"routine","none specified",2120,"Cyprinus","Cyprininae",1,0,"benthopelagic","Cyprinus carpio","Cyprinidae","Cypriniformes","Teleostei","Osteichthyes"
"1650","fishbase",0.1862,0.00095,25,1450,"routine","none specified",2120,"Cyprinus","Cyprininae",1,0,"benthopelagic","Cyprinus carpio","Cyprinidae","Cypriniformes","Teleostei","Osteichthyes"
"1651","fishbase",1.49641,0.00151,30.4,1450,"routine","none specified",2093,"Cyprinus","Cyprininae",1,0,"benthopelagic","Cyprinus carpio","Cyprinidae","Cypriniformes","Teleostei","Osteichthyes"
"1652","fishbase",1,0.0025,20,1450,"routine","none specified",2093,"Cyprinus","Cyprininae",1,0,"benthopelagic","Cyprinus carpio","Cyprinidae","Cypriniformes","Teleostei","Osteichthyes"
"1653","fishbase",1.5064,0.00269,25.1,1450,"routine","none specified",2093,"Cyprinus","Cyprininae",1,0,"benthopelagic","Cyprinus carpio","Cyprinidae","Cypriniformes","Teleostei","Osteichthyes"
"1654","fishbase",1.512,0.0027,5,1450,"routine","none specified",2203,"Cyprinus","Cyprininae",1,0,"benthopelagic","Cyprinus carpio","Cyprinidae","Cypriniformes","Teleostei","Osteichthyes"
"1655","fishbase",1.8357,0.00435,20,1450,"routine","none specified",2093,"Cyprinus","Cyprininae",1,0,"benthopelagic","Cyprinus carpio","Cyprinidae","Cypriniformes","Teleostei","Osteichthyes"
"1656","fishbase",3.8496,0.0048,25,1450,"routine","none specified",2120,"Cyprinus","Cyprininae",1,0,"benthopelagic","Cyprinus carpio","Cyprinidae","Cypriniformes","Teleostei","Osteichthyes"
"1657","fishbase",2.175,0.0087,16.5,1450,"routine","none specified",2093,"Cyprinus","Cyprininae",1,0,"benthopelagic","Cyprinus carpio","Cyprinidae","Cypriniformes","Teleostei","Osteichthyes"
"1658","fishbase",2.448,0.009,19,1450,"routine","none specified",2093,"Cyprinus","Cyprininae",1,0,"benthopelagic","Cyprinus carpio","Cyprinidae","Cypriniformes","Teleostei","Osteichthyes"
"1659","fishbase",3.087,0.009,19,1450,"routine","none specified",2093,"Cyprinus","Cyprininae",1,0,"benthopelagic","Cyprinus carpio","Cyprinidae","Cypriniformes","Teleostei","Osteichthyes"
"1660","fishbase",1.14,0.01,10,1450,"standard","none specified",2203,"Cyprinus","Cyprininae",1,0,"benthopelagic","Cyprinus carpio","Cyprinidae","Cypriniformes","Teleostei","Osteichthyes"
"1661","fishbase",1.43,0.01,15,1450,"standard","none specified",2203,"Cyprinus","Cyprininae",1,0,"benthopelagic","Cyprinus carpio","Cyprinidae","Cypriniformes","Teleostei","Osteichthyes"
"1662","fishbase",0.329,0.01,19,1450,"routine","none specified",2203,"Cyprinus","Cyprininae",1,0,"benthopelagic","Cyprinus carpio","Cyprinidae","Cypriniformes","Teleostei","Osteichthyes"
"1663","fishbase",2.07,0.01,20,1450,"standard","none specified",2203,"Cyprinus","Cyprininae",1,0,"benthopelagic","Cyprinus carpio","Cyprinidae","Cypriniformes","Teleostei","Osteichthyes"
"1664","fishbase",3.8584,0.0104,19,1450,"routine","none specified",2093,"Cyprinus","Cyprininae",1,0,"benthopelagic","Cyprinus carpio","Cyprinidae","Cypriniformes","Teleostei","Osteichthyes"
"1665","fishbase",5.676,0.011,25,1450,"routine","none specified",2120,"Cyprinus","Cyprininae",1,0,"benthopelagic","Cyprinus carpio","Cyprinidae","Cypriniformes","Teleostei","Osteichthyes"
"1666","fishbase",4.331,0.0122,17.4,1450,"routine","none specified",2093,"Cyprinus","Cyprininae",1,0,"benthopelagic","Cyprinus carpio","Cyprinidae","Cypriniformes","Teleostei","Osteichthyes"
"1667","fishbase",4.5375,0.0125,20,1450,"routine","none specified",2093,"Cyprinus","Cyprininae",1,0,"benthopelagic","Cyprinus carpio","Cyprinidae","Cypriniformes","Teleostei","Osteichthyes"
"1668","fishbase",0.5831,0.017,19,1450,"routine","none specified",2203,"Cyprinus","Cyprininae",1,0,"benthopelagic","Cyprinus carpio","Cyprinidae","Cypriniformes","Teleostei","Osteichthyes"
"1669","fishbase",6.003,0.0174,19,1450,"routine","none specified",2093,"Cyprinus","Cyprininae",1,0,"benthopelagic","Cyprinus carpio","Cyprinidae","Cypriniformes","Teleostei","Osteichthyes"
"1670","fishbase",4.4625,0.0175,17,1450,"routine","none specified",2093,"Cyprinus","Cyprininae",1,0,"benthopelagic","Cyprinus carpio","Cyprinidae","Cypriniformes","Teleostei","Osteichthyes"
"1671","fishbase",6.7881,0.0187,25,1450,"routine","none specified",2120,"Cyprinus","Cyprininae",1,0,"benthopelagic","Cyprinus carpio","Cyprinidae","Cypriniformes","Teleostei","Osteichthyes"
"1672","fishbase",7.7121,0.0209,19,1450,"routine","none specified",2093,"Cyprinus","Cyprininae",1,0,"benthopelagic","Cyprinus carpio","Cyprinidae","Cypriniformes","Teleostei","Osteichthyes"
"1673","fishbase",0.7812,0.021,19,1450,"routine","none specified",2203,"Cyprinus","Cyprininae",1,0,"benthopelagic","Cyprinus carpio","Cyprinidae","Cypriniformes","Teleostei","Osteichthyes"
"1674","fishbase",5.2858,0.0247,9.8,1450,"routine","none specified",2093,"Cyprinus","Cyprininae",1,0,"benthopelagic","Cyprinus carpio","Cyprinidae","Cypriniformes","Teleostei","Osteichthyes"
"1675","fishbase",3.1232,0.0256,10.5,1450,"routine","none specified",2093,"Cyprinus","Cyprininae",1,0,"benthopelagic","Cyprinus carpio","Cyprinidae","Cypriniformes","Teleostei","Osteichthyes"
"1676","fishbase",1.505,0.035,20,1450,"routine","none specified",2093,"Cyprinus","Cyprininae",1,0,"benthopelagic","Cyprinus carpio","Cyprinidae","Cypriniformes","Teleostei","Osteichthyes"
"1677","fishbase",11.037,0.039,20,1450,"routine","none specified",2093,"Cyprinus","Cyprininae",1,0,"benthopelagic","Cyprinus carpio","Cyprinidae","Cypriniformes","Teleostei","Osteichthyes"
"1678","fishbase",10.0694,0.0398,19,1450,"routine","none specified",2093,"Cyprinus","Cyprininae",1,0,"benthopelagic","Cyprinus carpio","Cyprinidae","Cypriniformes","Teleostei","Osteichthyes"
"1679","fishbase",0.81028,0.047,10,1450,"standard","none specified",85173,"Cyprinus","Cyprininae",1,0,"benthopelagic","Cyprinus carpio","Cyprinidae","Cypriniformes","Teleostei","Osteichthyes"
"1680","fishbase",2.41533,0.047,20,1450,"standard","none specified",85173,"Cyprinus","Cyprininae",1,0,"benthopelagic","Cyprinus carpio","Cyprinidae","Cypriniformes","Teleostei","Osteichthyes"
"1681","fishbase",7.3649,0.047,25.1,1450,"standard","none specified",85173,"Cyprinus","Cyprininae",1,0,"benthopelagic","Cyprinus carpio","Cyprinidae","Cypriniformes","Teleostei","Osteichthyes"
"1682","fishbase",5.39231,0.047,30,1450,"standard","none specified",85173,"Cyprinus","Cyprininae",1,0,"benthopelagic","Cyprinus carpio","Cyprinidae","Cypriniformes","Teleostei","Osteichthyes"
"1683","fishbase",6.37367,0.047,35,1450,"standard","none specified",85173,"Cyprinus","Cyprininae",1,0,"benthopelagic","Cyprinus carpio","Cyprinidae","Cypriniformes","Teleostei","Osteichthyes"
"1684","fishbase",9.546,0.074,14,1450,"routine","none specified",2093,"Cyprinus","Cyprininae",1,0,"benthopelagic","Cyprinus carpio","Cyprinidae","Cypriniformes","Teleostei","Osteichthyes"
"1685","fishbase",2.14,0.1,10,1450,"routine","none specified",2203,"Cyprinus","Cyprininae",1,0,"benthopelagic","Cyprinus carpio","Cyprinidae","Cypriniformes","Teleostei","Osteichthyes"
"1686","fishbase",10,0.1,20,1450,"routine","none specified",2203,"Cyprinus","Cyprininae",1,0,"benthopelagic","Cyprinus carpio","Cyprinidae","Cypriniformes","Teleostei","Osteichthyes"
"1687","fishbase",21.4,0.1,30,1450,"routine","none specified",2203,"Cyprinus","Cyprininae",1,0,"benthopelagic","Cyprinus carpio","Cyprinidae","Cypriniformes","Teleostei","Osteichthyes"
"1688","fishbase",21.4,0.1,35,1450,"routine","none specified",2203,"Cyprinus","Cyprininae",1,0,"benthopelagic","Cyprinus carpio","Cyprinidae","Cypriniformes","Teleostei","Osteichthyes"
"1689","fishbase",11.077,0.106,30,1450,"standard","none specified",2120,"Cyprinus","Cyprininae",1,0,"benthopelagic","Cyprinus carpio","Cyprinidae","Cypriniformes","Teleostei","Osteichthyes"
"1690","fishbase",18.306,0.113,19.5,1450,"routine","none specified",2093,"Cyprinus","Cyprininae",1,0,"benthopelagic","Cyprinus carpio","Cyprinidae","Cypriniformes","Teleostei","Osteichthyes"
"1691","fishbase",15.7182,0.134,35,1450,"standard","none specified",2120,"Cyprinus","Cyprininae",1,0,"benthopelagic","Cyprinus carpio","Cyprinidae","Cypriniformes","Teleostei","Osteichthyes"
"1692","fishbase",7.008,0.146,20,1450,"standard","none specified",2120,"Cyprinus","Cyprininae",1,0,"benthopelagic","Cyprinus carpio","Cyprinidae","Cypriniformes","Teleostei","Osteichthyes"
"1693","fishbase",11.914,0.148,25,1450,"routine","none specified",2120,"Cyprinus","Cyprininae",1,0,"benthopelagic","Cyprinus carpio","Cyprinidae","Cypriniformes","Teleostei","Osteichthyes"
"1694","fishbase",10.3463,0.157,30,1450,"routine","none specified",2120,"Cyprinus","Cyprininae",1,0,"benthopelagic","Cyprinus carpio","Cyprinidae","Cypriniformes","Teleostei","Osteichthyes"
"1695","fishbase",2.958,0.174,10,1450,"standard","none specified",2120,"Cyprinus","Cyprininae",1,0,"benthopelagic","Cyprinus carpio","Cyprinidae","Cypriniformes","Teleostei","Osteichthyes"
"1696","fishbase",17.4,0.174,20,1450,"routine","none specified",2203,"Cyprinus","Cyprininae",1,0,"benthopelagic","Cyprinus carpio","Cyprinidae","Cypriniformes","Teleostei","Osteichthyes"
"1697","fishbase",35.186,0.241,17,1450,"routine","none specified",2093,"Cyprinus","Cyprininae",1,0,"benthopelagic","Cyprinus carpio","Cyprinidae","Cypriniformes","Teleostei","Osteichthyes"
"1698","fishbase",15.435,0.315,20,1450,"standard","none specified",2120,"Cyprinus","Cyprininae",1,0,"benthopelagic","Cyprinus carpio","Cyprinidae","Cypriniformes","Teleostei","Osteichthyes"
"1699","fishbase",17.01,0.315,20,1450,"standard","none specified",2120,"Cyprinus","Cyprininae",1,0,"benthopelagic","Cyprinus carpio","Cyprinidae","Cypriniformes","Teleostei","Osteichthyes"
"1700","fishbase",18.112,0.32,8.25,1450,"routine","none specified",2093,"Cyprinus","Cyprininae",1,0,"benthopelagic","Cyprinus carpio","Cyprinidae","Cypriniformes","Teleostei","Osteichthyes"
"1701","fishbase",25.1229,0.331,9.5,1450,"routine","none specified",2093,"Cyprinus","Cyprininae",1,0,"benthopelagic","Cyprinus carpio","Cyprinidae","Cypriniformes","Teleostei","Osteichthyes"
"1702","fishbase",73.03,0.335,20.6,1450,"routine","none specified",2093,"Cyprinus","Cyprininae",1,0,"benthopelagic","Cyprinus carpio","Cyprinidae","Cypriniformes","Teleostei","Osteichthyes"
"1703","fishbase",14.9385,0.345,11,1450,"routine","none specified",2093,"Cyprinus","Cyprininae",1,0,"benthopelagic","Cyprinus carpio","Cyprinidae","Cypriniformes","Teleostei","Osteichthyes"
"1704","fishbase",45.8712,0.554,24.5,1450,"standard","none specified",2120,"Cyprinus","Cyprininae",1,0,"benthopelagic","Cyprinus carpio","Cyprinidae","Cypriniformes","Teleostei","Osteichthyes"
"1705","fishbase",52.3365,0.555,25,1450,"routine","none specified",2120,"Cyprinus","Cyprininae",1,0,"benthopelagic","Cyprinus carpio","Cyprinidae","Cypriniformes","Teleostei","Osteichthyes"
"1706","fishbase",36.6333,0.561,24.5,1450,"standard","none specified",2120,"Cyprinus","Cyprininae",1,0,"benthopelagic","Cyprinus carpio","Cyprinidae","Cypriniformes","Teleostei","Osteichthyes"
"1707","fishbase",39.3822,0.561,24.5,1450,"standard","none specified",2120,"Cyprinus","Cyprininae",1,0,"benthopelagic","Cyprinus carpio","Cyprinidae","Cypriniformes","Teleostei","Osteichthyes"
"1708","fishbase",41.4018,0.561,24.5,1450,"standard","none specified",2120,"Cyprinus","Cyprininae",1,0,"benthopelagic","Cyprinus carpio","Cyprinidae","Cypriniformes","Teleostei","Osteichthyes"
"1709","fishbase",42.7482,0.561,24.5,1450,"standard","none specified",2120,"Cyprinus","Cyprininae",1,0,"benthopelagic","Cyprinus carpio","Cyprinidae","Cypriniformes","Teleostei","Osteichthyes"
"1710","fishbase",44.1507,0.561,24.5,1450,"standard","none specified",2120,"Cyprinus","Cyprininae",1,0,"benthopelagic","Cyprinus carpio","Cyprinidae","Cypriniformes","Teleostei","Osteichthyes"
"1711","fishbase",48.1899,0.561,24.5,1450,"standard","none specified",2120,"Cyprinus","Cyprininae",1,0,"benthopelagic","Cyprinus carpio","Cyprinidae","Cypriniformes","Teleostei","Osteichthyes"
"1712","fishbase",52.2852,0.561,24.5,1450,"standard","none specified",2120,"Cyprinus","Cyprininae",1,0,"benthopelagic","Cyprinus carpio","Cyprinidae","Cypriniformes","Teleostei","Osteichthyes"
"1713","fishbase",52.9584,0.561,24.5,1450,"standard","none specified",2120,"Cyprinus","Cyprininae",1,0,"benthopelagic","Cyprinus carpio","Cyprinidae","Cypriniformes","Teleostei","Osteichthyes"
"1714","fishbase",64.176,0.573,17.5,1450,"routine","none specified",2093,"Cyprinus","Cyprininae",1,0,"benthopelagic","Cyprinus carpio","Cyprinidae","Cypriniformes","Teleostei","Osteichthyes"
"1715","fishbase",45.6274,0.598,25.5,1450,"standard","none specified",2120,"Cyprinus","Cyprininae",1,0,"benthopelagic","Cyprinus carpio","Cyprinidae","Cypriniformes","Teleostei","Osteichthyes"
"1716","fishbase",78.862,0.602,20,1450,"routine","none specified",2093,"Cyprinus","Cyprininae",1,0,"benthopelagic","Cyprinus carpio","Cyprinidae","Cypriniformes","Teleostei","Osteichthyes"
"1717","fishbase",176.046,0.793,19,1450,"routine","none specified",2093,"Cyprinus","Cyprininae",1,0,"benthopelagic","Cyprinus carpio","Cyprinidae","Cypriniformes","Teleostei","Osteichthyes"
"1718","fishbase",34.485,0.95,10,1450,"routine","none specified",2120,"Cyprinus","Cyprininae",1,0,"benthopelagic","Cyprinus carpio","Cyprinidae","Cypriniformes","Teleostei","Osteichthyes"
"1719","fishbase",38,0.95,10,1450,"routine","none specified",2120,"Cyprinus","Cyprininae",1,0,"benthopelagic","Cyprinus carpio","Cyprinidae","Cypriniformes","Teleostei","Osteichthyes"
"1720","fishbase",42.275,0.95,10,1450,"routine","none specified",2120,"Cyprinus","Cyprininae",1,0,"benthopelagic","Cyprinus carpio","Cyprinidae","Cypriniformes","Teleostei","Osteichthyes"
"1721","fishbase",73.53,0.95,20,1450,"routine","none specified",2120,"Cyprinus","Cyprininae",1,0,"benthopelagic","Cyprinus carpio","Cyprinidae","Cypriniformes","Teleostei","Osteichthyes"
"1722","fishbase",75.335,0.95,20,1450,"routine","none specified",2120,"Cyprinus","Cyprininae",1,0,"benthopelagic","Cyprinus carpio","Cyprinidae","Cypriniformes","Teleostei","Osteichthyes"
"1723","fishbase",79.705,0.95,20,1450,"routine","none specified",2120,"Cyprinus","Cyprininae",1,0,"benthopelagic","Cyprinus carpio","Cyprinidae","Cypriniformes","Teleostei","Osteichthyes"
"1724","fishbase",124.134,1.217,20.8,1450,"routine","none specified",2093,"Cyprinus","Cyprininae",1,0,"benthopelagic","Cyprinus carpio","Cyprinidae","Cypriniformes","Teleostei","Osteichthyes"
"1725","fishbase",63.932,1.453,15,1450,"standard","none specified",2120,"Cyprinus","Cyprininae",1,0,"benthopelagic","Cyprinus carpio","Cyprinidae","Cypriniformes","Teleostei","Osteichthyes"
"1726","fishbase",112.2678,1.746,15,1450,"standard","none specified",2120,"Cyprinus","Cyprininae",1,0,"benthopelagic","Cyprinus carpio","Cyprinidae","Cypriniformes","Teleostei","Osteichthyes"
"1727","fishbase",90.297,1.905,15,1450,"standard","none specified",2120,"Cyprinus","Cyprininae",1,0,"benthopelagic","Cyprinus carpio","Cyprinidae","Cypriniformes","Teleostei","Osteichthyes"
"1728","fishbase",114.072,1.96,15,1450,"standard","none specified",2120,"Cyprinus","Cyprininae",1,0,"benthopelagic","Cyprinus carpio","Cyprinidae","Cypriniformes","Teleostei","Osteichthyes"
"1729","fishbase",370.861,2.831,19,1450,"routine","none specified",2093,"Cyprinus","Cyprininae",1,0,"benthopelagic","Cyprinus carpio","Cyprinidae","Cypriniformes","Teleostei","Osteichthyes"
"1730","fishbase",610.225,3.487,19,1450,"routine","none specified",2093,"Cyprinus","Cyprininae",1,0,"benthopelagic","Cyprinus carpio","Cyprinidae","Cypriniformes","Teleostei","Osteichthyes"
"1731","fishbase",0.0138,5e-05,15,1556,"routine","none specified",2120,"Gilchristella",NA,1,1,"pelagic","Gilchristella aestuaria","Ehiravidae","Clupeiformes","Teleostei","Osteichthyes"
"1732","fishbase",0.01985,5e-05,15,1556,"routine","none specified",2120,"Gilchristella",NA,1,1,"pelagic","Gilchristella aestuaria","Ehiravidae","Clupeiformes","Teleostei","Osteichthyes"
"1733","fishbase",0.02845,5e-05,20,1556,"routine","none specified",2120,"Gilchristella",NA,1,1,"pelagic","Gilchristella aestuaria","Ehiravidae","Clupeiformes","Teleostei","Osteichthyes"
"1734","fishbase",0.02975,5e-05,20,1556,"routine","none specified",2120,"Gilchristella",NA,1,1,"pelagic","Gilchristella aestuaria","Ehiravidae","Clupeiformes","Teleostei","Osteichthyes"
"1735","fishbase",0.051,5e-05,25,1556,"routine","none specified",2120,"Gilchristella",NA,1,1,"pelagic","Gilchristella aestuaria","Ehiravidae","Clupeiformes","Teleostei","Osteichthyes"
"1736","fishbase",0.04653,9e-05,20,1556,"routine","none specified",2120,"Gilchristella",NA,1,1,"pelagic","Gilchristella aestuaria","Ehiravidae","Clupeiformes","Teleostei","Osteichthyes"
"1737","fishbase",0.04512,0.00012,15,1556,"routine","none specified",2120,"Gilchristella",NA,1,1,"pelagic","Gilchristella aestuaria","Ehiravidae","Clupeiformes","Teleostei","Osteichthyes"
"1738","fishbase",0.0678,0.00012,20,1556,"routine","none specified",2120,"Gilchristella",NA,1,1,"pelagic","Gilchristella aestuaria","Ehiravidae","Clupeiformes","Teleostei","Osteichthyes"
"1739","fishbase",0.11148,0.00012,25,1556,"routine","none specified",2120,"Gilchristella",NA,1,1,"pelagic","Gilchristella aestuaria","Ehiravidae","Clupeiformes","Teleostei","Osteichthyes"
"1740","fishbase",0.0429,0.00015,15,1556,"routine","none specified",2120,"Gilchristella",NA,1,1,"pelagic","Gilchristella aestuaria","Ehiravidae","Clupeiformes","Teleostei","Osteichthyes"
"1741","fishbase",0.0738,0.00015,20,1556,"routine","none specified",2120,"Gilchristella",NA,1,1,"pelagic","Gilchristella aestuaria","Ehiravidae","Clupeiformes","Teleostei","Osteichthyes"
"1742","fishbase",0.171,0.00076,15,1556,"routine","none specified",2120,"Gilchristella",NA,1,1,"pelagic","Gilchristella aestuaria","Ehiravidae","Clupeiformes","Teleostei","Osteichthyes"
"1743","fishbase",0.15484,0.00079,15,1556,"routine","none specified",2120,"Gilchristella",NA,1,1,"pelagic","Gilchristella aestuaria","Ehiravidae","Clupeiformes","Teleostei","Osteichthyes"
"1744","fishbase",0.40172,0.00083,25,1556,"routine","none specified",2120,"Gilchristella",NA,1,1,"pelagic","Gilchristella aestuaria","Ehiravidae","Clupeiformes","Teleostei","Osteichthyes"
"1745","fishbase",0.29319,0.00087,20,1556,"routine","none specified",2120,"Gilchristella",NA,1,1,"pelagic","Gilchristella aestuaria","Ehiravidae","Clupeiformes","Teleostei","Osteichthyes"
"1746","fishbase",0.37092,0.00132,20,1556,"routine","none specified",2120,"Gilchristella",NA,1,1,"pelagic","Gilchristella aestuaria","Ehiravidae","Clupeiformes","Teleostei","Osteichthyes"
"1747","fishbase",0.28152,0.00138,15,1556,"routine","none specified",2120,"Gilchristella",NA,1,1,"pelagic","Gilchristella aestuaria","Ehiravidae","Clupeiformes","Teleostei","Osteichthyes"
"1748","fishbase",0.6072,0.00138,25,1556,"routine","none specified",2120,"Gilchristella",NA,1,1,"pelagic","Gilchristella aestuaria","Ehiravidae","Clupeiformes","Teleostei","Osteichthyes"
"1749","fishbase",0.23472,0.00144,15,1556,"routine","none specified",2120,"Gilchristella",NA,1,1,"pelagic","Gilchristella aestuaria","Ehiravidae","Clupeiformes","Teleostei","Osteichthyes"
"1750","fishbase",0.42192,0.00144,20,1556,"routine","none specified",2120,"Gilchristella",NA,1,1,"pelagic","Gilchristella aestuaria","Ehiravidae","Clupeiformes","Teleostei","Osteichthyes"
"1751","fishbase",2.56224,0.00544,20,1592,"routine","none specified",2120,"Brevoortia",NA,1,1,"pelagic","Brevoortia tyrannus","Alosidae","Clupeiformes","Teleostei","Osteichthyes"
"1752","fishbase",1.81398,0.00617,15,1592,"routine","none specified",2120,"Brevoortia",NA,1,1,"pelagic","Brevoortia tyrannus","Alosidae","Clupeiformes","Teleostei","Osteichthyes"
"1753","fishbase",1.0974,0.0062,10,1592,"routine","none specified",2120,"Brevoortia",NA,1,1,"pelagic","Brevoortia tyrannus","Alosidae","Clupeiformes","Teleostei","Osteichthyes"
"1754","fishbase",3.32248,0.00698,25,1592,"routine","none specified",2120,"Brevoortia",NA,1,1,"pelagic","Brevoortia tyrannus","Alosidae","Clupeiformes","Teleostei","Osteichthyes"
"1755","fishbase",4.2966,0.0217,15,1592,"routine","none specified",2120,"Brevoortia",NA,1,1,"pelagic","Brevoortia tyrannus","Alosidae","Clupeiformes","Teleostei","Osteichthyes"
"1756","fishbase",6.3048,0.0222,20,1592,"routine","none specified",2120,"Brevoortia",NA,1,1,"pelagic","Brevoortia tyrannus","Alosidae","Clupeiformes","Teleostei","Osteichthyes"
"1757","fishbase",2.655,0.0225,10,1592,"routine","none specified",2120,"Brevoortia",NA,1,1,"pelagic","Brevoortia tyrannus","Alosidae","Clupeiformes","Teleostei","Osteichthyes"
"1758","fishbase",8.4378,0.0246,25,1592,"routine","none specified",2120,"Brevoortia",NA,1,1,"pelagic","Brevoortia tyrannus","Alosidae","Clupeiformes","Teleostei","Osteichthyes"
"1759","fishbase",3.24,0.027,9,1592,"routine","none specified",2120,"Brevoortia",NA,1,1,"pelagic","Brevoortia tyrannus","Alosidae","Clupeiformes","Teleostei","Osteichthyes"
"1760","fishbase",3.78,0.027,9,1592,"routine","none specified",2120,"Brevoortia",NA,1,1,"pelagic","Brevoortia tyrannus","Alosidae","Clupeiformes","Teleostei","Osteichthyes"
"1761","fishbase",5.94,0.027,17,1592,"routine","none specified",2120,"Brevoortia",NA,1,1,"pelagic","Brevoortia tyrannus","Alosidae","Clupeiformes","Teleostei","Osteichthyes"
"1762","fishbase",7.56,0.027,17,1592,"routine","none specified",2120,"Brevoortia",NA,1,1,"pelagic","Brevoortia tyrannus","Alosidae","Clupeiformes","Teleostei","Osteichthyes"
"1763","fishbase",7.83,0.027,25,1592,"routine","none specified",2120,"Brevoortia",NA,1,1,"pelagic","Brevoortia tyrannus","Alosidae","Clupeiformes","Teleostei","Osteichthyes"
"1764","fishbase",10.26,0.027,25,1592,"routine","none specified",2120,"Brevoortia",NA,1,1,"pelagic","Brevoortia tyrannus","Alosidae","Clupeiformes","Teleostei","Osteichthyes"
"1765","fishbase",17.089,0.0743,20,1592,"routine","none specified",2120,"Brevoortia",NA,1,1,"pelagic","Brevoortia tyrannus","Alosidae","Clupeiformes","Teleostei","Osteichthyes"
"1766","fishbase",7.9968,0.0784,10,1592,"routine","none specified",2120,"Brevoortia",NA,1,1,"pelagic","Brevoortia tyrannus","Alosidae","Clupeiformes","Teleostei","Osteichthyes"
"1767","fishbase",13.8775,0.0793,15,1592,"routine","none specified",2120,"Brevoortia",NA,1,1,"pelagic","Brevoortia tyrannus","Alosidae","Clupeiformes","Teleostei","Osteichthyes"
"1768","fishbase",24.5936,0.0809,25,1592,"routine","none specified",2120,"Brevoortia",NA,1,1,"pelagic","Brevoortia tyrannus","Alosidae","Clupeiformes","Teleostei","Osteichthyes"
"1769","fishbase",5.91660986,7e-04,16.8,1604,"routine","none specified",2120,"Dorosoma",NA,1,1,"pelagic","Dorosoma cepedianum","Dorosomatidae","Clupeiformes","Teleostei","Osteichthyes"
"1770","fishbase",2.263719966,0.0017,12.4,1604,"routine","none specified",2120,"Dorosoma",NA,1,1,"pelagic","Dorosoma cepedianum","Dorosomatidae","Clupeiformes","Teleostei","Osteichthyes"
"1771","fishbase",3.1416,0.0017,13.4,1604,"routine","none specified",2120,"Dorosoma",NA,1,1,"pelagic","Dorosoma cepedianum","Dorosomatidae","Clupeiformes","Teleostei","Osteichthyes"
"1772","fishbase",5.408259938,0.0031,18.8,1604,"routine","none specified",2120,"Dorosoma",NA,1,1,"pelagic","Dorosoma cepedianum","Dorosomatidae","Clupeiformes","Teleostei","Osteichthyes"
"1773","fishbase",5.952209835,0.0033,19.3,1604,"routine","none specified",2120,"Dorosoma",NA,1,1,"pelagic","Dorosoma cepedianum","Dorosomatidae","Clupeiformes","Teleostei","Osteichthyes"
"1774","fishbase",4.029089922,0.0039,14.4,1604,"routine","none specified",2120,"Dorosoma",NA,1,1,"pelagic","Dorosoma cepedianum","Dorosomatidae","Clupeiformes","Teleostei","Osteichthyes"
"1775","fishbase",3.1901,0.0046,13,1604,"routine","none specified",2120,"Dorosoma",NA,1,1,"pelagic","Dorosoma cepedianum","Dorosomatidae","Clupeiformes","Teleostei","Osteichthyes"
"1776","fishbase",2.812440092,0.0046,13.4,1604,"routine","none specified",2120,"Dorosoma",NA,1,1,"pelagic","Dorosoma cepedianum","Dorosomatidae","Clupeiformes","Teleostei","Osteichthyes"
"1777","fishbase",1.99350005,0.005,9.1,1604,"routine","none specified",2120,"Dorosoma",NA,1,1,"pelagic","Dorosoma cepedianum","Dorosomatidae","Clupeiformes","Teleostei","Osteichthyes"
"1778","fishbase",1.33699995,0.005,9.8,1604,"routine","none specified",2120,"Dorosoma",NA,1,1,"pelagic","Dorosoma cepedianum","Dorosomatidae","Clupeiformes","Teleostei","Osteichthyes"
"1779","fishbase",1.6335,0.0054,9.4,1604,"routine","none specified",2120,"Dorosoma",NA,1,1,"pelagic","Dorosoma cepedianum","Dorosomatidae","Clupeiformes","Teleostei","Osteichthyes"
"1780","fishbase",8.3179999,0.01,13.9,1604,"routine","none specified",2120,"Dorosoma",NA,1,1,"pelagic","Dorosoma cepedianum","Dorosomatidae","Clupeiformes","Teleostei","Osteichthyes"
"1781","fishbase",2.74736,0.0112,20.3,1604,"routine","none specified",2120,"Dorosoma",NA,1,1,"pelagic","Dorosoma cepedianum","Dorosomatidae","Clupeiformes","Teleostei","Osteichthyes"
"1782","fishbase",9.7133,0.0137,17.2,1604,"routine","none specified",2120,"Dorosoma",NA,1,1,"pelagic","Dorosoma cepedianum","Dorosomatidae","Clupeiformes","Teleostei","Osteichthyes"
"1783","fishbase",1.8396,0.0146,17.2,1604,"routine","none specified",2120,"Dorosoma",NA,1,1,"pelagic","Dorosoma cepedianum","Dorosomatidae","Clupeiformes","Teleostei","Osteichthyes"
"1784","fishbase",5.57945,0.0151,20,1604,"routine","none specified",2120,"Dorosoma",NA,1,1,"pelagic","Dorosoma cepedianum","Dorosomatidae","Clupeiformes","Teleostei","Osteichthyes"
"1785","fishbase",2.4016,0.0152,12,1604,"routine","none specified",2120,"Dorosoma",NA,1,1,"pelagic","Dorosoma cepedianum","Dorosomatidae","Clupeiformes","Teleostei","Osteichthyes"
"1786","fishbase",2.1156,0.0172,11.5,1604,"routine","none specified",2120,"Dorosoma",NA,1,1,"pelagic","Dorosoma cepedianum","Dorosomatidae","Clupeiformes","Teleostei","Osteichthyes"
"1787","fishbase",2.22425,0.0175,12.8,1604,"routine","none specified",2120,"Dorosoma",NA,1,1,"pelagic","Dorosoma cepedianum","Dorosomatidae","Clupeiformes","Teleostei","Osteichthyes"
"1788","fishbase",14.402,0.019,23,1604,"routine","none specified",2120,"Dorosoma",NA,1,1,"pelagic","Dorosoma cepedianum","Dorosomatidae","Clupeiformes","Teleostei","Osteichthyes"
"1789","fishbase",16.918219516,0.0242,24.5,1604,"routine","none specified",2120,"Dorosoma",NA,1,1,"pelagic","Dorosoma cepedianum","Dorosomatidae","Clupeiformes","Teleostei","Osteichthyes"
"1790","fishbase",8.53249975,0.025,22,1604,"routine","none specified",2120,"Dorosoma",NA,1,1,"pelagic","Dorosoma cepedianum","Dorosomatidae","Clupeiformes","Teleostei","Osteichthyes"
"1791","fishbase",9.0721,0.0257,23.8,1604,"routine","none specified",2120,"Dorosoma",NA,1,1,"pelagic","Dorosoma cepedianum","Dorosomatidae","Clupeiformes","Teleostei","Osteichthyes"
"1792","fishbase",4.6224,0.027,16.8,1604,"routine","none specified",2120,"Dorosoma",NA,1,1,"pelagic","Dorosoma cepedianum","Dorosomatidae","Clupeiformes","Teleostei","Osteichthyes"
"1793","fishbase",4.18968,0.0276,16,1604,"routine","none specified",2120,"Dorosoma",NA,1,1,"pelagic","Dorosoma cepedianum","Dorosomatidae","Clupeiformes","Teleostei","Osteichthyes"
"1794","fishbase",2.52252,0.0286,10,1604,"routine","none specified",2120,"Dorosoma",NA,1,1,"pelagic","Dorosoma cepedianum","Dorosomatidae","Clupeiformes","Teleostei","Osteichthyes"
"1795","fishbase",3.23883,0.0291,13.5,1604,"routine","none specified",2120,"Dorosoma",NA,1,1,"pelagic","Dorosoma cepedianum","Dorosomatidae","Clupeiformes","Teleostei","Osteichthyes"
"1796","fishbase",7.753069701,0.0299,14.2,1604,"routine","none specified",2120,"Dorosoma",NA,1,1,"pelagic","Dorosoma cepedianum","Dorosomatidae","Clupeiformes","Teleostei","Osteichthyes"
"1797","fishbase",8.32715,0.0299,15.2,1604,"routine","none specified",2120,"Dorosoma",NA,1,1,"pelagic","Dorosoma cepedianum","Dorosomatidae","Clupeiformes","Teleostei","Osteichthyes"
"1798","fishbase",19.11359968,0.032,21.2,1604,"routine","none specified",2120,"Dorosoma",NA,1,1,"pelagic","Dorosoma cepedianum","Dorosomatidae","Clupeiformes","Teleostei","Osteichthyes"
"1799","fishbase",4.299130323,0.0323,13.2,1604,"routine","none specified",2120,"Dorosoma",NA,1,1,"pelagic","Dorosoma cepedianum","Dorosomatidae","Clupeiformes","Teleostei","Osteichthyes"
"1800","fishbase",9.420870327,0.0327,11.7,1604,"routine","none specified",2120,"Dorosoma",NA,1,1,"pelagic","Dorosoma cepedianum","Dorosomatidae","Clupeiformes","Teleostei","Osteichthyes"
"1801","fishbase",19.766879334,0.0333,21,1604,"routine","none specified",2120,"Dorosoma",NA,1,1,"pelagic","Dorosoma cepedianum","Dorosomatidae","Clupeiformes","Teleostei","Osteichthyes"
"1802","fishbase",8.64,0.036,16,1604,"routine","none specified",2120,"Dorosoma",NA,1,1,"pelagic","Dorosoma cepedianum","Dorosomatidae","Clupeiformes","Teleostei","Osteichthyes"
"1803","fishbase",14.483199635,0.0365,17,1604,"routine","none specified",2120,"Dorosoma",NA,1,1,"pelagic","Dorosoma cepedianum","Dorosomatidae","Clupeiformes","Teleostei","Osteichthyes"
"1804","fishbase",18.378420471,0.0471,20.2,1604,"routine","none specified",2120,"Dorosoma",NA,1,1,"pelagic","Dorosoma cepedianum","Dorosomatidae","Clupeiformes","Teleostei","Osteichthyes"
"1805","fishbase",20.349219501,0.0499,17.8,1604,"routine","none specified",2120,"Dorosoma",NA,1,1,"pelagic","Dorosoma cepedianum","Dorosomatidae","Clupeiformes","Teleostei","Osteichthyes"
"1806","fishbase",29.763580539,0.0539,15,1604,"routine","none specified",2120,"Dorosoma",NA,1,1,"pelagic","Dorosoma cepedianum","Dorosomatidae","Clupeiformes","Teleostei","Osteichthyes"
"1807","fishbase",34.47,0.06,14.6,1604,"routine","none specified",2120,"Dorosoma",NA,1,1,"pelagic","Dorosoma cepedianum","Dorosomatidae","Clupeiformes","Teleostei","Osteichthyes"
"1808","fishbase",80.4263969,0.062,22.7,1604,"routine","none specified",2120,"Dorosoma",NA,1,1,"pelagic","Dorosoma cepedianum","Dorosomatidae","Clupeiformes","Teleostei","Osteichthyes"
"1809","fishbase",24.4971,0.0633,23.9,1604,"routine","none specified",2120,"Dorosoma",NA,1,1,"pelagic","Dorosoma cepedianum","Dorosomatidae","Clupeiformes","Teleostei","Osteichthyes"
"1810","fishbase",29.955049315,0.0685,10.4,1604,"routine","none specified",2120,"Dorosoma",NA,1,1,"pelagic","Dorosoma cepedianum","Dorosomatidae","Clupeiformes","Teleostei","Osteichthyes"
"1811","fishbase",43.933891482,0.0741,23.9,1604,"routine","none specified",2120,"Dorosoma",NA,1,1,"pelagic","Dorosoma cepedianum","Dorosomatidae","Clupeiformes","Teleostei","Osteichthyes"
"1812","fishbase",21.33539919,0.081,13.5,1604,"routine","none specified",2120,"Dorosoma",NA,1,1,"pelagic","Dorosoma cepedianum","Dorosomatidae","Clupeiformes","Teleostei","Osteichthyes"
"1813","fishbase",12.665099185,0.0815,12.2,1604,"routine","none specified",2120,"Dorosoma",NA,1,1,"pelagic","Dorosoma cepedianum","Dorosomatidae","Clupeiformes","Teleostei","Osteichthyes"
"1814","fishbase",34.47739914,0.086,24.2,1604,"routine","none specified",2120,"Dorosoma",NA,1,1,"pelagic","Dorosoma cepedianum","Dorosomatidae","Clupeiformes","Teleostei","Osteichthyes"
"1815","fishbase",5.19184,0.0877,13.4,1604,"routine","none specified",2120,"Dorosoma",NA,1,1,"pelagic","Dorosoma cepedianum","Dorosomatidae","Clupeiformes","Teleostei","Osteichthyes"
"1816","fishbase",52.8186405129999,0.25689999,16.7,1604,"routine","none specified",2120,"Dorosoma",NA,1,1,"pelagic","Dorosoma cepedianum","Dorosomatidae","Clupeiformes","Teleostei","Osteichthyes"
"1817","fishbase",708.9342,0.24362,16.2,1663,"routine","none specified",5442,"Engraulis","Engraulinae",0,1,"pelagic","Engraulis japonicus","Engraulidae","Clupeiformes","Teleostei","Osteichthyes"
"1818","fishbase",91.8259965,0.26235999,16.2,1663,"routine","none specified",5442,"Engraulis","Engraulinae",0,1,"pelagic","Engraulis japonicus","Engraulidae","Clupeiformes","Teleostei","Osteichthyes"
"1819","fishbase",658.5235749,0.26235999,16.2,1663,"routine","none specified",5442,"Engraulis","Engraulinae",0,1,"pelagic","Engraulis japonicus","Engraulidae","Clupeiformes","Teleostei","Osteichthyes"
"1820","fishbase",817.7679728,0.30064999,16.2,1663,"routine","none specified",5442,"Engraulis","Engraulinae",0,1,"pelagic","Engraulis japonicus","Engraulidae","Clupeiformes","Teleostei","Osteichthyes"
"1821","fishbase",3544.6633821,0.30064999,16.2,1663,"routine","none specified",5442,"Engraulis","Engraulinae",0,1,"pelagic","Engraulis japonicus","Engraulidae","Clupeiformes","Teleostei","Osteichthyes"
"1822","fishbase",82.8660021,0.39460001,16.2,1663,"routine","none specified",5442,"Engraulis","Engraulinae",0,1,"pelagic","Engraulis japonicus","Engraulidae","Clupeiformes","Teleostei","Osteichthyes"
"1823","fishbase",1566.5620397,0.39460001,16.2,1663,"routine","none specified",5442,"Engraulis","Engraulinae",0,1,"pelagic","Engraulis japonicus","Engraulidae","Clupeiformes","Teleostei","Osteichthyes"
"1824","fishbase",131.1844535274,0.62878998,16.2,1663,"standard","none specified",5442,"Engraulis","Engraulinae",0,1,"pelagic","Engraulis japonicus","Engraulidae","Clupeiformes","Teleostei","Osteichthyes"
"1825","fishbase",170.7227737577,0.62878998,16.2,1663,"standard","none specified",5442,"Engraulis","Engraulinae",0,1,"pelagic","Engraulis japonicus","Engraulidae","Clupeiformes","Teleostei","Osteichthyes"
"1826","fishbase",202.1748422694,0.62878998,16.2,1663,"standard","none specified",5442,"Engraulis","Engraulinae",0,1,"pelagic","Engraulis japonicus","Engraulidae","Clupeiformes","Teleostei","Osteichthyes"
"1827","fishbase",253.739992,0.63434998,16.2,1663,"routine","none specified",5442,"Engraulis","Engraulinae",0,1,"pelagic","Engraulis japonicus","Engraulidae","Clupeiformes","Teleostei","Osteichthyes"
"1828","fishbase",304.4879904,0.63434998,16.2,1663,"routine","none specified",5442,"Engraulis","Engraulinae",0,1,"pelagic","Engraulis japonicus","Engraulidae","Clupeiformes","Teleostei","Osteichthyes"
"1829","fishbase",463.215023365101,0.63434998,16.2,1663,"standard","none specified",5442,"Engraulis","Engraulinae",0,1,"pelagic","Engraulis japonicus","Engraulidae","Clupeiformes","Teleostei","Osteichthyes"
"1830","fishbase",475.762485,0.63434998,16.2,1663,"routine","none specified",5442,"Engraulis","Engraulinae",0,1,"pelagic","Engraulis japonicus","Engraulidae","Clupeiformes","Teleostei","Osteichthyes"
"1831","fishbase",1687.3709468,0.63434998,16.2,1663,"routine","none specified",5442,"Engraulis","Engraulinae",0,1,"pelagic","Engraulis japonicus","Engraulidae","Clupeiformes","Teleostei","Osteichthyes"
"1832","fishbase",0.01192,8e-05,24,1706,"routine","none specified",2203,"Chromis","Chrominae",0,1,"benthopelagic","Chromis chromis","Pomacentridae","Ovalentaria/misc","Teleostei","Osteichthyes"
"1833","fishbase",0.82524,0.00156,23.4,1706,"routine","none specified",2093,"Chromis","Chrominae",0,1,"benthopelagic","Chromis chromis","Pomacentridae","Ovalentaria/misc","Teleostei","Osteichthyes"
"1834","fishbase",1.3832,0.0104,16,1706,"routine","none specified",2093,"Chromis","Chrominae",0,1,"benthopelagic","Chromis chromis","Pomacentridae","Ovalentaria/misc","Teleostei","Osteichthyes"
"1835","fishbase",4.6992,0.0132,22.4,1706,"routine","none specified",2093,"Chromis","Chrominae",0,1,"benthopelagic","Chromis chromis","Pomacentridae","Ovalentaria/misc","Teleostei","Osteichthyes"
"1844","fishbase",0.43925,0.00175,22.2,1801,"routine","none specified",2093,"Hippocampus","Syngnathinae",0,1,"demersal","Hippocampus hippocampus","Syngnathidae","Syngnathiformes","Teleostei","Osteichthyes"
"1845","fishbase",0.46455,0.00285,20,1801,"routine","none specified",2093,"Hippocampus","Syngnathinae",0,1,"demersal","Hippocampus hippocampus","Syngnathidae","Syngnathiformes","Teleostei","Osteichthyes"
"1846","fishbase",0.4619,0.0031,20,1801,"routine","none specified",2093,"Hippocampus","Syngnathinae",0,1,"demersal","Hippocampus hippocampus","Syngnathidae","Syngnathiformes","Teleostei","Osteichthyes"
"1847","fishbase",0.7192,0.0031,25,1801,"routine","none specified",2203,"Hippocampus","Syngnathinae",0,1,"demersal","Hippocampus hippocampus","Syngnathidae","Syngnathiformes","Teleostei","Osteichthyes"
"1848","fishbase",1.29,0.01,18,1801,"routine","none specified",2203,"Hippocampus","Syngnathinae",0,1,"demersal","Hippocampus hippocampus","Syngnathidae","Syngnathiformes","Teleostei","Osteichthyes"
"1849","fishbase",18.78166953,0.047,37,2033,"standard","none specified",85173,"Oreochromis","Pseudocrenilabrinae",0,0,"benthopelagic","Oreochromis grahami","Cichlidae","Cichliformes","Teleostei","Osteichthyes"
"1850","fishbase",20.3805,0.315,15,2062,"routine","none specified",2093,"Torpedo",NA,0,1,"demersal","Torpedo torpedo","Torpedinidae","Torpediniformes","Elasmobranchii","Chondrichthyes"
"1851","fishbase",28.577,0.41,14,2062,"routine","none specified",2093,"Torpedo",NA,0,1,"demersal","Torpedo torpedo","Torpedinidae","Torpediniformes","Elasmobranchii","Chondrichthyes"
"1852","fishbase",0.029578,2.3e-05,20,2065,"routine","none specified",2093,"Acipenser","Acipenserinae",1,1,"demersal","Acipenser stellatus","Acipenseridae","Acipenseriformes","Chondrostei","Osteichthyes"
"1853","fishbase",0.033,3.3e-05,21,2065,"routine","none specified",2093,"Acipenser","Acipenserinae",1,1,"demersal","Acipenser stellatus","Acipenseridae","Acipenseriformes","Chondrostei","Osteichthyes"
"1854","fishbase",0.046665,4.5e-05,21.1,2065,"routine","none specified",2093,"Acipenser","Acipenserinae",1,1,"demersal","Acipenser stellatus","Acipenseridae","Acipenseriformes","Chondrostei","Osteichthyes"
"1855","fishbase",0.065961,6.3e-05,21.7,2065,"routine","none specified",2093,"Acipenser","Acipenserinae",1,1,"demersal","Acipenser stellatus","Acipenseridae","Acipenseriformes","Chondrostei","Osteichthyes"
"1856","fishbase",0.08901,8.6e-05,22.1,2065,"routine","none specified",2093,"Acipenser","Acipenserinae",1,1,"demersal","Acipenser stellatus","Acipenseridae","Acipenseriformes","Chondrostei","Osteichthyes"
"1857","fishbase",0.17056,0.000164,20.5,2065,"routine","none specified",2093,"Acipenser","Acipenserinae",1,1,"demersal","Acipenser stellatus","Acipenseridae","Acipenseriformes","Chondrostei","Osteichthyes"
"1858","fishbase",0.11745,0.000225,18,2065,"routine","none specified",2093,"Acipenser","Acipenserinae",1,1,"demersal","Acipenser stellatus","Acipenseridae","Acipenseriformes","Chondrostei","Osteichthyes"
"1859","fishbase",0.190575,0.000225,25,2065,"routine","none specified",2093,"Acipenser","Acipenserinae",1,1,"demersal","Acipenser stellatus","Acipenseridae","Acipenseriformes","Chondrostei","Osteichthyes"
"1860","fishbase",0.278419,0.000433,20,2065,"routine","none specified",2093,"Acipenser","Acipenserinae",1,1,"demersal","Acipenser stellatus","Acipenseridae","Acipenseriformes","Chondrostei","Osteichthyes"
"1861","fishbase",0.3562,0.00065,17,2065,"routine","none specified",2093,"Acipenser","Acipenserinae",1,1,"demersal","Acipenser stellatus","Acipenseridae","Acipenseriformes","Chondrostei","Osteichthyes"
"1862","fishbase",0.4288,8e-04,21,2065,"routine","none specified",2093,"Acipenser","Acipenserinae",1,1,"demersal","Acipenser stellatus","Acipenseridae","Acipenseriformes","Chondrostei","Osteichthyes"
"1863","fishbase",0.56,0.00175,17,2065,"routine","none specified",2093,"Acipenser","Acipenserinae",1,1,"demersal","Acipenser stellatus","Acipenseridae","Acipenseriformes","Chondrostei","Osteichthyes"
"1864","fishbase",1.92222,0.00362,20,2065,"routine","none specified",2093,"Acipenser","Acipenserinae",1,1,"demersal","Acipenser stellatus","Acipenseridae","Acipenseriformes","Chondrostei","Osteichthyes"
"1865","fishbase",4.1514,0.00374,23,2065,"routine","none specified",2093,"Acipenser","Acipenserinae",1,1,"demersal","Acipenser stellatus","Acipenseridae","Acipenseriformes","Chondrostei","Osteichthyes"
"1866","fishbase",2.76624,0.00612,18,2065,"routine","none specified",2093,"Acipenser","Acipenserinae",1,1,"demersal","Acipenser stellatus","Acipenseridae","Acipenseriformes","Chondrostei","Osteichthyes"
"1867","fishbase",4.44924,0.00612,25,2065,"routine","none specified",2093,"Acipenser","Acipenserinae",1,1,"demersal","Acipenser stellatus","Acipenseridae","Acipenseriformes","Chondrostei","Osteichthyes"
"1868","fishbase",7.3461,0.01042,22,2065,"routine","none specified",2093,"Acipenser","Acipenserinae",1,1,"demersal","Acipenser stellatus","Acipenseridae","Acipenseriformes","Chondrostei","Osteichthyes"
"1869","fishbase",903.91,3.7,24.4,2065,"routine","none specified",2093,"Acipenser","Acipenserinae",1,1,"demersal","Acipenser stellatus","Acipenseridae","Acipenseriformes","Chondrostei","Osteichthyes"
"1870","fishbase",1033.34,6.05,21.8,2065,"routine","none specified",2093,"Acipenser","Acipenserinae",1,1,"demersal","Acipenser stellatus","Acipenseridae","Acipenseriformes","Chondrostei","Osteichthyes"
"1871","fishbase",443.3,6.5,20,2065,"routine","none specified",2093,"Acipenser","Acipenserinae",1,1,"demersal","Acipenser stellatus","Acipenseridae","Acipenseriformes","Chondrostei","Osteichthyes"
"1872","fishbase",1114.464,7.52,22.4,2065,"routine","none specified",2093,"Acipenser","Acipenserinae",1,1,"demersal","Acipenser stellatus","Acipenseridae","Acipenseriformes","Chondrostei","Osteichthyes"
"1873","fishbase",1088.88,10.4,22.5,2065,"routine","none specified",2093,"Acipenser","Acipenserinae",1,1,"demersal","Acipenser stellatus","Acipenseridae","Acipenseriformes","Chondrostei","Osteichthyes"
"1877","fishbase",0.07579,0.000583,10,238,"routine","none specified",2093,"Salmo","Salmoninae",1,1,"pelagic","Salmo trutta","Salmonidae","Salmoniformes","Teleostei","Osteichthyes"
"1878","fishbase",0.111386,0.000671,10,238,"routine","none specified",2093,"Salmo","Salmoninae",1,1,"pelagic","Salmo trutta","Salmonidae","Salmoniformes","Teleostei","Osteichthyes"
"1879","fishbase",1.0879,0.00215,20,238,"routine","none specified",2093,"Salmo","Salmoninae",1,1,"pelagic","Salmo trutta","Salmonidae","Salmoniformes","Teleostei","Osteichthyes"
"1880","fishbase",6.44,0.023,20,238,"routine","none specified",2093,"Salmo","Salmoninae",1,1,"pelagic","Salmo trutta","Salmonidae","Salmoniformes","Teleostei","Osteichthyes"
"1881","fishbase",28.92,0.0964,20,238,"routine","none specified",2093,"Salmo","Salmoninae",1,1,"pelagic","Salmo trutta","Salmonidae","Salmoniformes","Teleostei","Osteichthyes"
"1882","fishbase",8,0.1,10,238,"standard","none specified",2203,"Salmo","Salmoninae",1,1,"pelagic","Salmo trutta","Salmonidae","Salmoniformes","Teleostei","Osteichthyes"
"1883","fishbase",20.02,0.35,10,238,"standard","none specified",2203,"Salmo","Salmoninae",1,1,"pelagic","Salmo trutta","Salmonidae","Salmoniformes","Teleostei","Osteichthyes"
"1884","fishbase",33.005,0.35,10,238,"standard","none specified",2203,"Salmo","Salmoninae",1,1,"pelagic","Salmo trutta","Salmonidae","Salmoniformes","Teleostei","Osteichthyes"
"1885","fishbase",0.778774,0.0367,5,2308,"routine","none specified",2120,"Anoplogaster",NA,0,1,"pelagic","Anoplogaster cornuta","Anoplogastridae","Trachichthyiformes","Teleostei","Osteichthyes"
"1886","fishbase",0.782077,0.0367,5,2308,"routine","none specified",2120,"Anoplogaster",NA,0,1,"pelagic","Anoplogaster cornuta","Anoplogastridae","Trachichthyiformes","Teleostei","Osteichthyes"
"1887","fishbase",0.7684,0.0425,5,2308,"routine","none specified",2120,"Anoplogaster",NA,0,1,"pelagic","Anoplogaster cornuta","Anoplogastridae","Trachichthyiformes","Teleostei","Osteichthyes"
"1888","fishbase",0.870744,0.0438,5,2308,"routine","none specified",2120,"Anoplogaster",NA,0,1,"pelagic","Anoplogaster cornuta","Anoplogastridae","Trachichthyiformes","Teleostei","Osteichthyes"
"1889","fishbase",0.875524,0.0452,5,2308,"routine","none specified",2120,"Anoplogaster",NA,0,1,"pelagic","Anoplogaster cornuta","Anoplogastridae","Trachichthyiformes","Teleostei","Osteichthyes"
"1901","fishbase",0.043007,0.00029,10,2420,"routine","none specified",2120,"Gasterosteus",NA,1,1,"benthopelagic","Gasterosteus aculeatus","Gasterosteidae","Perciformes/Gasterosteoidei","Teleostei","Osteichthyes"
"1902","fishbase",0.065,5e-04,10,2420,"routine","none specified",2120,"Gasterosteus",NA,1,1,"benthopelagic","Gasterosteus aculeatus","Gasterosteidae","Perciformes/Gasterosteoidei","Teleostei","Osteichthyes"
"1903","fishbase",0.087,0.00058,10,2420,"routine","none specified",2120,"Gasterosteus",NA,1,1,"benthopelagic","Gasterosteus aculeatus","Gasterosteidae","Perciformes/Gasterosteoidei","Teleostei","Osteichthyes"
"1904","fishbase",0.108992,0.00064,10,2420,"routine","none specified",2120,"Gasterosteus",NA,1,1,"benthopelagic","Gasterosteus aculeatus","Gasterosteidae","Perciformes/Gasterosteoidei","Teleostei","Osteichthyes"
"1905","fishbase",0.208,0.00065,10,2420,"routine","none specified",2120,"Gasterosteus",NA,1,1,"benthopelagic","Gasterosteus aculeatus","Gasterosteidae","Perciformes/Gasterosteoidei","Teleostei","Osteichthyes"
"1906","fishbase",0.088976,0.00067,10,2420,"routine","none specified",2120,"Gasterosteus",NA,1,1,"benthopelagic","Gasterosteus aculeatus","Gasterosteidae","Perciformes/Gasterosteoidei","Teleostei","Osteichthyes"
"1907","fishbase",0.079971,0.00069,10,2420,"routine","none specified",2120,"Gasterosteus",NA,1,1,"benthopelagic","Gasterosteus aculeatus","Gasterosteidae","Perciformes/Gasterosteoidei","Teleostei","Osteichthyes"
"1908","fishbase",0.1210259931,0.00069,10,2420,"routine","none specified",2120,"Gasterosteus",NA,1,1,"benthopelagic","Gasterosteus aculeatus","Gasterosteidae","Perciformes/Gasterosteoidei","Teleostei","Osteichthyes"
"1909","fishbase",0.1039679928,0.00072,10,2420,"routine","none specified",2120,"Gasterosteus",NA,1,1,"benthopelagic","Gasterosteus aculeatus","Gasterosteidae","Perciformes/Gasterosteoidei","Teleostei","Osteichthyes"
"1910","fishbase",0.1490360076,0.00076,10,2420,"routine","none specified",2120,"Gasterosteus",NA,1,1,"benthopelagic","Gasterosteus aculeatus","Gasterosteidae","Perciformes/Gasterosteoidei","Teleostei","Osteichthyes"
"1911","fishbase",0.16104,8e-04,10,2420,"routine","none specified",2120,"Gasterosteus",NA,1,1,"benthopelagic","Gasterosteus aculeatus","Gasterosteidae","Perciformes/Gasterosteoidei","Teleostei","Osteichthyes"
"1912","fishbase",0.124012,0.00086,10,2420,"routine","none specified",2120,"Gasterosteus",NA,1,1,"benthopelagic","Gasterosteus aculeatus","Gasterosteidae","Perciformes/Gasterosteoidei","Teleostei","Osteichthyes"
"1913","fishbase",0.1529939914,0.00086,10,2420,"routine","none specified",2120,"Gasterosteus",NA,1,1,"benthopelagic","Gasterosteus aculeatus","Gasterosteidae","Perciformes/Gasterosteoidei","Teleostei","Osteichthyes"
"1914","fishbase",0.1979969907,0.00093,10,2420,"routine","none specified",2120,"Gasterosteus",NA,1,1,"benthopelagic","Gasterosteus aculeatus","Gasterosteidae","Perciformes/Gasterosteoidei","Teleostei","Osteichthyes"
"1915","fishbase",0.43329,0.00101,18,2420,"routine","none specified",2093,"Gasterosteus",NA,1,1,"benthopelagic","Gasterosteus aculeatus","Gasterosteidae","Perciformes/Gasterosteoidei","Teleostei","Osteichthyes"
"1916","fishbase",0.14098,0.00106,10,2420,"routine","none specified",2120,"Gasterosteus",NA,1,1,"benthopelagic","Gasterosteus aculeatus","Gasterosteidae","Perciformes/Gasterosteoidei","Teleostei","Osteichthyes"
"1917","fishbase",0.132,0.0012,10,2420,"routine","none specified",2120,"Gasterosteus",NA,1,1,"benthopelagic","Gasterosteus aculeatus","Gasterosteidae","Perciformes/Gasterosteoidei","Teleostei","Osteichthyes"
"1918","fishbase",0.14544,0.0012,10,2420,"routine","none specified",2120,"Gasterosteus",NA,1,1,"benthopelagic","Gasterosteus aculeatus","Gasterosteidae","Perciformes/Gasterosteoidei","Teleostei","Osteichthyes"
"1919","fishbase",0.26904,0.0012,10,2420,"routine","none specified",2120,"Gasterosteus",NA,1,1,"benthopelagic","Gasterosteus aculeatus","Gasterosteidae","Perciformes/Gasterosteoidei","Teleostei","Osteichthyes"
"1920","fishbase",0.21294,0.00195,10,2420,"routine","none specified",2120,"Gasterosteus",NA,1,1,"benthopelagic","Gasterosteus aculeatus","Gasterosteidae","Perciformes/Gasterosteoidei","Teleostei","Osteichthyes"
"1921","fishbase",0.62895,0.0021,10,2420,"routine","none specified",2120,"Gasterosteus",NA,1,1,"benthopelagic","Gasterosteus aculeatus","Gasterosteidae","Perciformes/Gasterosteoidei","Teleostei","Osteichthyes"
"1922","fishbase",0.276045,0.00239,10,2420,"routine","none specified",2120,"Gasterosteus",NA,1,1,"benthopelagic","Gasterosteus aculeatus","Gasterosteidae","Perciformes/Gasterosteoidei","Teleostei","Osteichthyes"
"1924","fishbase",7.81375,0.047,18,2499,"standard","none specified",85173,"Chelon",NA,1,1,"demersal","Chelon labrosus","Mugilidae","Mugiliformes","Teleostei","Osteichthyes"
"1925","fishbase",12.104,0.089,19,2505,"routine","none specified",2093,"Acipenser","Acipenserinae",1,1,"demersal","Acipenser nudiventris","Acipenseridae","Acipenseriformes","Chondrostei","Osteichthyes"
"1929","fishbase",1.86792,0.00344,22.5,2530,"routine","none specified",2093,"Petromyzon","Petromyzontinae",1,1,"demersal","Petromyzon marinus","Petromyzontidae","Petromyzontiformes","Petromyzonti","Agnatha"
"1930","fishbase",1.16466,0.00354,22.5,2530,"routine","none specified",2093,"Petromyzon","Petromyzontinae",1,1,"demersal","Petromyzon marinus","Petromyzontidae","Petromyzontiformes","Petromyzonti","Agnatha"
"1931","fishbase",0.71392,0.00388,18,2530,"routine","none specified",2093,"Petromyzon","Petromyzontinae",1,1,"demersal","Petromyzon marinus","Petromyzontidae","Petromyzontiformes","Petromyzonti","Agnatha"
"1932","fishbase",1.20156,0.0228,5,2530,"standard","none specified",2120,"Petromyzon","Petromyzontinae",1,1,"demersal","Petromyzon marinus","Petromyzontidae","Petromyzontiformes","Petromyzonti","Agnatha"
"1933","fishbase",2.2446,0.0348,10,2530,"standard","none specified",2120,"Petromyzon","Petromyzontinae",1,1,"demersal","Petromyzon marinus","Petromyzontidae","Petromyzontiformes","Petromyzonti","Agnatha"
"1934","fishbase",4.08051,0.0357,15,2530,"standard","none specified",2120,"Petromyzon","Petromyzontinae",1,1,"demersal","Petromyzon marinus","Petromyzontidae","Petromyzontiformes","Petromyzonti","Agnatha"
"1935","fishbase",9.3744,0.0756,20,2530,"standard","none specified",2120,"Petromyzon","Petromyzontinae",1,1,"demersal","Petromyzon marinus","Petromyzontidae","Petromyzontiformes","Petromyzonti","Agnatha"
"1946","fishbase",38.97,0.9,10,2594,"standard","none specified",2120,"Acipenser","Acipenserinae",1,1,"demersal","Acipenser transmontanus","Acipenseridae","Acipenseriformes","Chondrostei","Osteichthyes"
"1947","fishbase",69.84,0.9,15,2594,"standard","none specified",2120,"Acipenser","Acipenserinae",1,1,"demersal","Acipenser transmontanus","Acipenseridae","Acipenseriformes","Chondrostei","Osteichthyes"
"1948","fishbase",72.01,0.95,15,2594,"standard","none specified",2120,"Acipenser","Acipenserinae",1,1,"demersal","Acipenser transmontanus","Acipenseridae","Acipenseriformes","Chondrostei","Osteichthyes"
"1949","fishbase",24.7,0.13,6.7,2669,"routine","none specified",2120,"Coregonus","Coregoninae",1,1,"pelagic","Coregonus autumnalis","Salmonidae","Salmoniformes","Teleostei","Osteichthyes"
"1950","fishbase",36.895,0.157,7.2,2669,"routine","none specified",2120,"Coregonus","Coregoninae",1,1,"pelagic","Coregonus autumnalis","Salmonidae","Salmoniformes","Teleostei","Osteichthyes"
"1951","fishbase",32.025,0.175,7,2669,"routine","none specified",2203,"Coregonus","Coregoninae",1,1,"pelagic","Coregonus autumnalis","Salmonidae","Salmoniformes","Teleostei","Osteichthyes"
"1952","fishbase",33.462,0.143,9.4,2678,"routine","none specified",2120,"Coregonus","Coregoninae",1,1,"pelagic","Coregonus sardinella","Salmonidae","Salmoniformes","Teleostei","Osteichthyes"
"1953","fishbase",36.225,0.175,9,2678,"routine","none specified",2203,"Coregonus","Coregoninae",1,1,"pelagic","Coregonus sardinella","Salmonidae","Salmoniformes","Teleostei","Osteichthyes"
"1954","fishbase",40,0.2,9,2678,"routine","none specified",2203,"Coregonus","Coregoninae",1,1,"pelagic","Coregonus sardinella","Salmonidae","Salmoniformes","Teleostei","Osteichthyes"
"1960","fishbase",2.0736,0.0096,25,2711,"routine","none specified",36172,"Esox",NA,0,0,"demersal","Esox masquinongy","Esocidae","Esociformes","Teleostei","Osteichthyes"
"1961","fishbase",2.6656,0.0112,25,2711,"routine","none specified",36172,"Esox",NA,0,0,"demersal","Esox masquinongy","Esocidae","Esociformes","Teleostei","Osteichthyes"
"1962","fishbase",1.2322,0.0122,5,2711,"routine","none specified",36172,"Esox",NA,0,0,"demersal","Esox masquinongy","Esocidae","Esociformes","Teleostei","Osteichthyes"
"1963","fishbase",2.562,0.0122,15,2711,"routine","none specified",36172,"Esox",NA,0,0,"demersal","Esox masquinongy","Esocidae","Esociformes","Teleostei","Osteichthyes"
"1964","fishbase",1.3416,0.0129,5,2711,"routine","none specified",36172,"Esox",NA,0,0,"demersal","Esox masquinongy","Esocidae","Esociformes","Teleostei","Osteichthyes"
"1965","fishbase",2.058,0.014,15,2711,"routine","none specified",36172,"Esox",NA,0,0,"demersal","Esox masquinongy","Esocidae","Esociformes","Teleostei","Osteichthyes"
"1966","fishbase",3.8001,0.0159,25,2711,"routine","none specified",36172,"Esox",NA,0,0,"demersal","Esox masquinongy","Esocidae","Esociformes","Teleostei","Osteichthyes"
"1967","fishbase",3.591,0.019,15,2711,"routine","none specified",36172,"Esox",NA,0,0,"demersal","Esox masquinongy","Esocidae","Esociformes","Teleostei","Osteichthyes"
"1968","fishbase",2.2464,0.0192,5,2711,"routine","none specified",36172,"Esox",NA,0,0,"demersal","Esox masquinongy","Esocidae","Esociformes","Teleostei","Osteichthyes"
"1974","fishbase",5.295,0.015,20,2801,"routine","none specified",2093,"Leuciscus","Leuciscinae",1,0,"benthopelagic","Leuciscus idus","Leuciscidae","Cypriniformes","Teleostei","Osteichthyes"
"1975","fishbase",4,0.02,15,2801,"routine","none specified",2093,"Leuciscus","Leuciscinae",1,0,"benthopelagic","Leuciscus idus","Leuciscidae","Cypriniformes","Teleostei","Osteichthyes"
"1976","fishbase",14.16,0.118,15,2801,"routine","none specified",2093,"Leuciscus","Leuciscinae",1,0,"benthopelagic","Leuciscus idus","Leuciscidae","Cypriniformes","Teleostei","Osteichthyes"
"1977","fishbase",26.64,0.12,20,2801,"routine","none specified",2093,"Leuciscus","Leuciscinae",1,0,"benthopelagic","Leuciscus idus","Leuciscidae","Cypriniformes","Teleostei","Osteichthyes"
"1978","fishbase",11.64,0.6,5,2801,"standard","none specified",2120,"Leuciscus","Leuciscinae",1,0,"benthopelagic","Leuciscus idus","Leuciscidae","Cypriniformes","Teleostei","Osteichthyes"
"1979","fishbase",22.74,0.6,10,2801,"standard","none specified",2120,"Leuciscus","Leuciscinae",1,0,"benthopelagic","Leuciscus idus","Leuciscidae","Cypriniformes","Teleostei","Osteichthyes"
"1980","fishbase",26,0.65,10,2801,"routine","none specified",2093,"Leuciscus","Leuciscinae",1,0,"benthopelagic","Leuciscus idus","Leuciscidae","Cypriniformes","Teleostei","Osteichthyes"
"1981","fishbase",57.05,0.815,15,2801,"routine","none specified",2093,"Leuciscus","Leuciscinae",1,0,"benthopelagic","Leuciscus idus","Leuciscidae","Cypriniformes","Teleostei","Osteichthyes"
"1982","fishbase",126.9,0.9,20,2801,"routine","none specified",2093,"Leuciscus","Leuciscinae",1,0,"benthopelagic","Leuciscus idus","Leuciscidae","Cypriniformes","Teleostei","Osteichthyes"
"1995","fishbase",1.394,0.017,15,2965,"routine","none specified",2120,"Catostomus","Catostominae",1,0,"demersal","Catostomus commersonii","Catostomidae","Cypriniformes","Teleostei","Osteichthyes"
"1996","fishbase",0.93906,0.047,10,2965,"standard","none specified",85173,"Catostomus","Catostominae",1,0,"demersal","Catostomus commersonii","Catostomidae","Cypriniformes","Teleostei","Osteichthyes"
"1997","fishbase",3.34123,0.047,20,2965,"standard","none specified",85173,"Catostomus","Catostominae",1,0,"demersal","Catostomus commersonii","Catostomidae","Cypriniformes","Teleostei","Osteichthyes"
"1998","fishbase",5.50041,0.047,30,2965,"standard","none specified",85173,"Catostomus","Catostominae",1,0,"demersal","Catostomus commersonii","Catostomidae","Cypriniformes","Teleostei","Osteichthyes"
"1999","fishbase",5.495,0.07,15,2965,"standard","none specified",2120,"Catostomus","Catostominae",1,0,"demersal","Catostomus commersonii","Catostomidae","Cypriniformes","Teleostei","Osteichthyes"
"2000","fishbase",8,0.1,15,2965,"standard","none specified",2203,"Catostomus","Catostominae",1,0,"demersal","Catostomus commersonii","Catostomidae","Cypriniformes","Teleostei","Osteichthyes"
"2001","fishbase",7.43,0.1,20,2965,"standard","none specified",2203,"Catostomus","Catostominae",1,0,"demersal","Catostomus commersonii","Catostomidae","Cypriniformes","Teleostei","Osteichthyes"
"2002","fishbase",19.35,0.215,20,2965,"routine","none specified",2203,"Catostomus","Catostominae",1,0,"demersal","Catostomus commersonii","Catostomidae","Cypriniformes","Teleostei","Osteichthyes"
"2003","fishbase",5.4413564832,0.03168,18,2980,"routine","none specified",2120,"Catostomus","Catostominae",0,0,"demersal","Catostomus tahoensis","Catostomidae","Cypriniformes","Teleostei","Osteichthyes"
"2004","fishbase",2.7318131,0.04373,8,2980,"routine","none specified",2120,"Catostomus","Catostominae",0,0,"demersal","Catostomus tahoensis","Catostomidae","Cypriniformes","Teleostei","Osteichthyes"
"2005","fishbase",4.99046,0.05309,13,2980,"routine","none specified",2120,"Catostomus","Catostominae",0,0,"demersal","Catostomus tahoensis","Catostomidae","Cypriniformes","Teleostei","Osteichthyes"
"2007","fishbase",0.2,0.002,12,3021,"routine","none specified",2203,"Ameiurus",NA,0,0,"demersal","Ameiurus natalis","Ictaluridae","Siluriformes","Teleostei","Osteichthyes"
"2008","fishbase",0.572,0.004,17,3021,"routine","none specified",2203,"Ameiurus",NA,0,0,"demersal","Ameiurus natalis","Ictaluridae","Siluriformes","Teleostei","Osteichthyes"
"2009","fishbase",1.07,0.005,22,3021,"routine","none specified",2203,"Ameiurus",NA,0,0,"demersal","Ameiurus natalis","Ictaluridae","Siluriformes","Teleostei","Osteichthyes"
"2010","fishbase",1.05,0.005,27,3021,"routine","none specified",2203,"Ameiurus",NA,0,0,"demersal","Ameiurus natalis","Ictaluridae","Siluriformes","Teleostei","Osteichthyes"
"2011","fishbase",1.028,0.02,15,3021,"routine","none specified",2203,"Ameiurus",NA,0,0,"demersal","Ameiurus natalis","Ictaluridae","Siluriformes","Teleostei","Osteichthyes"
"2012","fishbase",2.1045,0.023,25,3021,"routine","none specified",2203,"Ameiurus",NA,0,0,"demersal","Ameiurus natalis","Ictaluridae","Siluriformes","Teleostei","Osteichthyes"
"2013","fishbase",28.98,0.023,35,3022,"routine","none specified",2203,"Ameiurus",NA,0,0,"demersal","Ameiurus nebulosus","Ictaluridae","Siluriformes","Teleostei","Osteichthyes"
"2014","fishbase",2.0252,0.0244,25,3022,"routine","none specified",2120,"Ameiurus",NA,0,0,"demersal","Ameiurus nebulosus","Ictaluridae","Siluriformes","Teleostei","Osteichthyes"
"2015","fishbase",3.468,0.0255,30,3022,"routine","none specified",2120,"Ameiurus",NA,0,0,"demersal","Ameiurus nebulosus","Ictaluridae","Siluriformes","Teleostei","Osteichthyes"
"2016","fishbase",1.59236,0.047,10,3022,"standard","none specified",85173,"Ameiurus",NA,0,0,"demersal","Ameiurus nebulosus","Ictaluridae","Siluriformes","Teleostei","Osteichthyes"
"2017","fishbase",4.7872,0.0544,25,3022,"routine","none specified",2120,"Ameiurus",NA,0,0,"demersal","Ameiurus nebulosus","Ictaluridae","Siluriformes","Teleostei","Osteichthyes"
"2018","fishbase",39.33,0.057,35,3022,"routine","none specified",2203,"Ameiurus",NA,0,0,"demersal","Ameiurus nebulosus","Ictaluridae","Siluriformes","Teleostei","Osteichthyes"
"2019","fishbase",8.88,0.074,25,3022,"routine","none specified",2120,"Ameiurus",NA,0,0,"demersal","Ameiurus nebulosus","Ictaluridae","Siluriformes","Teleostei","Osteichthyes"
"2020","fishbase",6.95821,0.0749,25,3022,"standard","none specified",2120,"Ameiurus",NA,0,0,"demersal","Ameiurus nebulosus","Ictaluridae","Siluriformes","Teleostei","Osteichthyes"
"2021","fishbase",7.38514,0.0749,25,3022,"standard","none specified",2120,"Ameiurus",NA,0,0,"demersal","Ameiurus nebulosus","Ictaluridae","Siluriformes","Teleostei","Osteichthyes"
"2022","fishbase",7.49,0.0749,25,3022,"standard","none specified",2120,"Ameiurus",NA,0,0,"demersal","Ameiurus nebulosus","Ictaluridae","Siluriformes","Teleostei","Osteichthyes"
"2023","fishbase",7.5649,0.0749,25,3022,"standard","none specified",2120,"Ameiurus",NA,0,0,"demersal","Ameiurus nebulosus","Ictaluridae","Siluriformes","Teleostei","Osteichthyes"
"2024","fishbase",10.725,0.075,25,3022,"routine","none specified",2203,"Ameiurus",NA,0,0,"demersal","Ameiurus nebulosus","Ictaluridae","Siluriformes","Teleostei","Osteichthyes"
"2025","fishbase",12.2015,0.115,30,3022,"standard","none specified",2120,"Ameiurus",NA,0,0,"demersal","Ameiurus nebulosus","Ictaluridae","Siluriformes","Teleostei","Osteichthyes"
"2026","fishbase",2.32,0.116,10,3022,"standard","none specified",2120,"Ameiurus",NA,0,0,"demersal","Ameiurus nebulosus","Ictaluridae","Siluriformes","Teleostei","Osteichthyes"
"2027","fishbase",9.7167,0.147,20,3022,"standard","none specified",2120,"Ameiurus",NA,0,0,"demersal","Ameiurus nebulosus","Ictaluridae","Siluriformes","Teleostei","Osteichthyes"
"2028","fishbase",12.9415,0.181,20,3022,"routine","none specified",2203,"Ameiurus",NA,0,0,"demersal","Ameiurus nebulosus","Ictaluridae","Siluriformes","Teleostei","Osteichthyes"
"2118","fishbase",0.078,2e-04,22,3215,"routine","none specified",2203,"Gambusia","Poeciliinae",1,0,"benthopelagic","Gambusia affinis","Poeciliidae","Cyprinodontiformes","Teleostei","Osteichthyes"
"2119","fishbase",0.06006,0.00022,20,3215,"standard","none specified",2120,"Gambusia","Poeciliinae",1,0,"benthopelagic","Gambusia affinis","Poeciliidae","Cyprinodontiformes","Teleostei","Osteichthyes"
"2120","fishbase",0.08008,0.00022,25,3215,"standard","none specified",2120,"Gambusia","Poeciliinae",1,0,"benthopelagic","Gambusia affinis","Poeciliidae","Cyprinodontiformes","Teleostei","Osteichthyes"
"2121","fishbase",0.1001,0.00022,30,3215,"standard","none specified",2120,"Gambusia","Poeciliinae",1,0,"benthopelagic","Gambusia affinis","Poeciliidae","Cyprinodontiformes","Teleostei","Osteichthyes"
"2122","fishbase",0.04008,0.00024,10,3215,"routine","none specified",2120,"Gambusia","Poeciliinae",1,0,"benthopelagic","Gambusia affinis","Poeciliidae","Cyprinodontiformes","Teleostei","Osteichthyes"
"2123","fishbase",0.06,0.00024,15,3215,"routine","none specified",2120,"Gambusia","Poeciliinae",1,0,"benthopelagic","Gambusia affinis","Poeciliidae","Cyprinodontiformes","Teleostei","Osteichthyes"
"2124","fishbase",0.09,0.00024,20,3215,"routine","none specified",2120,"Gambusia","Poeciliinae",1,0,"benthopelagic","Gambusia affinis","Poeciliidae","Cyprinodontiformes","Teleostei","Osteichthyes"
"2125","fishbase",0.13008,0.00024,25,3215,"routine","none specified",2120,"Gambusia","Poeciliinae",1,0,"benthopelagic","Gambusia affinis","Poeciliidae","Cyprinodontiformes","Teleostei","Osteichthyes"
"2126","fishbase",0.19992,0.00024,30,3215,"routine","none specified",2120,"Gambusia","Poeciliinae",1,0,"benthopelagic","Gambusia affinis","Poeciliidae","Cyprinodontiformes","Teleostei","Osteichthyes"
"2127","fishbase",0.0784,4e-04,13,3215,"routine","none specified",2203,"Gambusia","Poeciliinae",1,0,"benthopelagic","Gambusia affinis","Poeciliidae","Cyprinodontiformes","Teleostei","Osteichthyes"
"2128","fishbase",0.1372,4e-04,22,3215,"routine","none specified",2203,"Gambusia","Poeciliinae",1,0,"benthopelagic","Gambusia affinis","Poeciliidae","Cyprinodontiformes","Teleostei","Osteichthyes"
"2129","fishbase",0.1984,4e-04,25,3215,"routine","none specified",2203,"Gambusia","Poeciliinae",1,0,"benthopelagic","Gambusia affinis","Poeciliidae","Cyprinodontiformes","Teleostei","Osteichthyes"
"2130","fishbase",20.96529047,0.047,28,3215,"standard","none specified",85173,"Gambusia","Poeciliinae",1,0,"benthopelagic","Gambusia affinis","Poeciliidae","Cyprinodontiformes","Teleostei","Osteichthyes"
"2147","fishbase",1.3,0.01,15,3371,"routine","none specified",2120,"Lepomis",NA,0,0,"benthopelagic","Lepomis cyanellus","Centrarchidae","Centrarchiformes","Teleostei","Osteichthyes"
"2148","fishbase",1.65,0.01,25,3371,"routine","none specified",2120,"Lepomis",NA,0,0,"benthopelagic","Lepomis cyanellus","Centrarchidae","Centrarchiformes","Teleostei","Osteichthyes"
"2149","fishbase",3.64,0.01,35,3371,"routine","none specified",2120,"Lepomis",NA,0,0,"benthopelagic","Lepomis cyanellus","Centrarchidae","Centrarchiformes","Teleostei","Osteichthyes"
"2150","fishbase",1.8,0.01,25,3372,"routine","none specified",2203,"Lepomis",NA,1,0,"benthopelagic","Lepomis gibbosus","Centrarchidae","Centrarchiformes","Teleostei","Osteichthyes"
"2151","fishbase",2.9,0.01,30,3372,"routine","none specified",2203,"Lepomis",NA,1,0,"benthopelagic","Lepomis gibbosus","Centrarchidae","Centrarchiformes","Teleostei","Osteichthyes"
"2152","fishbase",0.687,0.03,5,3372,"routine","none specified",2203,"Lepomis",NA,1,0,"benthopelagic","Lepomis gibbosus","Centrarchidae","Centrarchiformes","Teleostei","Osteichthyes"
"2153","fishbase",1.458,0.03,10,3372,"routine","none specified",2203,"Lepomis",NA,1,0,"benthopelagic","Lepomis gibbosus","Centrarchidae","Centrarchiformes","Teleostei","Osteichthyes"
"2154","fishbase",2.187,0.03,15,3372,"routine","none specified",2203,"Lepomis",NA,1,0,"benthopelagic","Lepomis gibbosus","Centrarchidae","Centrarchiformes","Teleostei","Osteichthyes"
"2155","fishbase",2.571,0.03,20,3372,"routine","none specified",2203,"Lepomis",NA,1,0,"benthopelagic","Lepomis gibbosus","Centrarchidae","Centrarchiformes","Teleostei","Osteichthyes"
"2156","fishbase",3.6,0.03,25,3372,"routine","none specified",2203,"Lepomis",NA,1,0,"benthopelagic","Lepomis gibbosus","Centrarchidae","Centrarchiformes","Teleostei","Osteichthyes"
"2157","fishbase",1.41192,0.00444,22,3375,"routine","none specified",2120,"Lepomis",NA,0,0,"benthopelagic","Lepomis macrochirus","Centrarchidae","Centrarchiformes","Teleostei","Osteichthyes"
"2158","fishbase",1.5,0.005,25,3375,"routine","none specified",2120,"Lepomis",NA,0,0,"benthopelagic","Lepomis macrochirus","Centrarchidae","Centrarchiformes","Teleostei","Osteichthyes"
"2159","fishbase",1.4986,0.0059,25,3375,"routine","none specified",2120,"Lepomis",NA,0,0,"benthopelagic","Lepomis macrochirus","Centrarchidae","Centrarchiformes","Teleostei","Osteichthyes"
"2160","fishbase",2.298,0.006,25,3375,"routine","none specified",2120,"Lepomis",NA,0,0,"benthopelagic","Lepomis macrochirus","Centrarchidae","Centrarchiformes","Teleostei","Osteichthyes"
"2161","fishbase",2.501,0.0061,25,3375,"routine","none specified",2120,"Lepomis",NA,0,0,"benthopelagic","Lepomis macrochirus","Centrarchidae","Centrarchiformes","Teleostei","Osteichthyes"
"2162","fishbase",2.70135,0.00621,25,3375,"routine","none specified",2120,"Lepomis",NA,0,0,"benthopelagic","Lepomis macrochirus","Centrarchidae","Centrarchiformes","Teleostei","Osteichthyes"
"2163","fishbase",2.4004,0.0068,25,3375,"routine","none specified",2120,"Lepomis",NA,0,0,"benthopelagic","Lepomis macrochirus","Centrarchidae","Centrarchiformes","Teleostei","Osteichthyes"
"2164","fishbase",1.232,0.007,35,3375,"routine","none specified",2203,"Lepomis",NA,0,0,"benthopelagic","Lepomis macrochirus","Centrarchidae","Centrarchiformes","Teleostei","Osteichthyes"
"2165","fishbase",2.3998,0.0071,25,3375,"routine","none specified",2120,"Lepomis",NA,0,0,"benthopelagic","Lepomis macrochirus","Centrarchidae","Centrarchiformes","Teleostei","Osteichthyes"
"2166","fishbase",0.8979,0.0073,25,3375,"routine","none specified",2120,"Lepomis",NA,0,0,"benthopelagic","Lepomis macrochirus","Centrarchidae","Centrarchiformes","Teleostei","Osteichthyes"
"2167","fishbase",2.4966,0.0073,25,3375,"routine","none specified",2120,"Lepomis",NA,0,0,"benthopelagic","Lepomis macrochirus","Centrarchidae","Centrarchiformes","Teleostei","Osteichthyes"
"2168","fishbase",1.064,0.008,25,3375,"routine","none specified",2203,"Lepomis",NA,0,0,"benthopelagic","Lepomis macrochirus","Centrarchidae","Centrarchiformes","Teleostei","Osteichthyes"
"2169","fishbase",1.8,0.008,25,3375,"routine","none specified",2120,"Lepomis",NA,0,0,"benthopelagic","Lepomis macrochirus","Centrarchidae","Centrarchiformes","Teleostei","Osteichthyes"
"2170","fishbase",1.536,0.008,35,3375,"routine","none specified",2203,"Lepomis",NA,0,0,"benthopelagic","Lepomis macrochirus","Centrarchidae","Centrarchiformes","Teleostei","Osteichthyes"
"2171","fishbase",1.52137,0.00911,20,3375,"routine","none specified",2120,"Lepomis",NA,0,0,"benthopelagic","Lepomis macrochirus","Centrarchidae","Centrarchiformes","Teleostei","Osteichthyes"
"2172","fishbase",1.62,0.01,25,3375,"routine","none specified",2203,"Lepomis",NA,0,0,"benthopelagic","Lepomis macrochirus","Centrarchidae","Centrarchiformes","Teleostei","Osteichthyes"
"2173","fishbase",2.4,0.01,30,3375,"routine","none specified",2203,"Lepomis",NA,0,0,"benthopelagic","Lepomis macrochirus","Centrarchidae","Centrarchiformes","Teleostei","Osteichthyes"
"2174","fishbase",1.1024,0.0104,30,3375,"routine","none specified",2120,"Lepomis",NA,0,0,"benthopelagic","Lepomis macrochirus","Centrarchidae","Centrarchiformes","Teleostei","Osteichthyes"
"2175","fishbase",1.5417,0.01142,20,3375,"routine","none specified",2120,"Lepomis",NA,0,0,"benthopelagic","Lepomis macrochirus","Centrarchidae","Centrarchiformes","Teleostei","Osteichthyes"
"2176","fishbase",1.21,0.0121,25,3375,"routine","none specified",2120,"Lepomis",NA,0,0,"benthopelagic","Lepomis macrochirus","Centrarchidae","Centrarchiformes","Teleostei","Osteichthyes"
"2177","fishbase",2.25719,0.01261,20.5,3375,"routine","none specified",2120,"Lepomis",NA,0,0,"benthopelagic","Lepomis macrochirus","Centrarchidae","Centrarchiformes","Teleostei","Osteichthyes"
"2178","fishbase",1.995,0.015,25,3375,"routine","none specified",2203,"Lepomis",NA,0,0,"benthopelagic","Lepomis macrochirus","Centrarchidae","Centrarchiformes","Teleostei","Osteichthyes"
"2179","fishbase",2.88,0.015,35,3375,"routine","none specified",2203,"Lepomis",NA,0,0,"benthopelagic","Lepomis macrochirus","Centrarchidae","Centrarchiformes","Teleostei","Osteichthyes"
"2180","fishbase",3.75165,0.01985,21,3375,"routine","none specified",2120,"Lepomis",NA,0,0,"benthopelagic","Lepomis macrochirus","Centrarchidae","Centrarchiformes","Teleostei","Osteichthyes"
"2181","fishbase",4.31892,0.02322,21.9,3375,"routine","none specified",2120,"Lepomis",NA,0,0,"benthopelagic","Lepomis macrochirus","Centrarchidae","Centrarchiformes","Teleostei","Osteichthyes"
"2182","fishbase",4.1064,0.0236,19.7,3375,"routine","none specified",2120,"Lepomis",NA,0,0,"benthopelagic","Lepomis macrochirus","Centrarchidae","Centrarchiformes","Teleostei","Osteichthyes"
"2183","fishbase",3.8038,0.0266,19,3375,"routine","none specified",2120,"Lepomis",NA,0,0,"benthopelagic","Lepomis macrochirus","Centrarchidae","Centrarchiformes","Teleostei","Osteichthyes"
"2184","fishbase",2.3903,0.0451,25,3375,"routine","none specified",2120,"Lepomis",NA,0,0,"benthopelagic","Lepomis macrochirus","Centrarchidae","Centrarchiformes","Teleostei","Osteichthyes"
"2185","fishbase",6.29532,0.04698,19.6,3375,"routine","none specified",2120,"Lepomis",NA,0,0,"benthopelagic","Lepomis macrochirus","Centrarchidae","Centrarchiformes","Teleostei","Osteichthyes"
"2186","fishbase",8.72784,0.05104,23,3375,"routine","none specified",2120,"Lepomis",NA,0,0,"benthopelagic","Lepomis macrochirus","Centrarchidae","Centrarchiformes","Teleostei","Osteichthyes"
"2187","fishbase",7.89177,0.05597,11.9,3375,"routine","none specified",2120,"Lepomis",NA,0,0,"benthopelagic","Lepomis macrochirus","Centrarchidae","Centrarchiformes","Teleostei","Osteichthyes"
"2188","fishbase",6.37982,0.06194,9.4,3375,"routine","none specified",2120,"Lepomis",NA,0,0,"benthopelagic","Lepomis macrochirus","Centrarchidae","Centrarchiformes","Teleostei","Osteichthyes"
"2189","fishbase",4.343563,0.06397,12,3375,"routine","none specified",2120,"Lepomis",NA,0,0,"benthopelagic","Lepomis macrochirus","Centrarchidae","Centrarchiformes","Teleostei","Osteichthyes"
"2190","fishbase",8.71134,0.06501,10,3375,"routine","none specified",2120,"Lepomis",NA,0,0,"benthopelagic","Lepomis macrochirus","Centrarchidae","Centrarchiformes","Teleostei","Osteichthyes"
"2191","fishbase",12.52526,0.06698,8.4,3375,"routine","none specified",2120,"Lepomis",NA,0,0,"benthopelagic","Lepomis macrochirus","Centrarchidae","Centrarchiformes","Teleostei","Osteichthyes"
"2192","fishbase",11.84418,0.06807,9.2,3375,"routine","none specified",2120,"Lepomis",NA,0,0,"benthopelagic","Lepomis macrochirus","Centrarchidae","Centrarchiformes","Teleostei","Osteichthyes"
"2193","fishbase",12.04839,0.06807,12,3375,"routine","none specified",2120,"Lepomis",NA,0,0,"benthopelagic","Lepomis macrochirus","Centrarchidae","Centrarchiformes","Teleostei","Osteichthyes"
"2194","fishbase",22.4631,0.06807,24.5,3375,"routine","none specified",2120,"Lepomis",NA,0,0,"benthopelagic","Lepomis macrochirus","Centrarchidae","Centrarchiformes","Teleostei","Osteichthyes"
"2195","fishbase",3.582976,0.06998,11.9,3375,"routine","none specified",2120,"Lepomis",NA,0,0,"benthopelagic","Lepomis macrochirus","Centrarchidae","Centrarchiformes","Teleostei","Osteichthyes"
"2196","fishbase",11.47672,0.06998,24.2,3375,"routine","none specified",2120,"Lepomis",NA,0,0,"benthopelagic","Lepomis macrochirus","Centrarchidae","Centrarchiformes","Teleostei","Osteichthyes"
"2197","fishbase",13.34802,0.07294,11.9,3375,"routine","none specified",2120,"Lepomis",NA,0,0,"benthopelagic","Lepomis macrochirus","Centrarchidae","Centrarchiformes","Teleostei","Osteichthyes"
"2198","fishbase",14.39616,0.07498,11.9,3375,"routine","none specified",2120,"Lepomis",NA,0,0,"benthopelagic","Lepomis macrochirus","Centrarchidae","Centrarchiformes","Teleostei","Osteichthyes"
"2199","fishbase",14.54612,0.07498,11.9,3375,"routine","none specified",2120,"Lepomis",NA,0,0,"benthopelagic","Lepomis macrochirus","Centrarchidae","Centrarchiformes","Teleostei","Osteichthyes"
"2200","fishbase",9.12366,0.07798,14.9,3375,"routine","none specified",2120,"Lepomis",NA,0,0,"benthopelagic","Lepomis macrochirus","Centrarchidae","Centrarchiformes","Teleostei","Osteichthyes"
"2201","fishbase",12.94468,0.07798,18.5,3375,"routine","none specified",2120,"Lepomis",NA,0,0,"benthopelagic","Lepomis macrochirus","Centrarchidae","Centrarchiformes","Teleostei","Osteichthyes"
"2202","fishbase",9.67758,0.07998,11.9,3375,"routine","none specified",2120,"Lepomis",NA,0,0,"benthopelagic","Lepomis macrochirus","Centrarchidae","Centrarchiformes","Teleostei","Osteichthyes"
"2203","fishbase",14.55636,0.07998,12.3,3375,"routine","none specified",2120,"Lepomis",NA,0,0,"benthopelagic","Lepomis macrochirus","Centrarchidae","Centrarchiformes","Teleostei","Osteichthyes"
"2204","fishbase",7.775572,0.08108,14.8,3375,"routine","none specified",2120,"Lepomis",NA,0,0,"benthopelagic","Lepomis macrochirus","Centrarchidae","Centrarchiformes","Teleostei","Osteichthyes"
"2205","fishbase",8.79,0.0879,19,3375,"routine","none specified",2120,"Lepomis",NA,0,0,"benthopelagic","Lepomis macrochirus","Centrarchidae","Centrarchiformes","Teleostei","Osteichthyes"
"2206","fishbase",14.03064,0.08994,14.9,3375,"routine","none specified",2120,"Lepomis",NA,0,0,"benthopelagic","Lepomis macrochirus","Centrarchidae","Centrarchiformes","Teleostei","Osteichthyes"
"2207","fishbase",13.40106,0.08994,19.3,3375,"routine","none specified",2120,"Lepomis",NA,0,0,"benthopelagic","Lepomis macrochirus","Centrarchidae","Centrarchiformes","Teleostei","Osteichthyes"
"2208","fishbase",16.98138,0.09594,17,3375,"routine","none specified",2120,"Lepomis",NA,0,0,"benthopelagic","Lepomis macrochirus","Centrarchidae","Centrarchiformes","Teleostei","Osteichthyes"
"2209","fishbase",10,0.1,6,3375,"routine","none specified",2203,"Lepomis",NA,0,0,"benthopelagic","Lepomis macrochirus","Centrarchidae","Centrarchiformes","Teleostei","Osteichthyes"
"2210","fishbase",12.6,0.1,10,3375,"routine","none specified",2203,"Lepomis",NA,0,0,"benthopelagic","Lepomis macrochirus","Centrarchidae","Centrarchiformes","Teleostei","Osteichthyes"
"2211","fishbase",12.6,0.1,15,3375,"routine","none specified",2203,"Lepomis",NA,0,0,"benthopelagic","Lepomis macrochirus","Centrarchidae","Centrarchiformes","Teleostei","Osteichthyes"
"2212","fishbase",21.2,0.1,25,3375,"routine","none specified",2203,"Lepomis",NA,0,0,"benthopelagic","Lepomis macrochirus","Centrarchidae","Centrarchiformes","Teleostei","Osteichthyes"
"2213","fishbase",10.81496,0.10399,12.3,3375,"routine","none specified",2120,"Lepomis",NA,0,0,"benthopelagic","Lepomis macrochirus","Centrarchidae","Centrarchiformes","Teleostei","Osteichthyes"
"2214","fishbase",10.190466,0.10593,15,3375,"routine","none specified",2120,"Lepomis",NA,0,0,"benthopelagic","Lepomis macrochirus","Centrarchidae","Centrarchiformes","Teleostei","Osteichthyes"
"2215","fishbase",11.918,0.118,25,3375,"standard","none specified",2120,"Lepomis",NA,0,0,"benthopelagic","Lepomis macrochirus","Centrarchidae","Centrarchiformes","Teleostei","Osteichthyes"
"2216","fishbase",12.154,0.118,25,3375,"standard","none specified",2120,"Lepomis",NA,0,0,"benthopelagic","Lepomis macrochirus","Centrarchidae","Centrarchiformes","Teleostei","Osteichthyes"
"2217","fishbase",12.508,0.118,25,3375,"standard","none specified",2120,"Lepomis",NA,0,0,"benthopelagic","Lepomis macrochirus","Centrarchidae","Centrarchiformes","Teleostei","Osteichthyes"
"2218","fishbase",12.626,0.118,25,3375,"standard","none specified",2120,"Lepomis",NA,0,0,"benthopelagic","Lepomis macrochirus","Centrarchidae","Centrarchiformes","Teleostei","Osteichthyes"
"2219","fishbase",17.7,0.118,25,3375,"routine","none specified",2203,"Lepomis",NA,0,0,"benthopelagic","Lepomis macrochirus","Centrarchidae","Centrarchiformes","Teleostei","Osteichthyes"
"2220","fishbase",18.62,0.133,13,3375,"routine","none specified",2203,"Lepomis",NA,0,0,"benthopelagic","Lepomis macrochirus","Centrarchidae","Centrarchiformes","Teleostei","Osteichthyes"
"2221","fishbase",14.098,0.133,25,3375,"routine","none specified",2203,"Lepomis",NA,0,0,"benthopelagic","Lepomis macrochirus","Centrarchidae","Centrarchiformes","Teleostei","Osteichthyes"
"2222","fishbase",6.65,0.133,30,3375,"routine","none specified",2203,"Lepomis",NA,0,0,"benthopelagic","Lepomis macrochirus","Centrarchidae","Centrarchiformes","Teleostei","Osteichthyes"
"2223","fishbase",6.7818,0.1335,13,3375,"routine","none specified",2120,"Lepomis",NA,0,0,"benthopelagic","Lepomis macrochirus","Centrarchidae","Centrarchiformes","Teleostei","Osteichthyes"
"2224","fishbase",6.9687,0.1335,13,3375,"routine","none specified",2120,"Lepomis",NA,0,0,"benthopelagic","Lepomis macrochirus","Centrarchidae","Centrarchiformes","Teleostei","Osteichthyes"
"2225","fishbase",7.6896,0.1335,13,3375,"routine","none specified",2120,"Lepomis",NA,0,0,"benthopelagic","Lepomis macrochirus","Centrarchidae","Centrarchiformes","Teleostei","Osteichthyes"
"2226","fishbase",13.35,0.1335,25,3375,"routine","none specified",2120,"Lepomis",NA,0,0,"benthopelagic","Lepomis macrochirus","Centrarchidae","Centrarchiformes","Teleostei","Osteichthyes"
"2227","fishbase",13.884,0.1335,25,3375,"routine","none specified",2120,"Lepomis",NA,0,0,"benthopelagic","Lepomis macrochirus","Centrarchidae","Centrarchiformes","Teleostei","Osteichthyes"
"2228","fishbase",14.0175,0.1335,25,3375,"routine","none specified",2120,"Lepomis",NA,0,0,"benthopelagic","Lepomis macrochirus","Centrarchidae","Centrarchiformes","Teleostei","Osteichthyes"
"2229","fishbase",14.151,0.1335,25,3375,"routine","none specified",2120,"Lepomis",NA,0,0,"benthopelagic","Lepomis macrochirus","Centrarchidae","Centrarchiformes","Teleostei","Osteichthyes"
"2230","fishbase",17.355,0.1335,30,3375,"routine","none specified",2120,"Lepomis",NA,0,0,"benthopelagic","Lepomis macrochirus","Centrarchidae","Centrarchiformes","Teleostei","Osteichthyes"
"2309","fishbase",0.028,2e-04,15,3854,"standard","none specified",2120,"Gillichthys","Gobionellinae",1,1,"demersal","Gillichthys mirabilis","Gobiidae","Gobiiformes","Teleostei","Osteichthyes"
"2310","fishbase",0.03298,0.00034,15,3854,"standard","none specified",2120,"Gillichthys","Gobionellinae",1,1,"demersal","Gillichthys mirabilis","Gobiidae","Gobiiformes","Teleostei","Osteichthyes"
"2311","fishbase",0.04141,0.00041,15,3854,"standard","none specified",2120,"Gillichthys","Gobionellinae",1,1,"demersal","Gillichthys mirabilis","Gobiidae","Gobiiformes","Teleostei","Osteichthyes"
"2312","fishbase",0.03936,0.00048,15,3854,"standard","none specified",2120,"Gillichthys","Gobionellinae",1,1,"demersal","Gillichthys mirabilis","Gobiidae","Gobiiformes","Teleostei","Osteichthyes"
"2313","fishbase",0.06893,0.00061,15,3854,"standard","none specified",2120,"Gillichthys","Gobionellinae",1,1,"demersal","Gillichthys mirabilis","Gobiidae","Gobiiformes","Teleostei","Osteichthyes"
"2314","fishbase",0.03906,0.00063,15,3854,"standard","none specified",2120,"Gillichthys","Gobionellinae",1,1,"demersal","Gillichthys mirabilis","Gobiidae","Gobiiformes","Teleostei","Osteichthyes"
"2315","fishbase",0.05916,0.00068,15,3854,"standard","none specified",2120,"Gillichthys","Gobionellinae",1,1,"demersal","Gillichthys mirabilis","Gobiidae","Gobiiformes","Teleostei","Osteichthyes"
"2316","fishbase",0.06552,0.00091,15,3854,"standard","none specified",2120,"Gillichthys","Gobionellinae",1,1,"demersal","Gillichthys mirabilis","Gobiidae","Gobiiformes","Teleostei","Osteichthyes"
"2317","fishbase",0.09804,0.00129,15,3854,"standard","none specified",2120,"Gillichthys","Gobionellinae",1,1,"demersal","Gillichthys mirabilis","Gobiidae","Gobiiformes","Teleostei","Osteichthyes"
"2318","fishbase",0.0972,0.0018,15,3854,"standard","none specified",2120,"Gillichthys","Gobionellinae",1,1,"demersal","Gillichthys mirabilis","Gobiidae","Gobiiformes","Teleostei","Osteichthyes"
"2319","fishbase",0.14852,0.00188,15,3854,"standard","none specified",2120,"Gillichthys","Gobionellinae",1,1,"demersal","Gillichthys mirabilis","Gobiidae","Gobiiformes","Teleostei","Osteichthyes"
"2320","fishbase",0.16036,0.00211,15,3854,"standard","none specified",2120,"Gillichthys","Gobionellinae",1,1,"demersal","Gillichthys mirabilis","Gobiidae","Gobiiformes","Teleostei","Osteichthyes"
"2321","fishbase",0.1694,0.0022,15,3854,"standard","none specified",2120,"Gillichthys","Gobionellinae",1,1,"demersal","Gillichthys mirabilis","Gobiidae","Gobiiformes","Teleostei","Osteichthyes"
"2322","fishbase",0.132,0.0024,15,3854,"standard","none specified",2120,"Gillichthys","Gobionellinae",1,1,"demersal","Gillichthys mirabilis","Gobiidae","Gobiiformes","Teleostei","Osteichthyes"
"2323","fishbase",0.1536,0.0024,15,3854,"standard","none specified",2120,"Gillichthys","Gobionellinae",1,1,"demersal","Gillichthys mirabilis","Gobiidae","Gobiiformes","Teleostei","Osteichthyes"
"2324","fishbase",0.21097,0.00289,15,3854,"standard","none specified",2120,"Gillichthys","Gobionellinae",1,1,"demersal","Gillichthys mirabilis","Gobiidae","Gobiiformes","Teleostei","Osteichthyes"
"2325","fishbase",0.17873,0.00293,15,3854,"standard","none specified",2120,"Gillichthys","Gobionellinae",1,1,"demersal","Gillichthys mirabilis","Gobiidae","Gobiiformes","Teleostei","Osteichthyes"
"2326","fishbase",0.21096,0.00293,15,3854,"standard","none specified",2120,"Gillichthys","Gobionellinae",1,1,"demersal","Gillichthys mirabilis","Gobiidae","Gobiiformes","Teleostei","Osteichthyes"
"2327","fishbase",0.14256,0.00324,15,3854,"standard","none specified",2120,"Gillichthys","Gobionellinae",1,1,"demersal","Gillichthys mirabilis","Gobiidae","Gobiiformes","Teleostei","Osteichthyes"
"2328","fishbase",0.07544,0.00328,15,3854,"routine","none specified",2120,"Gillichthys","Gobionellinae",1,1,"demersal","Gillichthys mirabilis","Gobiidae","Gobiiformes","Teleostei","Osteichthyes"
"2329","fishbase",0.10496,0.00328,15,3854,"routine","none specified",2120,"Gillichthys","Gobionellinae",1,1,"demersal","Gillichthys mirabilis","Gobiidae","Gobiiformes","Teleostei","Osteichthyes"
"2330","fishbase",0.13448,0.00328,15,3854,"routine","none specified",2120,"Gillichthys","Gobionellinae",1,1,"demersal","Gillichthys mirabilis","Gobiidae","Gobiiformes","Teleostei","Osteichthyes"
"2331","fishbase",0.14432,0.00328,15,3854,"routine","none specified",2120,"Gillichthys","Gobionellinae",1,1,"demersal","Gillichthys mirabilis","Gobiidae","Gobiiformes","Teleostei","Osteichthyes"
"2332","fishbase",0.15744,0.00328,15,3854,"routine","none specified",2120,"Gillichthys","Gobionellinae",1,1,"demersal","Gillichthys mirabilis","Gobiidae","Gobiiformes","Teleostei","Osteichthyes"
"2333","fishbase",0.164,0.00328,15,3854,"routine","none specified",2120,"Gillichthys","Gobionellinae",1,1,"demersal","Gillichthys mirabilis","Gobiidae","Gobiiformes","Teleostei","Osteichthyes"
"2334","fishbase",0.18368,0.00328,15,3854,"routine","none specified",2120,"Gillichthys","Gobionellinae",1,1,"demersal","Gillichthys mirabilis","Gobiidae","Gobiiformes","Teleostei","Osteichthyes"
"2335","fishbase",0.22356,0.00414,15,3854,"standard","none specified",2120,"Gillichthys","Gobionellinae",1,1,"demersal","Gillichthys mirabilis","Gobiidae","Gobiiformes","Teleostei","Osteichthyes"
"2336","fishbase",0.27848,0.00472,15,3854,"standard","none specified",2120,"Gillichthys","Gobionellinae",1,1,"demersal","Gillichthys mirabilis","Gobiidae","Gobiiformes","Teleostei","Osteichthyes"
"2337","fishbase",0.343,0.01,10,3854,"routine","none specified",2203,"Gillichthys","Gobionellinae",1,1,"demersal","Gillichthys mirabilis","Gobiidae","Gobiiformes","Teleostei","Osteichthyes"
"2338","fishbase",1.02,0.01,24,3854,"routine","none specified",2203,"Gillichthys","Gobionellinae",1,1,"demersal","Gillichthys mirabilis","Gobiidae","Gobiiformes","Teleostei","Osteichthyes"
"2339","fishbase",2.38,0.014,20,3854,"routine","none specified",2120,"Gillichthys","Gobionellinae",1,1,"demersal","Gillichthys mirabilis","Gobiidae","Gobiiformes","Teleostei","Osteichthyes"
"2340","fishbase",2.52,0.014,20,3854,"routine","none specified",2120,"Gillichthys","Gobionellinae",1,1,"demersal","Gillichthys mirabilis","Gobiidae","Gobiiformes","Teleostei","Osteichthyes"
"2341","fishbase",2.8,0.014,20,3854,"routine","none specified",2120,"Gillichthys","Gobionellinae",1,1,"demersal","Gillichthys mirabilis","Gobiidae","Gobiiformes","Teleostei","Osteichthyes"
"2342","fishbase",3.64,0.014,20,3854,"routine","none specified",2120,"Gillichthys","Gobionellinae",1,1,"demersal","Gillichthys mirabilis","Gobiidae","Gobiiformes","Teleostei","Osteichthyes"
"2343","fishbase",3.92,0.014,20,3854,"routine","none specified",2120,"Gillichthys","Gobionellinae",1,1,"demersal","Gillichthys mirabilis","Gobiidae","Gobiiformes","Teleostei","Osteichthyes"
"2344","fishbase",1.136,0.0142,11,3854,"routine","none specified",2120,"Gillichthys","Gobionellinae",1,1,"demersal","Gillichthys mirabilis","Gobiidae","Gobiiformes","Teleostei","Osteichthyes"
"2345","fishbase",1.988,0.0142,15,3854,"routine","none specified",2120,"Gillichthys","Gobionellinae",1,1,"demersal","Gillichthys mirabilis","Gobiidae","Gobiiformes","Teleostei","Osteichthyes"
"2346","fishbase",3.408,0.0142,20,3854,"routine","none specified",2120,"Gillichthys","Gobionellinae",1,1,"demersal","Gillichthys mirabilis","Gobiidae","Gobiiformes","Teleostei","Osteichthyes"
"2347","fishbase",3.692,0.0142,24.4,3854,"routine","none specified",2120,"Gillichthys","Gobionellinae",1,1,"demersal","Gillichthys mirabilis","Gobiidae","Gobiiformes","Teleostei","Osteichthyes"
"2348","fishbase",4.118,0.0142,28.6,3854,"routine","none specified",2120,"Gillichthys","Gobionellinae",1,1,"demersal","Gillichthys mirabilis","Gobiidae","Gobiiformes","Teleostei","Osteichthyes"
"2349","fishbase",0.094021,0.0167,20,3854,"routine","none specified",2120,"Gillichthys","Gobionellinae",1,1,"demersal","Gillichthys mirabilis","Gobiidae","Gobiiformes","Teleostei","Osteichthyes"
"2350","fishbase",0.65798,0.0167,20,3854,"routine","none specified",2120,"Gillichthys","Gobionellinae",1,1,"demersal","Gillichthys mirabilis","Gobiidae","Gobiiformes","Teleostei","Osteichthyes"
"2351","fishbase",0.75317,0.0167,20,3854,"routine","none specified",2120,"Gillichthys","Gobionellinae",1,1,"demersal","Gillichthys mirabilis","Gobiidae","Gobiiformes","Teleostei","Osteichthyes"
"2352","fishbase",0.84669,0.0167,20,3854,"routine","none specified",2120,"Gillichthys","Gobionellinae",1,1,"demersal","Gillichthys mirabilis","Gobiidae","Gobiiformes","Teleostei","Osteichthyes"
"2353","fishbase",0.94021,0.0167,20,3854,"routine","none specified",2120,"Gillichthys","Gobionellinae",1,1,"demersal","Gillichthys mirabilis","Gobiidae","Gobiiformes","Teleostei","Osteichthyes"
"2354","fishbase",0.98864,0.0167,20,3854,"routine","none specified",2120,"Gillichthys","Gobionellinae",1,1,"demersal","Gillichthys mirabilis","Gobiidae","Gobiiformes","Teleostei","Osteichthyes"
"2355","fishbase",1.0354,0.0167,20,3854,"routine","none specified",2120,"Gillichthys","Gobionellinae",1,1,"demersal","Gillichthys mirabilis","Gobiidae","Gobiiformes","Teleostei","Osteichthyes"
"2356","fishbase",1.08216,0.0167,20,3854,"routine","none specified",2120,"Gillichthys","Gobionellinae",1,1,"demersal","Gillichthys mirabilis","Gobiidae","Gobiiformes","Teleostei","Osteichthyes"
"2357","fishbase",1.22244,0.0167,20,3854,"routine","none specified",2120,"Gillichthys","Gobionellinae",1,1,"demersal","Gillichthys mirabilis","Gobiidae","Gobiiformes","Teleostei","Osteichthyes"
"2358","fishbase",1.27087,0.0167,20,3854,"routine","none specified",2120,"Gillichthys","Gobionellinae",1,1,"demersal","Gillichthys mirabilis","Gobiidae","Gobiiformes","Teleostei","Osteichthyes"
"2359","fishbase",1.41115,0.0167,20,3854,"routine","none specified",2120,"Gillichthys","Gobionellinae",1,1,"demersal","Gillichthys mirabilis","Gobiidae","Gobiiformes","Teleostei","Osteichthyes"
"2360","fishbase",1.50467,0.0167,20,3854,"routine","none specified",2120,"Gillichthys","Gobionellinae",1,1,"demersal","Gillichthys mirabilis","Gobiidae","Gobiiformes","Teleostei","Osteichthyes"
"2361","fishbase",1.64662,0.0167,20,3854,"routine","none specified",2120,"Gillichthys","Gobionellinae",1,1,"demersal","Gillichthys mirabilis","Gobiidae","Gobiiformes","Teleostei","Osteichthyes"
"2362","fishbase",1.6867,0.0167,20,3854,"routine","none specified",2120,"Gillichthys","Gobionellinae",1,1,"demersal","Gillichthys mirabilis","Gobiidae","Gobiiformes","Teleostei","Osteichthyes"
"2363","fishbase",1.7869,0.0167,20,3854,"routine","none specified",2120,"Gillichthys","Gobionellinae",1,1,"demersal","Gillichthys mirabilis","Gobiidae","Gobiiformes","Teleostei","Osteichthyes"
"2364","fishbase",1.837,0.0167,20,3854,"routine","none specified",2120,"Gillichthys","Gobionellinae",1,1,"demersal","Gillichthys mirabilis","Gobiidae","Gobiiformes","Teleostei","Osteichthyes"
"2365","fishbase",1.8871,0.0167,20,3854,"routine","none specified",2120,"Gillichthys","Gobionellinae",1,1,"demersal","Gillichthys mirabilis","Gobiidae","Gobiiformes","Teleostei","Osteichthyes"
"2366","fishbase",1.9706,0.0167,20,3854,"routine","none specified",2120,"Gillichthys","Gobionellinae",1,1,"demersal","Gillichthys mirabilis","Gobiidae","Gobiiformes","Teleostei","Osteichthyes"
"2367","fishbase",2.0207,0.0167,20,3854,"routine","none specified",2120,"Gillichthys","Gobionellinae",1,1,"demersal","Gillichthys mirabilis","Gobiidae","Gobiiformes","Teleostei","Osteichthyes"
"2368","fishbase",2.0708,0.0167,20,3854,"routine","none specified",2120,"Gillichthys","Gobionellinae",1,1,"demersal","Gillichthys mirabilis","Gobiidae","Gobiiformes","Teleostei","Osteichthyes"
"2369","fishbase",2.1209,0.0167,20,3854,"routine","none specified",2120,"Gillichthys","Gobionellinae",1,1,"demersal","Gillichthys mirabilis","Gobiidae","Gobiiformes","Teleostei","Osteichthyes"
"2370","fishbase",2.2545,0.0167,20,3854,"routine","none specified",2120,"Gillichthys","Gobionellinae",1,1,"demersal","Gillichthys mirabilis","Gobiidae","Gobiiformes","Teleostei","Osteichthyes"
"2371","fishbase",2.3046,0.0167,20,3854,"routine","none specified",2120,"Gillichthys","Gobionellinae",1,1,"demersal","Gillichthys mirabilis","Gobiidae","Gobiiformes","Teleostei","Osteichthyes"
"2372","fishbase",2.4048,0.0167,20,3854,"routine","none specified",2120,"Gillichthys","Gobionellinae",1,1,"demersal","Gillichthys mirabilis","Gobiidae","Gobiiformes","Teleostei","Osteichthyes"
"2373","fishbase",2.5885,0.0167,20,3854,"routine","none specified",2120,"Gillichthys","Gobionellinae",1,1,"demersal","Gillichthys mirabilis","Gobiidae","Gobiiformes","Teleostei","Osteichthyes"
"2374","fishbase",2.8724,0.0167,20,3854,"routine","none specified",2120,"Gillichthys","Gobionellinae",1,1,"demersal","Gillichthys mirabilis","Gobiidae","Gobiiformes","Teleostei","Osteichthyes"
"2375","fishbase",2.9225,0.0167,20,3854,"routine","none specified",2120,"Gillichthys","Gobionellinae",1,1,"demersal","Gillichthys mirabilis","Gobiidae","Gobiiformes","Teleostei","Osteichthyes"
"2376","fishbase",3.2398,0.0167,20,3854,"routine","none specified",2120,"Gillichthys","Gobionellinae",1,1,"demersal","Gillichthys mirabilis","Gobiidae","Gobiiformes","Teleostei","Osteichthyes"
"2377","fishbase",3.2899,0.0167,20,3854,"routine","none specified",2120,"Gillichthys","Gobionellinae",1,1,"demersal","Gillichthys mirabilis","Gobiidae","Gobiiformes","Teleostei","Osteichthyes"
"2378","fishbase",3.4736,0.0167,20,3854,"routine","none specified",2120,"Gillichthys","Gobionellinae",1,1,"demersal","Gillichthys mirabilis","Gobiidae","Gobiiformes","Teleostei","Osteichthyes"
"2379","fishbase",3.5738,0.0167,20,3854,"routine","none specified",2120,"Gillichthys","Gobionellinae",1,1,"demersal","Gillichthys mirabilis","Gobiidae","Gobiiformes","Teleostei","Osteichthyes"
"2380","fishbase",3.7241,0.0167,20,3854,"routine","none specified",2120,"Gillichthys","Gobionellinae",1,1,"demersal","Gillichthys mirabilis","Gobiidae","Gobiiformes","Teleostei","Osteichthyes"
"2381","fishbase",4.1917,0.0167,20,3854,"routine","none specified",2120,"Gillichthys","Gobionellinae",1,1,"demersal","Gillichthys mirabilis","Gobiidae","Gobiiformes","Teleostei","Osteichthyes"
"2382","fishbase",4.2418,0.0167,20,3854,"routine","none specified",2120,"Gillichthys","Gobionellinae",1,1,"demersal","Gillichthys mirabilis","Gobiidae","Gobiiformes","Teleostei","Osteichthyes"
"2383","fishbase",5.6446,0.0167,20,3854,"routine","none specified",2120,"Gillichthys","Gobionellinae",1,1,"demersal","Gillichthys mirabilis","Gobiidae","Gobiiformes","Teleostei","Osteichthyes"
"2410","fishbase",0.08177,0.0017,5.7,4010,"standard","none specified",2120,"Sebastolobus","Sebastolobinae",0,1,"demersal","Sebastolobus altivelis","Sebastidae","Perciformes/Scorpaenoidei","Teleostei","Osteichthyes"
"2411","fishbase",0.07068,0.0019,5.7,4010,"standard","none specified",2120,"Sebastolobus","Sebastolobinae",0,1,"demersal","Sebastolobus altivelis","Sebastidae","Perciformes/Scorpaenoidei","Teleostei","Osteichthyes"
"2434","fishbase",1.26101,0.047,3,4239,"standard","none specified",85173,"Hippoglossoides","Pleuronectinae",0,1,"demersal","Hippoglossoides platessoides","Pleuronectidae","Pleuronectiformes","Teleostei","Osteichthyes"
"2435","fishbase",4.7817,0.231,3.5,4239,"standard","none specified",2120,"Hippoglossoides","Pleuronectinae",0,1,"demersal","Hippoglossoides platessoides","Pleuronectidae","Pleuronectiformes","Teleostei","Osteichthyes"
"2436","fishbase",5.8424,0.268,3.5,4239,"standard","none specified",2120,"Hippoglossoides","Pleuronectinae",0,1,"demersal","Hippoglossoides platessoides","Pleuronectidae","Pleuronectiformes","Teleostei","Osteichthyes"
"2437","fishbase",5.1156,0.294,3.5,4239,"standard","none specified",2120,"Hippoglossoides","Pleuronectinae",0,1,"demersal","Hippoglossoides platessoides","Pleuronectidae","Pleuronectiformes","Teleostei","Osteichthyes"
"2438","fishbase",5.8824,0.344,3.5,4239,"standard","none specified",2120,"Hippoglossoides","Pleuronectinae",0,1,"demersal","Hippoglossoides platessoides","Pleuronectidae","Pleuronectiformes","Teleostei","Osteichthyes"
"2439","fishbase",6.435,0.39,3.5,4239,"standard","none specified",2120,"Hippoglossoides","Pleuronectinae",0,1,"demersal","Hippoglossoides platessoides","Pleuronectidae","Pleuronectiformes","Teleostei","Osteichthyes"
"2441","fishbase",1.5,0.015,15,4249,"routine","none specified",2203,"Platichthys","Pleuronectinae",1,1,"demersal","Platichthys stellatus","Pleuronectidae","Pleuronectiformes","Teleostei","Osteichthyes"
"2442","fishbase",22.244639617,0.58079999,9,4249,"standard","none specified",2120,"Platichthys","Pleuronectinae",1,1,"demersal","Platichthys stellatus","Pleuronectidae","Pleuronectiformes","Teleostei","Osteichthyes"
"2443","fishbase",26.04139962,0.68529999,9,4249,"standard","none specified",2120,"Platichthys","Pleuronectinae",1,1,"demersal","Platichthys stellatus","Pleuronectidae","Pleuronectiformes","Teleostei","Osteichthyes"
"2444","fishbase",38.305,1.175,11.2,4249,"standard","none specified",2120,"Platichthys","Pleuronectinae",1,1,"demersal","Platichthys stellatus","Pleuronectidae","Pleuronectiformes","Teleostei","Osteichthyes"
"2445","fishbase",35.6025,1.175,11.5,4249,"standard","none specified",2120,"Platichthys","Pleuronectinae",1,1,"demersal","Platichthys stellatus","Pleuronectidae","Pleuronectiformes","Teleostei","Osteichthyes"
"2446","fishbase",98.5825,1.175,20,4249,"standard","none specified",2120,"Platichthys","Pleuronectinae",1,1,"demersal","Platichthys stellatus","Pleuronectidae","Pleuronectiformes","Teleostei","Osteichthyes"
"2447","fishbase",25.08,1.2,11.4,4249,"standard","none specified",2120,"Platichthys","Pleuronectinae",1,1,"demersal","Platichthys stellatus","Pleuronectidae","Pleuronectiformes","Teleostei","Osteichthyes"
"2448","fishbase",87.36,1.2,19.8,4249,"standard","none specified",2120,"Platichthys","Pleuronectinae",1,1,"demersal","Platichthys stellatus","Pleuronectidae","Pleuronectiformes","Teleostei","Osteichthyes"
"2449","fishbase",40.8296,1.268,9,4249,"standard","none specified",2120,"Platichthys","Pleuronectinae",1,1,"demersal","Platichthys stellatus","Pleuronectidae","Pleuronectiformes","Teleostei","Osteichthyes"
"2450","fishbase",43.2388,1.268,9.5,4249,"standard","none specified",2120,"Platichthys","Pleuronectinae",1,1,"demersal","Platichthys stellatus","Pleuronectidae","Pleuronectiformes","Teleostei","Osteichthyes"
"2451","fishbase",80.518,1.268,17.8,4249,"standard","none specified",2120,"Platichthys","Pleuronectinae",1,1,"demersal","Platichthys stellatus","Pleuronectidae","Pleuronectiformes","Teleostei","Osteichthyes"
"2452","fishbase",20.382,1.29,9,4249,"standard","none specified",2120,"Platichthys","Pleuronectinae",1,1,"demersal","Platichthys stellatus","Pleuronectidae","Pleuronectiformes","Teleostei","Osteichthyes"
"2453","fishbase",30.573,1.29,9,4249,"standard","none specified",2120,"Platichthys","Pleuronectinae",1,1,"demersal","Platichthys stellatus","Pleuronectidae","Pleuronectiformes","Teleostei","Osteichthyes"
"2454","fishbase",50.181,1.29,16.6,4249,"standard","none specified",2120,"Platichthys","Pleuronectinae",1,1,"demersal","Platichthys stellatus","Pleuronectidae","Pleuronectiformes","Teleostei","Osteichthyes"
"2455","fishbase",41.325,1.425,11,4249,"standard","none specified",2120,"Platichthys","Pleuronectinae",1,1,"demersal","Platichthys stellatus","Pleuronectidae","Pleuronectiformes","Teleostei","Osteichthyes"
"2456","fishbase",59.7075,1.425,11,4249,"standard","none specified",2120,"Platichthys","Pleuronectinae",1,1,"demersal","Platichthys stellatus","Pleuronectidae","Pleuronectiformes","Teleostei","Osteichthyes"
"2457","fishbase",75.6,1.44,12.3,4249,"standard","none specified",2120,"Platichthys","Pleuronectinae",1,1,"demersal","Platichthys stellatus","Pleuronectidae","Pleuronectiformes","Teleostei","Osteichthyes"
"2458","fishbase",63.648,1.44,13,4249,"standard","none specified",2120,"Platichthys","Pleuronectinae",1,1,"demersal","Platichthys stellatus","Pleuronectidae","Pleuronectiformes","Teleostei","Osteichthyes"
"2459","fishbase",126.288,1.44,19.8,4249,"standard","none specified",2120,"Platichthys","Pleuronectinae",1,1,"demersal","Platichthys stellatus","Pleuronectidae","Pleuronectiformes","Teleostei","Osteichthyes"
"2460","fishbase",24.215,1.45,11.8,4249,"standard","none specified",2120,"Platichthys","Pleuronectinae",1,1,"demersal","Platichthys stellatus","Pleuronectidae","Pleuronectiformes","Teleostei","Osteichthyes"
"2461","fishbase",131.95,1.45,19.5,4249,"standard","none specified",2120,"Platichthys","Pleuronectinae",1,1,"demersal","Platichthys stellatus","Pleuronectidae","Pleuronectiformes","Teleostei","Osteichthyes"
"2462","fishbase",66.8175,1.475,10.2,4249,"standard","none specified",2120,"Platichthys","Pleuronectinae",1,1,"demersal","Platichthys stellatus","Pleuronectidae","Pleuronectiformes","Teleostei","Osteichthyes"
"2463","fishbase",46.4625,1.475,11.5,4249,"standard","none specified",2120,"Platichthys","Pleuronectinae",1,1,"demersal","Platichthys stellatus","Pleuronectidae","Pleuronectiformes","Teleostei","Osteichthyes"
"2468","fishbase",0.42,0.0012,18,4478,"routine","none specified",2093,"Gobio",NA,1,0,"benthopelagic","Gobio gobio","Gobionidae","Cypriniformes","Teleostei","Osteichthyes"
"2469","fishbase",1.28097,0.00387,18,4478,"routine","none specified",2093,"Gobio",NA,1,0,"benthopelagic","Gobio gobio","Gobionidae","Cypriniformes","Teleostei","Osteichthyes"
"2470","fishbase",1.8848,0.0076,18,4478,"routine","none specified",2093,"Gobio",NA,1,0,"benthopelagic","Gobio gobio","Gobionidae","Cypriniformes","Teleostei","Osteichthyes"
"2471","fishbase",2.53,0.011,17,4478,"routine","none specified",2203,"Gobio",NA,1,0,"benthopelagic","Gobio gobio","Gobionidae","Cypriniformes","Teleostei","Osteichthyes"
"2472","fishbase",2.499,0.017,12,4478,"routine","none specified",2203,"Gobio",NA,1,0,"benthopelagic","Gobio gobio","Gobionidae","Cypriniformes","Teleostei","Osteichthyes"
"2473","fishbase",17.9278,0.0638,18,4478,"routine","none specified",2093,"Gobio",NA,1,0,"benthopelagic","Gobio gobio","Gobionidae","Cypriniformes","Teleostei","Osteichthyes"
"2474","fishbase",0.023452,0.00143,4.4,4480,"standard","none specified",2120,"Lampetra","Lampetrinae",1,1,"demersal","Lampetra fluviatilis","Petromyzontidae","Petromyzontiformes","Petromyzonti","Agnatha"
"2475","fishbase",0.049335,0.00143,4.8,4480,"standard","none specified",2120,"Lampetra","Lampetrinae",1,1,"demersal","Lampetra fluviatilis","Petromyzontidae","Petromyzontiformes","Petromyzonti","Agnatha"
"2476","fishbase",0.057915,0.00143,9.4,4480,"standard","none specified",2120,"Lampetra","Lampetrinae",1,1,"demersal","Lampetra fluviatilis","Petromyzontidae","Petromyzontiformes","Petromyzonti","Agnatha"
"2477","fishbase",0.118976,0.00143,9.8,4480,"standard","none specified",2120,"Lampetra","Lampetrinae",1,1,"demersal","Lampetra fluviatilis","Petromyzontidae","Petromyzontiformes","Petromyzonti","Agnatha"
"2478","fishbase",0.053625,0.00143,10,4480,"standard","none specified",2120,"Lampetra","Lampetrinae",1,1,"demersal","Lampetra fluviatilis","Petromyzontidae","Petromyzontiformes","Petromyzonti","Agnatha"
"2479","fishbase",0.057486,0.00143,10,4480,"standard","none specified",2120,"Lampetra","Lampetrinae",1,1,"demersal","Lampetra fluviatilis","Petromyzontidae","Petromyzontiformes","Petromyzonti","Agnatha"
"2480","fishbase",0.062205,0.00143,10,4480,"standard","none specified",2120,"Lampetra","Lampetrinae",1,1,"demersal","Lampetra fluviatilis","Petromyzontidae","Petromyzontiformes","Petromyzonti","Agnatha"
"2481","fishbase",0.068926,0.00143,10,4480,"standard","none specified",2120,"Lampetra","Lampetrinae",1,1,"demersal","Lampetra fluviatilis","Petromyzontidae","Petromyzontiformes","Petromyzonti","Agnatha"
"2482","fishbase",0.118833,0.00143,10,4480,"standard","none specified",2120,"Lampetra","Lampetrinae",1,1,"demersal","Lampetra fluviatilis","Petromyzontidae","Petromyzontiformes","Petromyzonti","Agnatha"
"2483","fishbase",0.111254,0.00143,14.4,4480,"standard","none specified",2120,"Lampetra","Lampetrinae",1,1,"demersal","Lampetra fluviatilis","Petromyzontidae","Petromyzontiformes","Petromyzonti","Agnatha"
"2484","fishbase",0.2002,0.00143,14.7,4480,"standard","none specified",2120,"Lampetra","Lampetrinae",1,1,"demersal","Lampetra fluviatilis","Petromyzontidae","Petromyzontiformes","Petromyzonti","Agnatha"
"2485","fishbase",2.6096,0.0233,16,4480,"standard","none specified",2120,"Lampetra","Lampetrinae",1,1,"demersal","Lampetra fluviatilis","Petromyzontidae","Petromyzontiformes","Petromyzonti","Agnatha"
"2486","fishbase",2.4882,0.0286,16,4480,"standard","none specified",2120,"Lampetra","Lampetrinae",1,1,"demersal","Lampetra fluviatilis","Petromyzontidae","Petromyzontiformes","Petromyzonti","Agnatha"
"2487","fishbase",1.3478,0.0293,9.5,4480,"standard","none specified",2120,"Lampetra","Lampetrinae",1,1,"demersal","Lampetra fluviatilis","Petromyzontidae","Petromyzontiformes","Petromyzonti","Agnatha"
"2488","fishbase",1.2423,0.0303,9.5,4480,"standard","none specified",2120,"Lampetra","Lampetrinae",1,1,"demersal","Lampetra fluviatilis","Petromyzontidae","Petromyzontiformes","Petromyzonti","Agnatha"
"2489","fishbase",1.1808,0.0328,9.5,4480,"standard","none specified",2120,"Lampetra","Lampetrinae",1,1,"demersal","Lampetra fluviatilis","Petromyzontidae","Petromyzontiformes","Petromyzonti","Agnatha"
"2490","fishbase",1.7384,0.0328,9.5,4480,"standard","none specified",2120,"Lampetra","Lampetrinae",1,1,"demersal","Lampetra fluviatilis","Petromyzontidae","Petromyzontiformes","Petromyzonti","Agnatha"
"2491","fishbase",2.5232,0.0332,16,4480,"standard","none specified",2120,"Lampetra","Lampetrinae",1,1,"demersal","Lampetra fluviatilis","Petromyzontidae","Petromyzontiformes","Petromyzonti","Agnatha"
"2492","fishbase",5.18,0.037,16.5,4480,"routine","none specified",2093,"Lampetra","Lampetrinae",1,1,"demersal","Lampetra fluviatilis","Petromyzontidae","Petromyzontiformes","Petromyzonti","Agnatha"
"2493","fishbase",1.7336,0.0394,9.5,4480,"standard","none specified",2120,"Lampetra","Lampetrinae",1,1,"demersal","Lampetra fluviatilis","Petromyzontidae","Petromyzontiformes","Petromyzonti","Agnatha"
"2494","fishbase",1.4832,0.0412,9.5,4480,"standard","none specified",2120,"Lampetra","Lampetrinae",1,1,"demersal","Lampetra fluviatilis","Petromyzontidae","Petromyzontiformes","Petromyzonti","Agnatha"
"2495","fishbase",3.376,0.0422,16,4480,"standard","none specified",2120,"Lampetra","Lampetrinae",1,1,"demersal","Lampetra fluviatilis","Petromyzontidae","Petromyzontiformes","Petromyzonti","Agnatha"
"2496","fishbase",1.5799,0.0427,9.5,4480,"standard","none specified",2120,"Lampetra","Lampetrinae",1,1,"demersal","Lampetra fluviatilis","Petromyzontidae","Petromyzontiformes","Petromyzonti","Agnatha"
"2497","fishbase",1.6169,0.0437,9.5,4480,"standard","none specified",2120,"Lampetra","Lampetrinae",1,1,"demersal","Lampetra fluviatilis","Petromyzontidae","Petromyzontiformes","Petromyzonti","Agnatha"
"2498","fishbase",1.5028,0.0442,9.5,4480,"standard","none specified",2120,"Lampetra","Lampetrinae",1,1,"demersal","Lampetra fluviatilis","Petromyzontidae","Petromyzontiformes","Petromyzonti","Agnatha"
"2499","fishbase",4.4748,0.0452,16,4480,"standard","none specified",2120,"Lampetra","Lampetrinae",1,1,"demersal","Lampetra fluviatilis","Petromyzontidae","Petromyzontiformes","Petromyzonti","Agnatha"
"2500","fishbase",2.1479,0.0457,9.5,4480,"standard","none specified",2120,"Lampetra","Lampetrinae",1,1,"demersal","Lampetra fluviatilis","Petromyzontidae","Petromyzontiformes","Petromyzonti","Agnatha"
"2501","fishbase",1.7784,0.0468,9.5,4480,"standard","none specified",2120,"Lampetra","Lampetrinae",1,1,"demersal","Lampetra fluviatilis","Petromyzontidae","Petromyzontiformes","Petromyzonti","Agnatha"
"2502","fishbase",1.8252,0.0468,9.5,4480,"standard","none specified",2120,"Lampetra","Lampetrinae",1,1,"demersal","Lampetra fluviatilis","Petromyzontidae","Petromyzontiformes","Petromyzonti","Agnatha"
"2503","fishbase",1.872,0.0468,9.5,4480,"standard","none specified",2120,"Lampetra","Lampetrinae",1,1,"demersal","Lampetra fluviatilis","Petromyzontidae","Petromyzontiformes","Petromyzonti","Agnatha"
"2504","fishbase",1.9188,0.0468,9.5,4480,"standard","none specified",2120,"Lampetra","Lampetrinae",1,1,"demersal","Lampetra fluviatilis","Petromyzontidae","Petromyzontiformes","Petromyzonti","Agnatha"
"2505","fishbase",5.2323,0.0489,16,4480,"standard","none specified",2120,"Lampetra","Lampetrinae",1,1,"demersal","Lampetra fluviatilis","Petromyzontidae","Petromyzontiformes","Petromyzonti","Agnatha"
"2506","fishbase",1.881,0.0495,9.5,4480,"standard","none specified",2120,"Lampetra","Lampetrinae",1,1,"demersal","Lampetra fluviatilis","Petromyzontidae","Petromyzontiformes","Petromyzonti","Agnatha"
"2507","fishbase",5.0985,0.0495,16,4480,"standard","none specified",2120,"Lampetra","Lampetrinae",1,1,"demersal","Lampetra fluviatilis","Petromyzontidae","Petromyzontiformes","Petromyzonti","Agnatha"
"2508","fishbase",3.8532,0.0507,16,4480,"standard","none specified",2120,"Lampetra","Lampetrinae",1,1,"demersal","Lampetra fluviatilis","Petromyzontidae","Petromyzontiformes","Petromyzonti","Agnatha"
"2509","fishbase",1.7816,0.0524,9.5,4480,"standard","none specified",2120,"Lampetra","Lampetrinae",1,1,"demersal","Lampetra fluviatilis","Petromyzontidae","Petromyzontiformes","Petromyzonti","Agnatha"
"2510","fishbase",2.12,0.053,9.5,4480,"standard","none specified",2120,"Lampetra","Lampetrinae",1,1,"demersal","Lampetra fluviatilis","Petromyzontidae","Petromyzontiformes","Petromyzonti","Agnatha"
"2511","fishbase",5.3,0.053,16,4480,"standard","none specified",2120,"Lampetra","Lampetrinae",1,1,"demersal","Lampetra fluviatilis","Petromyzontidae","Petromyzontiformes","Petromyzonti","Agnatha"
"2512","fishbase",4.4444,0.0542,16,4480,"standard","none specified",2120,"Lampetra","Lampetrinae",1,1,"demersal","Lampetra fluviatilis","Petromyzontidae","Petromyzontiformes","Petromyzonti","Agnatha"
"2513","fishbase",2.331,0.0555,9.5,4480,"standard","none specified",2120,"Lampetra","Lampetrinae",1,1,"demersal","Lampetra fluviatilis","Petromyzontidae","Petromyzontiformes","Petromyzonti","Agnatha"
"2514","fishbase",2.6085,0.0555,9.5,4480,"standard","none specified",2120,"Lampetra","Lampetrinae",1,1,"demersal","Lampetra fluviatilis","Petromyzontidae","Petromyzontiformes","Petromyzonti","Agnatha"
"2515","fishbase",1.9635,0.0561,9.5,4480,"standard","none specified",2120,"Lampetra","Lampetrinae",1,1,"demersal","Lampetra fluviatilis","Petromyzontidae","Petromyzontiformes","Petromyzonti","Agnatha"
"2516","fishbase",2.1584,0.0568,9.5,4480,"standard","none specified",2120,"Lampetra","Lampetrinae",1,1,"demersal","Lampetra fluviatilis","Petromyzontidae","Petromyzontiformes","Petromyzonti","Agnatha"
"2517","fishbase",2.9536,0.0568,9.5,4480,"standard","none specified",2120,"Lampetra","Lampetrinae",1,1,"demersal","Lampetra fluviatilis","Petromyzontidae","Petromyzontiformes","Petromyzonti","Agnatha"
"2518","fishbase",2.2344,0.0588,9.5,4480,"standard","none specified",2120,"Lampetra","Lampetrinae",1,1,"demersal","Lampetra fluviatilis","Petromyzontidae","Petromyzontiformes","Petromyzonti","Agnatha"
"2519","fishbase",2.799,0.0622,9.5,4480,"standard","none specified",2120,"Lampetra","Lampetrinae",1,1,"demersal","Lampetra fluviatilis","Petromyzontidae","Petromyzontiformes","Petromyzonti","Agnatha"
"2520","fishbase",2.226,0.0636,9.5,4480,"standard","none specified",2120,"Lampetra","Lampetrinae",1,1,"demersal","Lampetra fluviatilis","Petromyzontidae","Petromyzontiformes","Petromyzonti","Agnatha"
"2521","fishbase",0.037107,0.00279,5.3,4481,"standard","none specified",2120,"Lampetra","Lampetrinae",0,0,"demersal","Lampetra planeri","Petromyzontidae","Petromyzontiformes","Petromyzonti","Agnatha"
"2522","fishbase",0.083142,0.00279,5.7,4481,"standard","none specified",2120,"Lampetra","Lampetrinae",0,0,"demersal","Lampetra planeri","Petromyzontidae","Petromyzontiformes","Petromyzonti","Agnatha"
"2523","fishbase",0.080631,0.00279,10,4481,"standard","none specified",2120,"Lampetra","Lampetrinae",0,0,"demersal","Lampetra planeri","Petromyzontidae","Petromyzontiformes","Petromyzonti","Agnatha"
"2524","fishbase",0.087048,0.00279,10,4481,"standard","none specified",2120,"Lampetra","Lampetrinae",0,0,"demersal","Lampetra planeri","Petromyzontidae","Petromyzontiformes","Petromyzonti","Agnatha"
"2525","fishbase",0.100161,0.00279,10,4481,"standard","none specified",2120,"Lampetra","Lampetrinae",0,0,"demersal","Lampetra planeri","Petromyzontidae","Petromyzontiformes","Petromyzonti","Agnatha"
"2526","fishbase",0.113274,0.00279,10,4481,"standard","none specified",2120,"Lampetra","Lampetrinae",0,0,"demersal","Lampetra planeri","Petromyzontidae","Petromyzontiformes","Petromyzonti","Agnatha"
"2527","fishbase",0.126108,0.00279,10,4481,"standard","none specified",2120,"Lampetra","Lampetrinae",0,0,"demersal","Lampetra planeri","Petromyzontidae","Petromyzontiformes","Petromyzonti","Agnatha"
"2528","fishbase",0.154566,0.00279,10,4481,"standard","none specified",2120,"Lampetra","Lampetrinae",0,0,"demersal","Lampetra planeri","Petromyzontidae","Petromyzontiformes","Petromyzonti","Agnatha"
"2529","fishbase",0.171864,0.00279,10,4481,"standard","none specified",2120,"Lampetra","Lampetrinae",0,0,"demersal","Lampetra planeri","Petromyzontidae","Petromyzontiformes","Petromyzonti","Agnatha"
"2530","fishbase",0.19809,0.00279,10,4481,"standard","none specified",2120,"Lampetra","Lampetrinae",0,0,"demersal","Lampetra planeri","Petromyzontidae","Petromyzontiformes","Petromyzonti","Agnatha"
"2531","fishbase",0.200322,0.00279,10,4481,"standard","none specified",2120,"Lampetra","Lampetrinae",0,0,"demersal","Lampetra planeri","Petromyzontidae","Petromyzontiformes","Petromyzonti","Agnatha"
"2532","fishbase",0.228501,0.00279,10,4481,"standard","none specified",2120,"Lampetra","Lampetrinae",0,0,"demersal","Lampetra planeri","Petromyzontidae","Petromyzontiformes","Petromyzonti","Agnatha"
"2533","fishbase",0.28179,0.00279,10,4481,"standard","none specified",2120,"Lampetra","Lampetrinae",0,0,"demersal","Lampetra planeri","Petromyzontidae","Petromyzontiformes","Petromyzonti","Agnatha"
"2534","fishbase",0.077841,0.00279,10.3,4481,"standard","none specified",2120,"Lampetra","Lampetrinae",0,0,"demersal","Lampetra planeri","Petromyzontidae","Petromyzontiformes","Petromyzonti","Agnatha"
"2535","fishbase",0.193347,0.00279,10.6,4481,"standard","none specified",2120,"Lampetra","Lampetrinae",0,0,"demersal","Lampetra planeri","Petromyzontidae","Petromyzontiformes","Petromyzonti","Agnatha"
"2536","fishbase",0.166842,0.00279,15.2,4481,"standard","none specified",2120,"Lampetra","Lampetrinae",0,0,"demersal","Lampetra planeri","Petromyzontidae","Petromyzontiformes","Petromyzonti","Agnatha"
"2537","fishbase",0.28737,0.00279,15.6,4481,"standard","none specified",2120,"Lampetra","Lampetrinae",0,0,"demersal","Lampetra planeri","Petromyzontidae","Petromyzontiformes","Petromyzonti","Agnatha"
"2538","fishbase",0.85728,0.00304,18,4482,"routine","none specified",2093,"Squalius","Leuciscinae",1,0,"benthopelagic","Squalius cephalus","Leuciscidae","Cypriniformes","Teleostei","Osteichthyes"
"2539","fishbase",3.4443,0.0129,18,4482,"routine","none specified",2093,"Squalius","Leuciscinae",1,0,"benthopelagic","Squalius cephalus","Leuciscidae","Cypriniformes","Teleostei","Osteichthyes"
"2540","fishbase",1.568,0.014,15,4482,"routine","none specified",2203,"Squalius","Leuciscinae",1,0,"benthopelagic","Squalius cephalus","Leuciscidae","Cypriniformes","Teleostei","Osteichthyes"
"2541","fishbase",30.24,0.168,18,4482,"routine","none specified",2093,"Squalius","Leuciscinae",1,0,"benthopelagic","Squalius cephalus","Leuciscidae","Cypriniformes","Teleostei","Osteichthyes"
"2543","fishbase",0.2057,0.0034,20,4494,"standard","none specified",2120,"Cirrhinus","Labeoninae",1,0,"benthopelagic","Cirrhinus cirrhosus","Cyprinidae","Cypriniformes","Teleostei","Osteichthyes"
"2544","fishbase",0.2635,0.0034,20,4494,"routine","none specified",2120,"Cirrhinus","Labeoninae",1,0,"benthopelagic","Cirrhinus cirrhosus","Cyprinidae","Cypriniformes","Teleostei","Osteichthyes"
"2545","fishbase",0.2924,0.0034,30,4494,"standard","none specified",2120,"Cirrhinus","Labeoninae",1,0,"benthopelagic","Cirrhinus cirrhosus","Cyprinidae","Cypriniformes","Teleostei","Osteichthyes"
"2546","fishbase",0.34816,0.0034,30,4494,"routine","none specified",2120,"Cirrhinus","Labeoninae",1,0,"benthopelagic","Cirrhinus cirrhosus","Cyprinidae","Cypriniformes","Teleostei","Osteichthyes"
"2547","fishbase",1.00912,0.00424,30.5,4494,"standard","none specified",2120,"Cirrhinus","Labeoninae",1,0,"benthopelagic","Cirrhinus cirrhosus","Cyprinidae","Cypriniformes","Teleostei","Osteichthyes"
"2548","fishbase",1.07198,0.00494,30.5,4494,"standard","none specified",2120,"Cirrhinus","Labeoninae",1,0,"benthopelagic","Cirrhinus cirrhosus","Cyprinidae","Cypriniformes","Teleostei","Osteichthyes"
"2549","fishbase",0.75,0.005,21.5,4494,"routine","none specified",2120,"Cirrhinus","Labeoninae",1,0,"benthopelagic","Cirrhinus cirrhosus","Cyprinidae","Cypriniformes","Teleostei","Osteichthyes"
"2550","fishbase",0.755,0.005,21.5,4494,"routine","none specified",2120,"Cirrhinus","Labeoninae",1,0,"benthopelagic","Cirrhinus cirrhosus","Cyprinidae","Cypriniformes","Teleostei","Osteichthyes"
"2551","fishbase",1.19,0.005,30.5,4494,"routine","none specified",2120,"Cirrhinus","Labeoninae",1,0,"benthopelagic","Cirrhinus cirrhosus","Cyprinidae","Cypriniformes","Teleostei","Osteichthyes"
"2552","fishbase",1.24425,0.00525,30.5,4494,"routine","none specified",2120,"Cirrhinus","Labeoninae",1,0,"benthopelagic","Cirrhinus cirrhosus","Cyprinidae","Cypriniformes","Teleostei","Osteichthyes"
"2553","fishbase",1.736,0.008,30.5,4494,"routine","none specified",2120,"Cirrhinus","Labeoninae",1,0,"benthopelagic","Cirrhinus cirrhosus","Cyprinidae","Cypriniformes","Teleostei","Osteichthyes"
"2554","fishbase",1.197,0.009,21.5,4494,"routine","none specified",2120,"Cirrhinus","Labeoninae",1,0,"benthopelagic","Cirrhinus cirrhosus","Cyprinidae","Cypriniformes","Teleostei","Osteichthyes"
"2555","fishbase",1.408,0.011,21.5,4494,"routine","none specified",2120,"Cirrhinus","Labeoninae",1,0,"benthopelagic","Cirrhinus cirrhosus","Cyprinidae","Cypriniformes","Teleostei","Osteichthyes"
"2556","fishbase",2.3052,0.0113,30.5,4494,"standard","none specified",2120,"Cirrhinus","Labeoninae",1,0,"benthopelagic","Cirrhinus cirrhosus","Cyprinidae","Cypriniformes","Teleostei","Osteichthyes"
"2557","fishbase",1.4605,0.0115,21.5,4494,"routine","none specified",2120,"Cirrhinus","Labeoninae",1,0,"benthopelagic","Cirrhinus cirrhosus","Cyprinidae","Cypriniformes","Teleostei","Osteichthyes"
"2558","fishbase",2.3345,0.0115,30.5,4494,"routine","none specified",2120,"Cirrhinus","Labeoninae",1,0,"benthopelagic","Cirrhinus cirrhosus","Cyprinidae","Cypriniformes","Teleostei","Osteichthyes"
"2559","fishbase",2.436,0.012,30.5,4494,"routine","none specified",2120,"Cirrhinus","Labeoninae",1,0,"benthopelagic","Cirrhinus cirrhosus","Cyprinidae","Cypriniformes","Teleostei","Osteichthyes"
"2560","fishbase",2.9865,0.0165,21.5,4494,"routine","none specified",2120,"Cirrhinus","Labeoninae",1,0,"benthopelagic","Cirrhinus cirrhosus","Cyprinidae","Cypriniformes","Teleostei","Osteichthyes"
"2561","fishbase",3.135,0.0165,30.5,4494,"routine","none specified",2120,"Cirrhinus","Labeoninae",1,0,"benthopelagic","Cirrhinus cirrhosus","Cyprinidae","Cypriniformes","Teleostei","Osteichthyes"
"2562","fishbase",3.63952,0.01978,30.5,4494,"standard","none specified",2120,"Cirrhinus","Labeoninae",1,0,"benthopelagic","Cirrhinus cirrhosus","Cyprinidae","Cypriniformes","Teleostei","Osteichthyes"
"2563","fishbase",3.68,0.02,30.5,4494,"routine","none specified",2120,"Cirrhinus","Labeoninae",1,0,"benthopelagic","Cirrhinus cirrhosus","Cyprinidae","Cypriniformes","Teleostei","Osteichthyes"
"2564","fishbase",4.10432,0.02332,30.5,4494,"standard","none specified",2120,"Cirrhinus","Labeoninae",1,0,"benthopelagic","Cirrhinus cirrhosus","Cyprinidae","Cypriniformes","Teleostei","Osteichthyes"
"2565","fishbase",2.616,0.024,21.5,4494,"routine","none specified",2120,"Cirrhinus","Labeoninae",1,0,"benthopelagic","Cirrhinus cirrhosus","Cyprinidae","Cypriniformes","Teleostei","Osteichthyes"
"2566","fishbase",2.64,0.024,21.5,4494,"routine","none specified",2120,"Cirrhinus","Labeoninae",1,0,"benthopelagic","Cirrhinus cirrhosus","Cyprinidae","Cypriniformes","Teleostei","Osteichthyes"
"2567","fishbase",4.224,0.024,30.5,4494,"routine","none specified",2120,"Cirrhinus","Labeoninae",1,0,"benthopelagic","Cirrhinus cirrhosus","Cyprinidae","Cypriniformes","Teleostei","Osteichthyes"
"2568","fishbase",4.248,0.024,30.5,4494,"routine","none specified",2120,"Cirrhinus","Labeoninae",1,0,"benthopelagic","Cirrhinus cirrhosus","Cyprinidae","Cypriniformes","Teleostei","Osteichthyes"
"2569","fishbase",3.224,0.031,21.5,4494,"routine","none specified",2120,"Cirrhinus","Labeoninae",1,0,"benthopelagic","Cirrhinus cirrhosus","Cyprinidae","Cypriniformes","Teleostei","Osteichthyes"
"2570","fishbase",5.2788,0.0318,30.5,4494,"standard","none specified",2120,"Cirrhinus","Labeoninae",1,0,"benthopelagic","Cirrhinus cirrhosus","Cyprinidae","Cypriniformes","Teleostei","Osteichthyes"
"2571","fishbase",5.312,0.032,30.5,4494,"routine","none specified",2120,"Cirrhinus","Labeoninae",1,0,"benthopelagic","Cirrhinus cirrhosus","Cyprinidae","Cypriniformes","Teleostei","Osteichthyes"
"2572","fishbase",3.3475,0.0325,21.5,4494,"routine","none specified",2120,"Cirrhinus","Labeoninae",1,0,"benthopelagic","Cirrhinus cirrhosus","Cyprinidae","Cypriniformes","Teleostei","Osteichthyes"
"2573","fishbase",5.4275,0.0325,30.5,4494,"routine","none specified",2120,"Cirrhinus","Labeoninae",1,0,"benthopelagic","Cirrhinus cirrhosus","Cyprinidae","Cypriniformes","Teleostei","Osteichthyes"
"2574","fishbase",4.1076,0.042,21.5,4494,"routine","none specified",2120,"Cirrhinus","Labeoninae",1,0,"benthopelagic","Cirrhinus cirrhosus","Cyprinidae","Cypriniformes","Teleostei","Osteichthyes"
"2575","fishbase",6.678,0.042,30.5,4494,"routine","none specified",2120,"Cirrhinus","Labeoninae",1,0,"benthopelagic","Cirrhinus cirrhosus","Cyprinidae","Cypriniformes","Teleostei","Osteichthyes"
"2576","fishbase",4.83912,0.047,21.5,4494,"standard","none specified",85173,"Cirrhinus","Labeoninae",1,0,"benthopelagic","Cirrhinus cirrhosus","Cyprinidae","Cypriniformes","Teleostei","Osteichthyes"
"2577","fishbase",8.14979953,0.047,30.5,4494,"standard","none specified",85173,"Cirrhinus","Labeoninae",1,0,"benthopelagic","Cirrhinus cirrhosus","Cyprinidae","Cypriniformes","Teleostei","Osteichthyes"
"2578","fishbase",4.5504,0.048,21.5,4494,"routine","none specified",2120,"Cirrhinus","Labeoninae",1,0,"benthopelagic","Cirrhinus cirrhosus","Cyprinidae","Cypriniformes","Teleostei","Osteichthyes"
"2579","fishbase",7.5578,0.04876,30.5,4494,"standard","none specified",2120,"Cirrhinus","Labeoninae",1,0,"benthopelagic","Cirrhinus cirrhosus","Cyprinidae","Cypriniformes","Teleostei","Osteichthyes"
"2580","fishbase",7.65,0.05,30.5,4494,"routine","none specified",2120,"Cirrhinus","Labeoninae",1,0,"benthopelagic","Cirrhinus cirrhosus","Cyprinidae","Cypriniformes","Teleostei","Osteichthyes"
"2581","fishbase",4.8568,0.052,21.5,4494,"routine","none specified",2120,"Cirrhinus","Labeoninae",1,0,"benthopelagic","Cirrhinus cirrhosus","Cyprinidae","Cypriniformes","Teleostei","Osteichthyes"
"2582","fishbase",7.956,0.052,30.5,4494,"routine","none specified",2120,"Cirrhinus","Labeoninae",1,0,"benthopelagic","Cirrhinus cirrhosus","Cyprinidae","Cypriniformes","Teleostei","Osteichthyes"
"2583","fishbase",5.3631,0.059,21.5,4494,"routine","none specified",2120,"Cirrhinus","Labeoninae",1,0,"benthopelagic","Cirrhinus cirrhosus","Cyprinidae","Cypriniformes","Teleostei","Osteichthyes"
"2584","fishbase",9.2856,0.0636,30.5,4494,"standard","none specified",2120,"Cirrhinus","Labeoninae",1,0,"benthopelagic","Cirrhinus cirrhosus","Cyprinidae","Cypriniformes","Teleostei","Osteichthyes"
"2585","fishbase",9.555,0.065,30.5,4494,"routine","none specified",2120,"Cirrhinus","Labeoninae",1,0,"benthopelagic","Cirrhinus cirrhosus","Cyprinidae","Cypriniformes","Teleostei","Osteichthyes"
"2586","fishbase",5.9496,0.067,21.5,4494,"routine","none specified",2120,"Cirrhinus","Labeoninae",1,0,"benthopelagic","Cirrhinus cirrhosus","Cyprinidae","Cypriniformes","Teleostei","Osteichthyes"
"2587","fishbase",6.2267,0.071,21.5,4494,"routine","none specified",2120,"Cirrhinus","Labeoninae",1,0,"benthopelagic","Cirrhinus cirrhosus","Cyprinidae","Cypriniformes","Teleostei","Osteichthyes"
"2588","fishbase",10.224,0.071,30.5,4494,"routine","none specified",2120,"Cirrhinus","Labeoninae",1,0,"benthopelagic","Cirrhinus cirrhosus","Cyprinidae","Cypriniformes","Teleostei","Osteichthyes"
"2589","fishbase",7.1148,0.084,21.5,4494,"routine","none specified",2120,"Cirrhinus","Labeoninae",1,0,"benthopelagic","Cirrhinus cirrhosus","Cyprinidae","Cypriniformes","Teleostei","Osteichthyes"
"2590","fishbase",11.76,0.084,30.5,4494,"routine","none specified",2120,"Cirrhinus","Labeoninae",1,0,"benthopelagic","Cirrhinus cirrhosus","Cyprinidae","Cypriniformes","Teleostei","Osteichthyes"
"2591","fishbase",12.92,0.095,30.5,4494,"standard","none specified",2120,"Cirrhinus","Labeoninae",1,0,"benthopelagic","Cirrhinus cirrhosus","Cyprinidae","Cypriniformes","Teleostei","Osteichthyes"
"2592","fishbase",12.92,0.095,30.5,4494,"routine","none specified",2120,"Cirrhinus","Labeoninae",1,0,"benthopelagic","Cirrhinus cirrhosus","Cyprinidae","Cypriniformes","Teleostei","Osteichthyes"
"2593","fishbase",7.9831,0.097,21.5,4494,"routine","none specified",2120,"Cirrhinus","Labeoninae",1,0,"benthopelagic","Cirrhinus cirrhosus","Cyprinidae","Cypriniformes","Teleostei","Osteichthyes"
"2594","fishbase",13.192,0.097,30.5,4494,"routine","none specified",2120,"Cirrhinus","Labeoninae",1,0,"benthopelagic","Cirrhinus cirrhosus","Cyprinidae","Cypriniformes","Teleostei","Osteichthyes"
"2595","fishbase",9.5227,0.121,21.5,4494,"routine","none specified",2120,"Cirrhinus","Labeoninae",1,0,"benthopelagic","Cirrhinus cirrhosus","Cyprinidae","Cypriniformes","Teleostei","Osteichthyes"
"2596","fishbase",15.851,0.121,30.5,4494,"routine","none specified",2120,"Cirrhinus","Labeoninae",1,0,"benthopelagic","Cirrhinus cirrhosus","Cyprinidae","Cypriniformes","Teleostei","Osteichthyes"
"2597","fishbase",15.86,0.122,30.5,4494,"standard","none specified",2120,"Cirrhinus","Labeoninae",1,0,"benthopelagic","Cirrhinus cirrhosus","Cyprinidae","Cypriniformes","Teleostei","Osteichthyes"
"2598","fishbase",15.86,0.122,30.5,4494,"routine","none specified",2120,"Cirrhinus","Labeoninae",1,0,"benthopelagic","Cirrhinus cirrhosus","Cyprinidae","Cypriniformes","Teleostei","Osteichthyes"
"2599","fishbase",9.7625,0.125,21.5,4494,"routine","none specified",2120,"Cirrhinus","Labeoninae",1,0,"benthopelagic","Cirrhinus cirrhosus","Cyprinidae","Cypriniformes","Teleostei","Osteichthyes"
"2600","fishbase",10.3815,0.135,21.5,4494,"routine","none specified",2120,"Cirrhinus","Labeoninae",1,0,"benthopelagic","Cirrhinus cirrhosus","Cyprinidae","Cypriniformes","Teleostei","Osteichthyes"
"2601","fishbase",17.28,0.135,30.5,4494,"routine","none specified",2120,"Cirrhinus","Labeoninae",1,0,"benthopelagic","Cirrhinus cirrhosus","Cyprinidae","Cypriniformes","Teleostei","Osteichthyes"
"2602","fishbase",10.8062,0.142,21.5,4494,"routine","none specified",2120,"Cirrhinus","Labeoninae",1,0,"benthopelagic","Cirrhinus cirrhosus","Cyprinidae","Cypriniformes","Teleostei","Osteichthyes"
"2603","fishbase",18.034,0.142,30.5,4494,"routine","none specified",2120,"Cirrhinus","Labeoninae",1,0,"benthopelagic","Cirrhinus cirrhosus","Cyprinidae","Cypriniformes","Teleostei","Osteichthyes"
"2604","fishbase",11.2346,0.149,21.5,4494,"routine","none specified",2120,"Cirrhinus","Labeoninae",1,0,"benthopelagic","Cirrhinus cirrhosus","Cyprinidae","Cypriniformes","Teleostei","Osteichthyes"
"2605","fishbase",18.625,0.149,30.5,4494,"routine","none specified",2120,"Cirrhinus","Labeoninae",1,0,"benthopelagic","Cirrhinus cirrhosus","Cyprinidae","Cypriniformes","Teleostei","Osteichthyes"
"2606","fishbase",19.22,0.155,30.5,4494,"routine","none specified",2120,"Cirrhinus","Labeoninae",1,0,"benthopelagic","Cirrhinus cirrhosus","Cyprinidae","Cypriniformes","Teleostei","Osteichthyes"
"2607","fishbase",19.375,0.155,30.5,4494,"standard","none specified",2120,"Cirrhinus","Labeoninae",1,0,"benthopelagic","Cirrhinus cirrhosus","Cyprinidae","Cypriniformes","Teleostei","Osteichthyes"
"2608","fishbase",11.872,0.16,21.5,4494,"routine","none specified",2120,"Cirrhinus","Labeoninae",1,0,"benthopelagic","Cirrhinus cirrhosus","Cyprinidae","Cypriniformes","Teleostei","Osteichthyes"
"2609","fishbase",11.888,0.16,21.5,4494,"routine","none specified",2120,"Cirrhinus","Labeoninae",1,0,"benthopelagic","Cirrhinus cirrhosus","Cyprinidae","Cypriniformes","Teleostei","Osteichthyes"
"2610","fishbase",19.84,0.16,30.5,4494,"routine","none specified",2120,"Cirrhinus","Labeoninae",1,0,"benthopelagic","Cirrhinus cirrhosus","Cyprinidae","Cypriniformes","Teleostei","Osteichthyes"
"2611","fishbase",13.068,0.18,21.5,4494,"routine","none specified",2120,"Cirrhinus","Labeoninae",1,0,"benthopelagic","Cirrhinus cirrhosus","Cyprinidae","Cypriniformes","Teleostei","Osteichthyes"
"2612","fishbase",21.78,0.18,30.5,4494,"routine","none specified",2120,"Cirrhinus","Labeoninae",1,0,"benthopelagic","Cirrhinus cirrhosus","Cyprinidae","Cypriniformes","Teleostei","Osteichthyes"
"2613","fishbase",22.14,0.18,30.5,4494,"standard","none specified",2120,"Cirrhinus","Labeoninae",1,0,"benthopelagic","Cirrhinus cirrhosus","Cyprinidae","Cypriniformes","Teleostei","Osteichthyes"
"2614","fishbase",22.14,0.18,30.5,4494,"routine","none specified",2120,"Cirrhinus","Labeoninae",1,0,"benthopelagic","Cirrhinus cirrhosus","Cyprinidae","Cypriniformes","Teleostei","Osteichthyes"
"2615","fishbase",14.0778,0.198,21.5,4494,"routine","none specified",2120,"Cirrhinus","Labeoninae",1,0,"benthopelagic","Cirrhinus cirrhosus","Cyprinidae","Cypriniformes","Teleostei","Osteichthyes"
"2616","fishbase",15.5456,0.224,21.5,4494,"routine","none specified",2120,"Cirrhinus","Labeoninae",1,0,"benthopelagic","Cirrhinus cirrhosus","Cyprinidae","Cypriniformes","Teleostei","Osteichthyes"
"2617","fishbase",25.984,0.224,30.5,4494,"routine","none specified",2120,"Cirrhinus","Labeoninae",1,0,"benthopelagic","Cirrhinus cirrhosus","Cyprinidae","Cypriniformes","Teleostei","Osteichthyes"
"2618","fishbase",16.7526,0.246,21.5,4494,"routine","none specified",2120,"Cirrhinus","Labeoninae",1,0,"benthopelagic","Cirrhinus cirrhosus","Cyprinidae","Cypriniformes","Teleostei","Osteichthyes"
"2619","fishbase",28.044,0.246,30.5,4494,"routine","none specified",2120,"Cirrhinus","Labeoninae",1,0,"benthopelagic","Cirrhinus cirrhosus","Cyprinidae","Cypriniformes","Teleostei","Osteichthyes"
"2620","fishbase",59.6796,1.213,21.5,4494,"routine","none specified",2120,"Cirrhinus","Labeoninae",1,0,"benthopelagic","Cirrhinus cirrhosus","Cyprinidae","Cypriniformes","Teleostei","Osteichthyes"
"2621","fishbase",102.4985,1.213,30.5,4494,"routine","none specified",2120,"Cirrhinus","Labeoninae",1,0,"benthopelagic","Cirrhinus cirrhosus","Cyprinidae","Cypriniformes","Teleostei","Osteichthyes"
"2622","fishbase",82.4913,1.821,21.5,4494,"routine","none specified",2120,"Cirrhinus","Labeoninae",1,0,"benthopelagic","Cirrhinus cirrhosus","Cyprinidae","Cypriniformes","Teleostei","Osteichthyes"
"2623","fishbase",142.4022,1.821,30.5,4494,"routine","none specified",2120,"Cirrhinus","Labeoninae",1,0,"benthopelagic","Cirrhinus cirrhosus","Cyprinidae","Cypriniformes","Teleostei","Osteichthyes"
"2624","fishbase",31.16,0.205,20.7,4604,"routine","none specified",2093,"Acipenser","Acipenserinae",1,0,"demersal","Acipenser ruthenus","Acipenseridae","Acipenseriformes","Chondrostei","Osteichthyes"
"2625","fishbase",9.0042,0.258,20,4604,"routine","none specified",2093,"Acipenser","Acipenserinae",1,0,"demersal","Acipenser ruthenus","Acipenseridae","Acipenseriformes","Chondrostei","Osteichthyes"
"2626","fishbase",20.09,0.287,10,4604,"routine","none specified",2093,"Acipenser","Acipenserinae",1,0,"demersal","Acipenser ruthenus","Acipenseridae","Acipenseriformes","Chondrostei","Osteichthyes"
"2627","fishbase",24.8368,0.304,6.5,4604,"routine","none specified",2093,"Acipenser","Acipenserinae",1,0,"demersal","Acipenser ruthenus","Acipenseridae","Acipenseriformes","Chondrostei","Osteichthyes"
"2628","fishbase",3.582,0.00995,16.5,4662,"routine","none specified",2093,"Leuciscus","Leuciscinae",1,0,"benthopelagic","Leuciscus leuciscus","Leuciscidae","Cypriniformes","Teleostei","Osteichthyes"
"2688","fishbase",7.03,0.074,20,3516,"routine","none specified",2120,"Sander","Luciopercinae",1,0,"benthopelagic","Sander vitreus","Percidae","Perciformes/Percoidei","Teleostei","Osteichthyes"
"2689","fishbase",11.798,0.17,20,3516,"routine","none specified",2120,"Sander","Luciopercinae",1,0,"benthopelagic","Sander vitreus","Percidae","Perciformes/Percoidei","Teleostei","Osteichthyes"
"2690","fishbase",12.036,0.17,20,3516,"routine","none specified",2120,"Sander","Luciopercinae",1,0,"benthopelagic","Sander vitreus","Percidae","Perciformes/Percoidei","Teleostei","Osteichthyes"
"2691","fishbase",14.943,0.17,23,3516,"routine","none specified",2120,"Sander","Luciopercinae",1,0,"benthopelagic","Sander vitreus","Percidae","Perciformes/Percoidei","Teleostei","Osteichthyes"
"2692","fishbase",13.1225,0.181,20,3516,"routine","none specified",2120,"Sander","Luciopercinae",1,0,"benthopelagic","Sander vitreus","Percidae","Perciformes/Percoidei","Teleostei","Osteichthyes"
"2693","fishbase",13.1587,0.181,20,3516,"routine","none specified",2120,"Sander","Luciopercinae",1,0,"benthopelagic","Sander vitreus","Percidae","Perciformes/Percoidei","Teleostei","Osteichthyes"
"2694","fishbase",16.6701,0.181,23,3516,"routine","none specified",2120,"Sander","Luciopercinae",1,0,"benthopelagic","Sander vitreus","Percidae","Perciformes/Percoidei","Teleostei","Osteichthyes"
"2695","fishbase",18.6531,0.291,20,3516,"routine","none specified",2120,"Sander","Luciopercinae",1,0,"benthopelagic","Sander vitreus","Percidae","Perciformes/Percoidei","Teleostei","Osteichthyes"
"2696","fishbase",28.21,0.364,20,3516,"routine","none specified",2120,"Sander","Luciopercinae",1,0,"benthopelagic","Sander vitreus","Percidae","Perciformes/Percoidei","Teleostei","Osteichthyes"
"2697","fishbase",32.1929,0.493,20,3516,"routine","none specified",2120,"Sander","Luciopercinae",1,0,"benthopelagic","Sander vitreus","Percidae","Perciformes/Percoidei","Teleostei","Osteichthyes"
"2698","fishbase",36.9215,0.539,20,3516,"routine","none specified",2120,"Sander","Luciopercinae",1,0,"benthopelagic","Sander vitreus","Percidae","Perciformes/Percoidei","Teleostei","Osteichthyes"
"2699","fishbase",49.539,0.674,20,3516,"routine","none specified",2120,"Sander","Luciopercinae",1,0,"benthopelagic","Sander vitreus","Percidae","Perciformes/Percoidei","Teleostei","Osteichthyes"
"2703","fishbase",0.029578,2.3e-05,20,4712,"routine","none specified",2093,"Acipenser","Acipenserinae",1,1,"demersal","Acipenser gueldenstaedtii","Acipenseridae","Acipenseriformes","Chondrostei","Osteichthyes"
"2704","fishbase",0.1077,3e-04,18,4712,"routine","none specified",2093,"Acipenser","Acipenserinae",1,1,"demersal","Acipenser gueldenstaedtii","Acipenseridae","Acipenseriformes","Chondrostei","Osteichthyes"
"2705","fishbase",0.1815,3e-04,25,4712,"routine","none specified",2093,"Acipenser","Acipenserinae",1,1,"demersal","Acipenser gueldenstaedtii","Acipenseridae","Acipenseriformes","Chondrostei","Osteichthyes"
"2706","fishbase",0.275063,0.000467,20,4712,"routine","none specified",2093,"Acipenser","Acipenserinae",1,1,"demersal","Acipenser gueldenstaedtii","Acipenseridae","Acipenseriformes","Chondrostei","Osteichthyes"
"2707","fishbase",3.4,0.0125,18,4712,"routine","none specified",2093,"Acipenser","Acipenserinae",1,1,"demersal","Acipenser gueldenstaedtii","Acipenseridae","Acipenseriformes","Chondrostei","Osteichthyes"
"2708","fishbase",6.575,0.0125,25,4712,"routine","none specified",2093,"Acipenser","Acipenserinae",1,1,"demersal","Acipenser gueldenstaedtii","Acipenseridae","Acipenseriformes","Chondrostei","Osteichthyes"
"2709","fishbase",9.5568,0.0543,21,4712,"routine","none specified",2093,"Acipenser","Acipenserinae",1,1,"demersal","Acipenser gueldenstaedtii","Acipenseridae","Acipenseriformes","Chondrostei","Osteichthyes"
"2710","fishbase",14.4768,0.208,18,4712,"routine","none specified",2093,"Acipenser","Acipenserinae",1,1,"demersal","Acipenser gueldenstaedtii","Acipenseridae","Acipenseriformes","Chondrostei","Osteichthyes"
"2743","fishbase",0.56964,0.00202,18,4730,"routine","none specified",2093,"Alburnus","Leuciscinae",1,0,"benthopelagic","Alburnus alburnus","Leuciscidae","Cypriniformes","Teleostei","Osteichthyes"
"2744","fishbase",0.72,0.009,8,4730,"routine","none specified",2203,"Alburnus","Leuciscinae",1,0,"benthopelagic","Alburnus alburnus","Leuciscidae","Cypriniformes","Teleostei","Osteichthyes"
"2745","fishbase",1.749,0.011,13,4730,"routine","none specified",2203,"Alburnus","Leuciscinae",1,0,"benthopelagic","Alburnus alburnus","Leuciscidae","Cypriniformes","Teleostei","Osteichthyes"
"2746","fishbase",2.496,0.013,17,4730,"routine","none specified",2203,"Alburnus","Leuciscinae",1,0,"benthopelagic","Alburnus alburnus","Leuciscidae","Cypriniformes","Teleostei","Osteichthyes"
"2795","fishbase",0.1978,0.00043,20,4813,"routine","none specified",2120,"Aphaniops",NA,1,1,"benthopelagic","Aphaniops dispar","Aphaniidae","Cyprinodontiformes","Teleostei","Osteichthyes"
"2796","fishbase",0.27979,0.00049,20,4813,"routine","none specified",2120,"Aphaniops",NA,1,1,"benthopelagic","Aphaniops dispar","Aphaniidae","Cyprinodontiformes","Teleostei","Osteichthyes"
"2797","fishbase",0.18704,0.00056,17,4813,"routine","none specified",2120,"Aphaniops",NA,1,1,"benthopelagic","Aphaniops dispar","Aphaniidae","Cyprinodontiformes","Teleostei","Osteichthyes"
"2798","fishbase",0.2766,6e-04,20,4813,"routine","none specified",2120,"Aphaniops",NA,1,1,"benthopelagic","Aphaniops dispar","Aphaniidae","Cyprinodontiformes","Teleostei","Osteichthyes"
"2799","fishbase",0.46373,0.00079,24.5,4813,"routine","none specified",2120,"Aphaniops",NA,1,1,"benthopelagic","Aphaniops dispar","Aphaniidae","Cyprinodontiformes","Teleostei","Osteichthyes"
"2803","fishbase",0.6586,0.0074,10,4818,"routine","none specified",2120,"Labeobarbus","Torinae",0,0,"benthopelagic","Labeobarbus aeneus","Cyprinidae","Cypriniformes","Teleostei","Osteichthyes"
"2804","fishbase",1.0064,0.0074,15,4818,"routine","none specified",2120,"Labeobarbus","Torinae",0,0,"benthopelagic","Labeobarbus aeneus","Cyprinidae","Cypriniformes","Teleostei","Osteichthyes"
"2805","fishbase",1.3542,0.0074,20,4818,"routine","none specified",2120,"Labeobarbus","Torinae",0,0,"benthopelagic","Labeobarbus aeneus","Cyprinidae","Cypriniformes","Teleostei","Osteichthyes"
"2806","fishbase",1.702,0.0074,25,4818,"routine","none specified",2120,"Labeobarbus","Torinae",0,0,"benthopelagic","Labeobarbus aeneus","Cyprinidae","Cypriniformes","Teleostei","Osteichthyes"
"2807","fishbase",0.95,0.0125,10,4818,"routine","none specified",2120,"Labeobarbus","Torinae",0,0,"benthopelagic","Labeobarbus aeneus","Cyprinidae","Cypriniformes","Teleostei","Osteichthyes"
"2808","fishbase",1.4125,0.0125,15,4818,"routine","none specified",2120,"Labeobarbus","Torinae",0,0,"benthopelagic","Labeobarbus aeneus","Cyprinidae","Cypriniformes","Teleostei","Osteichthyes"
"2809","fishbase",1.8875,0.0125,20,4818,"routine","none specified",2120,"Labeobarbus","Torinae",0,0,"benthopelagic","Labeobarbus aeneus","Cyprinidae","Cypriniformes","Teleostei","Osteichthyes"
"2810","fishbase",2.35,0.0125,25,4818,"routine","none specified",2120,"Labeobarbus","Torinae",0,0,"benthopelagic","Labeobarbus aeneus","Cyprinidae","Cypriniformes","Teleostei","Osteichthyes"
"2811","fishbase",0.9776,0.0188,10,4818,"routine","none specified",2120,"Labeobarbus","Torinae",0,0,"benthopelagic","Labeobarbus aeneus","Cyprinidae","Cypriniformes","Teleostei","Osteichthyes"
"2812","fishbase",1.692,0.0188,15,4818,"routine","none specified",2120,"Labeobarbus","Torinae",0,0,"benthopelagic","Labeobarbus aeneus","Cyprinidae","Cypriniformes","Teleostei","Osteichthyes"
"2813","fishbase",2.5004,0.0188,20,4818,"routine","none specified",2120,"Labeobarbus","Torinae",0,0,"benthopelagic","Labeobarbus aeneus","Cyprinidae","Cypriniformes","Teleostei","Osteichthyes"
"2814","fishbase",3.3652,0.0188,25,4818,"routine","none specified",2120,"Labeobarbus","Torinae",0,0,"benthopelagic","Labeobarbus aeneus","Cyprinidae","Cypriniformes","Teleostei","Osteichthyes"
"2815","fishbase",1.5792,0.0329,10,4818,"routine","none specified",2120,"Labeobarbus","Torinae",0,0,"benthopelagic","Labeobarbus aeneus","Cyprinidae","Cypriniformes","Teleostei","Osteichthyes"
"2816","fishbase",2.6649,0.0329,15,4818,"routine","none specified",2120,"Labeobarbus","Torinae",0,0,"benthopelagic","Labeobarbus aeneus","Cyprinidae","Cypriniformes","Teleostei","Osteichthyes"
"2817","fishbase",3.8822,0.0329,20,4818,"routine","none specified",2120,"Labeobarbus","Torinae",0,0,"benthopelagic","Labeobarbus aeneus","Cyprinidae","Cypriniformes","Teleostei","Osteichthyes"
"2818","fishbase",5.1653,0.0329,25,4818,"routine","none specified",2120,"Labeobarbus","Torinae",0,0,"benthopelagic","Labeobarbus aeneus","Cyprinidae","Cypriniformes","Teleostei","Osteichthyes"
"2819","fishbase",2.21464,0.047,10,4818,"standard","none specified",85173,"Labeobarbus","Torinae",0,0,"benthopelagic","Labeobarbus aeneus","Cyprinidae","Cypriniformes","Teleostei","Osteichthyes"
"2820","fishbase",3.33653,0.047,15,4818,"standard","none specified",85173,"Labeobarbus","Torinae",0,0,"benthopelagic","Labeobarbus aeneus","Cyprinidae","Cypriniformes","Teleostei","Osteichthyes"
"2821","fishbase",4.56088,0.047,20,4818,"standard","none specified",85173,"Labeobarbus","Torinae",0,0,"benthopelagic","Labeobarbus aeneus","Cyprinidae","Cypriniformes","Teleostei","Osteichthyes"
"2822","fishbase",6.75014,0.047,25,4818,"standard","none specified",85173,"Labeobarbus","Torinae",0,0,"benthopelagic","Labeobarbus aeneus","Cyprinidae","Cypriniformes","Teleostei","Osteichthyes"
"2823","fishbase",2.3598,0.0621,10,4818,"routine","none specified",2120,"Labeobarbus","Torinae",0,0,"benthopelagic","Labeobarbus aeneus","Cyprinidae","Cypriniformes","Teleostei","Osteichthyes"
"2824","fishbase",4.1607,0.0621,15,4818,"routine","none specified",2120,"Labeobarbus","Torinae",0,0,"benthopelagic","Labeobarbus aeneus","Cyprinidae","Cypriniformes","Teleostei","Osteichthyes"
"2825","fishbase",6.2721,0.0621,20,4818,"routine","none specified",2120,"Labeobarbus","Torinae",0,0,"benthopelagic","Labeobarbus aeneus","Cyprinidae","Cypriniformes","Teleostei","Osteichthyes"
"2826","fishbase",8.6319,0.0621,25,4818,"routine","none specified",2120,"Labeobarbus","Torinae",0,0,"benthopelagic","Labeobarbus aeneus","Cyprinidae","Cypriniformes","Teleostei","Osteichthyes"
"2827","fishbase",3.7362,0.1437,10,4818,"routine","none specified",2120,"Labeobarbus","Torinae",0,0,"benthopelagic","Labeobarbus aeneus","Cyprinidae","Cypriniformes","Teleostei","Osteichthyes"
"2828","fishbase",7.185,0.1437,15,4818,"routine","none specified",2120,"Labeobarbus","Torinae",0,0,"benthopelagic","Labeobarbus aeneus","Cyprinidae","Cypriniformes","Teleostei","Osteichthyes"
"2829","fishbase",11.496,0.1437,20,4818,"routine","none specified",2120,"Labeobarbus","Torinae",0,0,"benthopelagic","Labeobarbus aeneus","Cyprinidae","Cypriniformes","Teleostei","Osteichthyes"
"2830","fishbase",16.5255,0.1437,25,4818,"routine","none specified",2120,"Labeobarbus","Torinae",0,0,"benthopelagic","Labeobarbus aeneus","Cyprinidae","Cypriniformes","Teleostei","Osteichthyes"
"2831","fishbase",5.5335,0.3255,10,4818,"routine","none specified",2120,"Labeobarbus","Torinae",0,0,"benthopelagic","Labeobarbus aeneus","Cyprinidae","Cypriniformes","Teleostei","Osteichthyes"
"2832","fishbase",13.671,0.3255,15,4818,"routine","none specified",2120,"Labeobarbus","Torinae",0,0,"benthopelagic","Labeobarbus aeneus","Cyprinidae","Cypriniformes","Teleostei","Osteichthyes"
"2833","fishbase",26.3655,0.3255,20,4818,"routine","none specified",2120,"Labeobarbus","Torinae",0,0,"benthopelagic","Labeobarbus aeneus","Cyprinidae","Cypriniformes","Teleostei","Osteichthyes"
"2834","fishbase",43.617,0.3255,25,4818,"routine","none specified",2120,"Labeobarbus","Torinae",0,0,"benthopelagic","Labeobarbus aeneus","Cyprinidae","Cypriniformes","Teleostei","Osteichthyes"
"2836","fishbase",0.5424,0.0016,22,4833,"standard","none specified",2120,"Glossogobius","Gobiinae",1,1,"benthopelagic","Glossogobius giuris","Gobiidae","Gobiiformes","Teleostei","Osteichthyes"
"2837","fishbase",0.7125,0.0025,22,4833,"standard","none specified",2120,"Glossogobius","Gobiinae",1,1,"benthopelagic","Glossogobius giuris","Gobiidae","Gobiiformes","Teleostei","Osteichthyes"
"2838","fishbase",1.0792,0.0038,22,4833,"standard","none specified",2120,"Glossogobius","Gobiinae",1,1,"benthopelagic","Glossogobius giuris","Gobiidae","Gobiiformes","Teleostei","Osteichthyes"
"2839","fishbase",0.989,0.0046,22,4833,"standard","none specified",2120,"Glossogobius","Gobiinae",1,1,"benthopelagic","Glossogobius giuris","Gobiidae","Gobiiformes","Teleostei","Osteichthyes"
"2840","fishbase",3.31784,0.00619,26,4833,"routine","none specified",2120,"Glossogobius","Gobiinae",1,1,"benthopelagic","Glossogobius giuris","Gobiidae","Gobiiformes","Teleostei","Osteichthyes"
"2841","fishbase",1.6512,0.0129,25,4833,"standard","none specified",2120,"Glossogobius","Gobiinae",1,1,"benthopelagic","Glossogobius giuris","Gobiidae","Gobiiformes","Teleostei","Osteichthyes"
"2842","fishbase",1.86446,0.01313,25,4833,"standard","none specified",2120,"Glossogobius","Gobiinae",1,1,"benthopelagic","Glossogobius giuris","Gobiidae","Gobiiformes","Teleostei","Osteichthyes"
"2843","fishbase",2.0025,0.01335,25,4833,"standard","none specified",2120,"Glossogobius","Gobiinae",1,1,"benthopelagic","Glossogobius giuris","Gobiidae","Gobiiformes","Teleostei","Osteichthyes"
"2844","fishbase",2.43,0.0135,25,4833,"standard","none specified",2120,"Glossogobius","Gobiinae",1,1,"benthopelagic","Glossogobius giuris","Gobiidae","Gobiiformes","Teleostei","Osteichthyes"
"2845","fishbase",1.77504,0.01376,25,4833,"standard","none specified",2120,"Glossogobius","Gobiinae",1,1,"benthopelagic","Glossogobius giuris","Gobiidae","Gobiiformes","Teleostei","Osteichthyes"
"2846","fishbase",1.75336,0.01414,25,4833,"standard","none specified",2120,"Glossogobius","Gobiinae",1,1,"benthopelagic","Glossogobius giuris","Gobiidae","Gobiiformes","Teleostei","Osteichthyes"
"2847","fishbase",1.82793,0.01417,25,4833,"standard","none specified",2120,"Glossogobius","Gobiinae",1,1,"benthopelagic","Glossogobius giuris","Gobiidae","Gobiiformes","Teleostei","Osteichthyes"
"2848","fishbase",4.32717,0.01487,26,4833,"routine","none specified",2120,"Glossogobius","Gobiinae",1,1,"benthopelagic","Glossogobius giuris","Gobiidae","Gobiiformes","Teleostei","Osteichthyes"
"2849","fishbase",0.51,0.015,26,4833,"routine","none specified",2120,"Glossogobius","Gobiinae",1,1,"benthopelagic","Glossogobius giuris","Gobiidae","Gobiiformes","Teleostei","Osteichthyes"
"2850","fishbase",1.14,0.015,26,4833,"routine","none specified",2120,"Glossogobius","Gobiinae",1,1,"benthopelagic","Glossogobius giuris","Gobiidae","Gobiiformes","Teleostei","Osteichthyes"
"2851","fishbase",1.395,0.015,26,4833,"routine","none specified",2120,"Glossogobius","Gobiinae",1,1,"benthopelagic","Glossogobius giuris","Gobiidae","Gobiiformes","Teleostei","Osteichthyes"
"2852","fishbase",1.47,0.015,26,4833,"routine","none specified",2120,"Glossogobius","Gobiinae",1,1,"benthopelagic","Glossogobius giuris","Gobiidae","Gobiiformes","Teleostei","Osteichthyes"
"2853","fishbase",2.37,0.015,26,4833,"routine","none specified",2120,"Glossogobius","Gobiinae",1,1,"benthopelagic","Glossogobius giuris","Gobiidae","Gobiiformes","Teleostei","Osteichthyes"
"2854","fishbase",2.58,0.015,26,4833,"routine","none specified",2120,"Glossogobius","Gobiinae",1,1,"benthopelagic","Glossogobius giuris","Gobiidae","Gobiiformes","Teleostei","Osteichthyes"
"2855","fishbase",2.73,0.015,26,4833,"routine","none specified",2120,"Glossogobius","Gobiinae",1,1,"benthopelagic","Glossogobius giuris","Gobiidae","Gobiiformes","Teleostei","Osteichthyes"
"2856","fishbase",2.865,0.015,26,4833,"routine","none specified",2120,"Glossogobius","Gobiinae",1,1,"benthopelagic","Glossogobius giuris","Gobiidae","Gobiiformes","Teleostei","Osteichthyes"
"2857","fishbase",3.225,0.015,26,4833,"routine","none specified",2120,"Glossogobius","Gobiinae",1,1,"benthopelagic","Glossogobius giuris","Gobiidae","Gobiiformes","Teleostei","Osteichthyes"
"2858","fishbase",3.435,0.015,26,4833,"routine","none specified",2120,"Glossogobius","Gobiinae",1,1,"benthopelagic","Glossogobius giuris","Gobiidae","Gobiiformes","Teleostei","Osteichthyes"
"2859","fishbase",3.45,0.015,26,4833,"routine","none specified",2120,"Glossogobius","Gobiinae",1,1,"benthopelagic","Glossogobius giuris","Gobiidae","Gobiiformes","Teleostei","Osteichthyes"
"2860","fishbase",3.735,0.015,26,4833,"routine","none specified",2120,"Glossogobius","Gobiinae",1,1,"benthopelagic","Glossogobius giuris","Gobiidae","Gobiiformes","Teleostei","Osteichthyes"
"2861","fishbase",4.365,0.015,26,4833,"routine","none specified",2120,"Glossogobius","Gobiinae",1,1,"benthopelagic","Glossogobius giuris","Gobiidae","Gobiiformes","Teleostei","Osteichthyes"
"2862","fishbase",5.145,0.015,26,4833,"routine","none specified",2120,"Glossogobius","Gobiinae",1,1,"benthopelagic","Glossogobius giuris","Gobiidae","Gobiiformes","Teleostei","Osteichthyes"
"2863","fishbase",5.415,0.015,26,4833,"routine","none specified",2120,"Glossogobius","Gobiinae",1,1,"benthopelagic","Glossogobius giuris","Gobiidae","Gobiiformes","Teleostei","Osteichthyes"
"2864","fishbase",3.45103,0.01507,26,4833,"routine","none specified",2120,"Glossogobius","Gobiinae",1,1,"benthopelagic","Glossogobius giuris","Gobiidae","Gobiiformes","Teleostei","Osteichthyes"
"2865","fishbase",4.7517,0.047,22,4833,"standard","none specified",85173,"Glossogobius","Gobiinae",1,1,"benthopelagic","Glossogobius giuris","Gobiidae","Gobiiformes","Teleostei","Osteichthyes"
"2866","fishbase",0.0514,1e-04,20,4521,"routine","none specified",2093,"Gambusia","Poeciliinae",1,0,"benthopelagic","Gambusia holbrooki","Poeciliidae","Cyprinodontiformes","Teleostei","Osteichthyes"
"2867","fishbase",0.06105,0.00015,20,4521,"routine","none specified",2093,"Gambusia","Poeciliinae",1,0,"benthopelagic","Gambusia holbrooki","Poeciliidae","Cyprinodontiformes","Teleostei","Osteichthyes"
"2868","fishbase",0.21597,0.00023,31,4521,"routine","none specified",2093,"Gambusia","Poeciliinae",1,0,"benthopelagic","Gambusia holbrooki","Poeciliidae","Cyprinodontiformes","Teleostei","Osteichthyes"
"2869","fishbase",0.02571,3e-04,27,4521,"routine","none specified",2203,"Gambusia","Poeciliinae",1,0,"benthopelagic","Gambusia holbrooki","Poeciliidae","Cyprinodontiformes","Teleostei","Osteichthyes"
"2870","fishbase",0.2589,3e-04,27.5,4521,"routine","none specified",2093,"Gambusia","Poeciliinae",1,0,"benthopelagic","Gambusia holbrooki","Poeciliidae","Cyprinodontiformes","Teleostei","Osteichthyes"
"2871","fishbase",0.28918,0.00038,31,4521,"routine","none specified",2093,"Gambusia","Poeciliinae",1,0,"benthopelagic","Gambusia holbrooki","Poeciliidae","Cyprinodontiformes","Teleostei","Osteichthyes"
"2872","fishbase",0.367,5e-04,27.5,4521,"routine","none specified",2093,"Gambusia","Poeciliinae",1,0,"benthopelagic","Gambusia holbrooki","Poeciliidae","Cyprinodontiformes","Teleostei","Osteichthyes"
"2873","fishbase",0.40078,0.00058,31,4521,"routine","none specified",2093,"Gambusia","Poeciliinae",1,0,"benthopelagic","Gambusia holbrooki","Poeciliidae","Cyprinodontiformes","Teleostei","Osteichthyes"
"2874","fishbase",0.4613,7e-04,27.5,4521,"routine","none specified",2093,"Gambusia","Poeciliinae",1,0,"benthopelagic","Gambusia holbrooki","Poeciliidae","Cyprinodontiformes","Teleostei","Osteichthyes"
"2875","fishbase",0.50388,0.00078,31,4521,"routine","none specified",2093,"Gambusia","Poeciliinae",1,0,"benthopelagic","Gambusia holbrooki","Poeciliidae","Cyprinodontiformes","Teleostei","Osteichthyes"
"2876","fishbase",0.18,9e-04,20,4521,"routine","none specified",2093,"Gambusia","Poeciliinae",1,0,"benthopelagic","Gambusia holbrooki","Poeciliidae","Cyprinodontiformes","Teleostei","Osteichthyes"
"2877","fishbase",0.504,9e-04,27.5,4521,"routine","none specified",2093,"Gambusia","Poeciliinae",1,0,"benthopelagic","Gambusia holbrooki","Poeciliidae","Cyprinodontiformes","Teleostei","Osteichthyes"
"2878","fishbase",0.5346,0.00099,31,4521,"routine","none specified",2093,"Gambusia","Poeciliinae",1,0,"benthopelagic","Gambusia holbrooki","Poeciliidae","Cyprinodontiformes","Teleostei","Osteichthyes"
"2879","fishbase",0.5676,0.0011,27.5,4521,"routine","none specified",2093,"Gambusia","Poeciliinae",1,0,"benthopelagic","Gambusia holbrooki","Poeciliidae","Cyprinodontiformes","Teleostei","Osteichthyes"
"2880","fishbase",0.61513,0.00137,31,4521,"routine","none specified",2093,"Gambusia","Poeciliinae",1,0,"benthopelagic","Gambusia holbrooki","Poeciliidae","Cyprinodontiformes","Teleostei","Osteichthyes"
"2881","fishbase",0.429,0.0015,20,4521,"routine","none specified",2093,"Gambusia","Poeciliinae",1,0,"benthopelagic","Gambusia holbrooki","Poeciliidae","Cyprinodontiformes","Teleostei","Osteichthyes"
"2882","fishbase",0.00852,1e-05,28,4885,"routine","none specified",2120,"Heteropneustes",NA,1,0,"demersal","Heteropneustes fossilis","Heteropneustidae","Siluriformes","Teleostei","Osteichthyes"
"2883","fishbase",0.01106,1e-05,28,4885,"routine","none specified",2120,"Heteropneustes",NA,1,0,"demersal","Heteropneustes fossilis","Heteropneustidae","Siluriformes","Teleostei","Osteichthyes"
"2884","fishbase",0.01692,2e-05,28,4885,"routine","none specified",2120,"Heteropneustes",NA,1,0,"demersal","Heteropneustes fossilis","Heteropneustidae","Siluriformes","Teleostei","Osteichthyes"
"2885","fishbase",1.755,0.009,26,4885,"standard","none specified",2120,"Heteropneustes",NA,1,0,"demersal","Heteropneustes fossilis","Heteropneustidae","Siluriformes","Teleostei","Osteichthyes"
"2886","fishbase",1.71,0.01,26,4885,"standard","none specified",2120,"Heteropneustes",NA,1,0,"demersal","Heteropneustes fossilis","Heteropneustidae","Siluriformes","Teleostei","Osteichthyes"
"2887","fishbase",1.995,0.015,26,4885,"standard","none specified",2120,"Heteropneustes",NA,1,0,"demersal","Heteropneustes fossilis","Heteropneustidae","Siluriformes","Teleostei","Osteichthyes"
"2888","fishbase",2.08,0.016,26,4885,"standard","none specified",2120,"Heteropneustes",NA,1,0,"demersal","Heteropneustes fossilis","Heteropneustidae","Siluriformes","Teleostei","Osteichthyes"
"2889","fishbase",2.108,0.017,26,4885,"standard","none specified",2120,"Heteropneustes",NA,1,0,"demersal","Heteropneustes fossilis","Heteropneustidae","Siluriformes","Teleostei","Osteichthyes"
"2890","fishbase",2.829,0.023,26,4885,"standard","none specified",2120,"Heteropneustes",NA,1,0,"demersal","Heteropneustes fossilis","Heteropneustidae","Siluriformes","Teleostei","Osteichthyes"
"2891","fishbase",3.146,0.026,26,4885,"standard","none specified",2120,"Heteropneustes",NA,1,0,"demersal","Heteropneustes fossilis","Heteropneustidae","Siluriformes","Teleostei","Osteichthyes"
"2892","fishbase",4.176,0.036,26,4885,"standard","none specified",2120,"Heteropneustes",NA,1,0,"demersal","Heteropneustes fossilis","Heteropneustidae","Siluriformes","Teleostei","Osteichthyes"
"2893","fishbase",5.104,0.044,26,4885,"standard","none specified",2120,"Heteropneustes",NA,1,0,"demersal","Heteropneustes fossilis","Heteropneustidae","Siluriformes","Teleostei","Osteichthyes"
"2894","fishbase",1.638,0.045,18,4885,"routine","none specified",2120,"Heteropneustes",NA,1,0,"demersal","Heteropneustes fossilis","Heteropneustidae","Siluriformes","Teleostei","Osteichthyes"
"2895","fishbase",2.637,0.045,20,4885,"routine","none specified",2120,"Heteropneustes",NA,1,0,"demersal","Heteropneustes fossilis","Heteropneustidae","Siluriformes","Teleostei","Osteichthyes"
"2896","fishbase",3.276,0.045,24,4885,"routine","none specified",2120,"Heteropneustes",NA,1,0,"demersal","Heteropneustes fossilis","Heteropneustidae","Siluriformes","Teleostei","Osteichthyes"
"2897","fishbase",3.9825,0.045,26.5,4885,"routine","none specified",2120,"Heteropneustes",NA,1,0,"demersal","Heteropneustes fossilis","Heteropneustidae","Siluriformes","Teleostei","Osteichthyes"
"2898","fishbase",3.4245,0.045,30,4885,"routine","none specified",2120,"Heteropneustes",NA,1,0,"demersal","Heteropneustes fossilis","Heteropneustidae","Siluriformes","Teleostei","Osteichthyes"
"2899","fishbase",3.8385,0.045,30,4885,"routine","none specified",2120,"Heteropneustes",NA,1,0,"demersal","Heteropneustes fossilis","Heteropneustidae","Siluriformes","Teleostei","Osteichthyes"
"2900","fishbase",4.59,0.045,30,4885,"routine","none specified",2120,"Heteropneustes",NA,1,0,"demersal","Heteropneustes fossilis","Heteropneustidae","Siluriformes","Teleostei","Osteichthyes"
"2901","fishbase",5.175,0.045,30,4885,"routine","none specified",2120,"Heteropneustes",NA,1,0,"demersal","Heteropneustes fossilis","Heteropneustidae","Siluriformes","Teleostei","Osteichthyes"
"2902","fishbase",6.384,0.056,26,4885,"standard","none specified",2120,"Heteropneustes",NA,1,0,"demersal","Heteropneustes fossilis","Heteropneustidae","Siluriformes","Teleostei","Osteichthyes"
"2903","fishbase",6.975,0.075,26,4885,"standard","none specified",2120,"Heteropneustes",NA,1,0,"demersal","Heteropneustes fossilis","Heteropneustidae","Siluriformes","Teleostei","Osteichthyes"
"2904","fishbase",1.23039,0.00441,28,5115,"routine","none specified",2120,"Chelon",NA,1,1,"demersal","Chelon dumerili","Mugilidae","Mugiliformes","Teleostei","Osteichthyes"
"2905","fishbase",3.39664,0.00598,33,5115,"routine","none specified",2120,"Chelon",NA,1,1,"demersal","Chelon dumerili","Mugilidae","Mugiliformes","Teleostei","Osteichthyes"
"2906","fishbase",2.30637,0.00723,23,5115,"routine","none specified",2120,"Chelon",NA,1,1,"demersal","Chelon dumerili","Mugilidae","Mugiliformes","Teleostei","Osteichthyes"
"2907","fishbase",2.82693,0.00723,28,5115,"routine","none specified",2120,"Chelon",NA,1,1,"demersal","Chelon dumerili","Mugilidae","Mugiliformes","Teleostei","Osteichthyes"
"2908","fishbase",1.01878,0.00766,13,5115,"routine","none specified",2120,"Chelon",NA,1,1,"demersal","Chelon dumerili","Mugilidae","Mugiliformes","Teleostei","Osteichthyes"
"2909","fishbase",1.83074,0.00766,23,5115,"routine","none specified",2120,"Chelon",NA,1,1,"demersal","Chelon dumerili","Mugilidae","Mugiliformes","Teleostei","Osteichthyes"
"2910","fishbase",1.67745,0.00795,18,5115,"routine","none specified",2120,"Chelon",NA,1,1,"demersal","Chelon dumerili","Mugilidae","Mugiliformes","Teleostei","Osteichthyes"
"2911","fishbase",1.05534,0.00858,13,5115,"routine","none specified",2120,"Chelon",NA,1,1,"demersal","Chelon dumerili","Mugilidae","Mugiliformes","Teleostei","Osteichthyes"
"2912","fishbase",2.7848,0.00944,33,5115,"routine","none specified",2120,"Chelon",NA,1,1,"demersal","Chelon dumerili","Mugilidae","Mugiliformes","Teleostei","Osteichthyes"
"2913","fishbase",4.99376,0.00944,33,5115,"routine","none specified",2120,"Chelon",NA,1,1,"demersal","Chelon dumerili","Mugilidae","Mugiliformes","Teleostei","Osteichthyes"
"2914","fishbase",3.02,0.01,28,5115,"routine","none specified",2120,"Chelon",NA,1,1,"demersal","Chelon dumerili","Mugilidae","Mugiliformes","Teleostei","Osteichthyes"
"2915","fishbase",2.0072,0.0104,23,5115,"routine","none specified",2120,"Chelon",NA,1,1,"demersal","Chelon dumerili","Mugilidae","Mugiliformes","Teleostei","Osteichthyes"
"2916","fishbase",1.1766,0.0106,13,5115,"routine","none specified",2120,"Chelon",NA,1,1,"demersal","Chelon dumerili","Mugilidae","Mugiliformes","Teleostei","Osteichthyes"
"2917","fishbase",1.404,0.0108,13,5115,"routine","none specified",2120,"Chelon",NA,1,1,"demersal","Chelon dumerili","Mugilidae","Mugiliformes","Teleostei","Osteichthyes"
"2918","fishbase",2.9268,0.0108,28,5115,"routine","none specified",2120,"Chelon",NA,1,1,"demersal","Chelon dumerili","Mugilidae","Mugiliformes","Teleostei","Osteichthyes"
"2919","fishbase",2.2572,0.0114,23,5115,"routine","none specified",2120,"Chelon",NA,1,1,"demersal","Chelon dumerili","Mugilidae","Mugiliformes","Teleostei","Osteichthyes"
"2920","fishbase",2.4624,0.0114,28,5115,"routine","none specified",2120,"Chelon",NA,1,1,"demersal","Chelon dumerili","Mugilidae","Mugiliformes","Teleostei","Osteichthyes"
"2921","fishbase",3.6772,0.0116,28,5115,"routine","none specified",2120,"Chelon",NA,1,1,"demersal","Chelon dumerili","Mugilidae","Mugiliformes","Teleostei","Osteichthyes"
"2922","fishbase",5.1765,0.0119,33,5115,"routine","none specified",2120,"Chelon",NA,1,1,"demersal","Chelon dumerili","Mugilidae","Mugiliformes","Teleostei","Osteichthyes"
"2923","fishbase",4.0172,0.0121,23,5115,"routine","none specified",2120,"Chelon",NA,1,1,"demersal","Chelon dumerili","Mugilidae","Mugiliformes","Teleostei","Osteichthyes"
"2924","fishbase",3.2103,0.0123,33,5115,"routine","none specified",2120,"Chelon",NA,1,1,"demersal","Chelon dumerili","Mugilidae","Mugiliformes","Teleostei","Osteichthyes"
"2925","fishbase",2.3184,0.0126,18,5115,"routine","none specified",2120,"Chelon",NA,1,1,"demersal","Chelon dumerili","Mugilidae","Mugiliformes","Teleostei","Osteichthyes"
"2926","fishbase",3.5712,0.0128,23,5115,"routine","none specified",2120,"Chelon",NA,1,1,"demersal","Chelon dumerili","Mugilidae","Mugiliformes","Teleostei","Osteichthyes"
"2927","fishbase",6.4239,0.0133,33,5115,"routine","none specified",2120,"Chelon",NA,1,1,"demersal","Chelon dumerili","Mugilidae","Mugiliformes","Teleostei","Osteichthyes"
"2928","fishbase",1.5456,0.0138,13,5115,"routine","none specified",2120,"Chelon",NA,1,1,"demersal","Chelon dumerili","Mugilidae","Mugiliformes","Teleostei","Osteichthyes"
"2929","fishbase",3.0084,0.0138,28,5115,"routine","none specified",2120,"Chelon",NA,1,1,"demersal","Chelon dumerili","Mugilidae","Mugiliformes","Teleostei","Osteichthyes"
"2930","fishbase",1.4976,0.0144,13,5115,"routine","none specified",2120,"Chelon",NA,1,1,"demersal","Chelon dumerili","Mugilidae","Mugiliformes","Teleostei","Osteichthyes"
"2931","fishbase",4.4444,0.0164,23,5115,"routine","none specified",2120,"Chelon",NA,1,1,"demersal","Chelon dumerili","Mugilidae","Mugiliformes","Teleostei","Osteichthyes"
"2932","fishbase",2.9232,0.0174,18,5115,"routine","none specified",2120,"Chelon",NA,1,1,"demersal","Chelon dumerili","Mugilidae","Mugiliformes","Teleostei","Osteichthyes"
"2933","fishbase",3.0107,0.0187,23,5115,"routine","none specified",2120,"Chelon",NA,1,1,"demersal","Chelon dumerili","Mugilidae","Mugiliformes","Teleostei","Osteichthyes"
"2934","fishbase",2.31,0.021,18,5115,"routine","none specified",2120,"Chelon",NA,1,1,"demersal","Chelon dumerili","Mugilidae","Mugiliformes","Teleostei","Osteichthyes"
"2935","fishbase",1.89588,0.0259,13,5115,"routine","none specified",2120,"Chelon",NA,1,1,"demersal","Chelon dumerili","Mugilidae","Mugiliformes","Teleostei","Osteichthyes"
"2936","fishbase",3.6621,0.0313,23,5115,"routine","none specified",2120,"Chelon",NA,1,1,"demersal","Chelon dumerili","Mugilidae","Mugiliformes","Teleostei","Osteichthyes"
"2937","fishbase",7.4865,0.0345,28,5115,"routine","none specified",2120,"Chelon",NA,1,1,"demersal","Chelon dumerili","Mugilidae","Mugiliformes","Teleostei","Osteichthyes"
"2938","fishbase",3.9663,0.0351,23,5115,"routine","none specified",2120,"Chelon",NA,1,1,"demersal","Chelon dumerili","Mugilidae","Mugiliformes","Teleostei","Osteichthyes"
"2939","fishbase",5.5584,0.0386,33,5115,"routine","none specified",2120,"Chelon",NA,1,1,"demersal","Chelon dumerili","Mugilidae","Mugiliformes","Teleostei","Osteichthyes"
"2940","fishbase",2.94525,0.0425,18,5115,"routine","none specified",2120,"Chelon",NA,1,1,"demersal","Chelon dumerili","Mugilidae","Mugiliformes","Teleostei","Osteichthyes"
"2941","fishbase",4.8101,0.0467,23,5115,"routine","none specified",2120,"Chelon",NA,1,1,"demersal","Chelon dumerili","Mugilidae","Mugiliformes","Teleostei","Osteichthyes"
"2942","fishbase",4.78977,0.047,18,5115,"standard","none specified",85173,"Chelon",NA,1,1,"demersal","Chelon dumerili","Mugilidae","Mugiliformes","Teleostei","Osteichthyes"
"2943","fishbase",4.82314,0.047,18,5115,"standard","none specified",85173,"Chelon",NA,1,1,"demersal","Chelon dumerili","Mugilidae","Mugiliformes","Teleostei","Osteichthyes"
"2944","fishbase",8.04687047,0.047,23,5115,"standard","none specified",85173,"Chelon",NA,1,1,"demersal","Chelon dumerili","Mugilidae","Mugiliformes","Teleostei","Osteichthyes"
"2945","fishbase",8.50229953,0.047,23,5115,"standard","none specified",85173,"Chelon",NA,1,1,"demersal","Chelon dumerili","Mugilidae","Mugiliformes","Teleostei","Osteichthyes"
"2946","fishbase",4.8906,0.0495,28,5115,"routine","none specified",2120,"Chelon",NA,1,1,"demersal","Chelon dumerili","Mugilidae","Mugiliformes","Teleostei","Osteichthyes"
"2947","fishbase",6.7818,0.0534,28,5115,"routine","none specified",2120,"Chelon",NA,1,1,"demersal","Chelon dumerili","Mugilidae","Mugiliformes","Teleostei","Osteichthyes"
"2948","fishbase",4.72736,0.0544,23,5115,"routine","none specified",2120,"Chelon",NA,1,1,"demersal","Chelon dumerili","Mugilidae","Mugiliformes","Teleostei","Osteichthyes"
"2949","fishbase",4.00585,0.0565,18,5115,"routine","none specified",2120,"Chelon",NA,1,1,"demersal","Chelon dumerili","Mugilidae","Mugiliformes","Teleostei","Osteichthyes"
"2950","fishbase",5.0508,0.061,23,5115,"routine","none specified",2120,"Chelon",NA,1,1,"demersal","Chelon dumerili","Mugilidae","Mugiliformes","Teleostei","Osteichthyes"
"2951","fishbase",8.1277,0.0683,33,5115,"routine","none specified",2120,"Chelon",NA,1,1,"demersal","Chelon dumerili","Mugilidae","Mugiliformes","Teleostei","Osteichthyes"
"2952","fishbase",6.368,0.0796,23,5115,"routine","none specified",2120,"Chelon",NA,1,1,"demersal","Chelon dumerili","Mugilidae","Mugiliformes","Teleostei","Osteichthyes"
"2959","fishbase",41.096,0.88,23,5120,"standard","none specified",2120,"Chiloscyllium",NA,0,1,"benthopelagic","Chiloscyllium plagiosum","Hemiscylliidae","Orectolobiformes","Elasmobranchii","Chondrichthyes"
"2960","fishbase",50.16,0.88,23,5120,"standard","none specified",2120,"Chiloscyllium",NA,0,1,"benthopelagic","Chiloscyllium plagiosum","Hemiscylliidae","Orectolobiformes","Elasmobranchii","Chondrichthyes"
"2961","fishbase",55.792,0.88,23,5120,"standard","none specified",2120,"Chiloscyllium",NA,0,1,"benthopelagic","Chiloscyllium plagiosum","Hemiscylliidae","Orectolobiformes","Elasmobranchii","Chondrichthyes"
"2974","fishbase",31.6368,0.0624,25,5126,"routine","none specified",2120,"Pomadasys","Haemulinae",1,1,"benthopelagic","Pomadasys commersonnii","Haemulidae","Eupercaria/misc","Teleostei","Osteichthyes"
"2975","fishbase",17.3927,0.0787,20,5126,"routine","none specified",2120,"Pomadasys","Haemulinae",1,1,"benthopelagic","Pomadasys commersonnii","Haemulidae","Eupercaria/misc","Teleostei","Osteichthyes"
"2976","fishbase",37.924,0.0998,25,5126,"routine","none specified",2120,"Pomadasys","Haemulinae",1,1,"benthopelagic","Pomadasys commersonnii","Haemulidae","Eupercaria/misc","Teleostei","Osteichthyes"
"2977","fishbase",11.0922,0.139,15,5126,"routine","none specified",2120,"Pomadasys","Haemulinae",1,1,"benthopelagic","Pomadasys commersonnii","Haemulidae","Eupercaria/misc","Teleostei","Osteichthyes"
"2978","fishbase",19.38,0.19,15,5126,"routine","none specified",2120,"Pomadasys","Haemulinae",1,1,"benthopelagic","Pomadasys commersonnii","Haemulidae","Eupercaria/misc","Teleostei","Osteichthyes"
"2979","fishbase",28.482,0.202,20,5126,"routine","none specified",2120,"Pomadasys","Haemulinae",1,1,"benthopelagic","Pomadasys commersonnii","Haemulidae","Eupercaria/misc","Teleostei","Osteichthyes"
"2980","fishbase",30.745,0.215,20,5126,"routine","none specified",2120,"Pomadasys","Haemulinae",1,1,"benthopelagic","Pomadasys commersonnii","Haemulidae","Eupercaria/misc","Teleostei","Osteichthyes"
"2981","fishbase",60.652,0.236,25,5126,"routine","none specified",2120,"Pomadasys","Haemulinae",1,1,"benthopelagic","Pomadasys commersonnii","Haemulidae","Eupercaria/misc","Teleostei","Osteichthyes"
"2982","fishbase",20.8495,0.259,15,5126,"routine","none specified",2120,"Pomadasys","Haemulinae",1,1,"benthopelagic","Pomadasys commersonnii","Haemulidae","Eupercaria/misc","Teleostei","Osteichthyes"
"2983","fishbase",20.6565,0.293,15,5126,"routine","none specified",2120,"Pomadasys","Haemulinae",1,1,"benthopelagic","Pomadasys commersonnii","Haemulidae","Eupercaria/misc","Teleostei","Osteichthyes"
"2984","fishbase",40.767,0.321,20,5126,"routine","none specified",2120,"Pomadasys","Haemulinae",1,1,"benthopelagic","Pomadasys commersonnii","Haemulidae","Eupercaria/misc","Teleostei","Osteichthyes"
"2985","fishbase",44.685,0.331,20,5126,"routine","none specified",2120,"Pomadasys","Haemulinae",1,1,"benthopelagic","Pomadasys commersonnii","Haemulidae","Eupercaria/misc","Teleostei","Osteichthyes"
"2986","fishbase",85.067,0.331,25,5126,"routine","none specified",2120,"Pomadasys","Haemulinae",1,1,"benthopelagic","Pomadasys commersonnii","Haemulidae","Eupercaria/misc","Teleostei","Osteichthyes"
"2987","fishbase",71.441,0.359,25,5126,"routine","none specified",2120,"Pomadasys","Haemulinae",1,1,"benthopelagic","Pomadasys commersonnii","Haemulidae","Eupercaria/misc","Teleostei","Osteichthyes"
"2988","fishbase",27.2625,0.375,15,5126,"routine","none specified",2120,"Pomadasys","Haemulinae",1,1,"benthopelagic","Pomadasys commersonnii","Haemulidae","Eupercaria/misc","Teleostei","Osteichthyes"
"2989","fishbase",46.101,0.381,20,5126,"routine","none specified",2120,"Pomadasys","Haemulinae",1,1,"benthopelagic","Pomadasys commersonnii","Haemulidae","Eupercaria/misc","Teleostei","Osteichthyes"
"2990","fishbase",30.8427,0.399,15,5126,"routine","none specified",2120,"Pomadasys","Haemulinae",1,1,"benthopelagic","Pomadasys commersonnii","Haemulidae","Eupercaria/misc","Teleostei","Osteichthyes"
"2991","fishbase",110.97,0.405,25,5126,"routine","none specified",2120,"Pomadasys","Haemulinae",1,1,"benthopelagic","Pomadasys commersonnii","Haemulidae","Eupercaria/misc","Teleostei","Osteichthyes"
"2992","fishbase",83.904,0.437,25,5126,"routine","none specified",2120,"Pomadasys","Haemulinae",1,1,"benthopelagic","Pomadasys commersonnii","Haemulidae","Eupercaria/misc","Teleostei","Osteichthyes"
"2993","fishbase",71.094,0.578,20,5126,"routine","none specified",2120,"Pomadasys","Haemulinae",1,1,"benthopelagic","Pomadasys commersonnii","Haemulidae","Eupercaria/misc","Teleostei","Osteichthyes"
"2994","fishbase",86.42,0.596,20,5126,"routine","none specified",2120,"Pomadasys","Haemulinae",1,1,"benthopelagic","Pomadasys commersonnii","Haemulidae","Eupercaria/misc","Teleostei","Osteichthyes"
"2995","fishbase",37.146,0.615,15,5126,"routine","none specified",2120,"Pomadasys","Haemulinae",1,1,"benthopelagic","Pomadasys commersonnii","Haemulidae","Eupercaria/misc","Teleostei","Osteichthyes"
"2996","fishbase",129.78,0.63,25,5126,"routine","none specified",2120,"Pomadasys","Haemulinae",1,1,"benthopelagic","Pomadasys commersonnii","Haemulidae","Eupercaria/misc","Teleostei","Osteichthyes"
"2997","fishbase",50.6041,0.787,15,5126,"routine","none specified",2120,"Pomadasys","Haemulinae",1,1,"benthopelagic","Pomadasys commersonnii","Haemulidae","Eupercaria/misc","Teleostei","Osteichthyes"
"2998","fishbase",85.437,0.863,20,5126,"routine","none specified",2120,"Pomadasys","Haemulinae",1,1,"benthopelagic","Pomadasys commersonnii","Haemulidae","Eupercaria/misc","Teleostei","Osteichthyes"
"2999","fishbase",164.778,0.947,25,5126,"routine","none specified",2120,"Pomadasys","Haemulinae",1,1,"benthopelagic","Pomadasys commersonnii","Haemulidae","Eupercaria/misc","Teleostei","Osteichthyes"
"3000","fishbase",123.0984,1.251,20,5126,"routine","none specified",2120,"Pomadasys","Haemulinae",1,1,"benthopelagic","Pomadasys commersonnii","Haemulidae","Eupercaria/misc","Teleostei","Osteichthyes"
"3001","fishbase",199.085,1.373,25,5126,"routine","none specified",2120,"Pomadasys","Haemulinae",1,1,"benthopelagic","Pomadasys commersonnii","Haemulidae","Eupercaria/misc","Teleostei","Osteichthyes"
"3002","fishbase",101.4366,1.758,15,5126,"routine","none specified",2120,"Pomadasys","Haemulinae",1,1,"benthopelagic","Pomadasys commersonnii","Haemulidae","Eupercaria/misc","Teleostei","Osteichthyes"
"3003","fishbase",116.6388,2.627,15,5126,"routine","none specified",2120,"Pomadasys","Haemulinae",1,1,"benthopelagic","Pomadasys commersonnii","Haemulidae","Eupercaria/misc","Teleostei","Osteichthyes"
"3048","fishbase",9.856,0.448,16,5132,"standard","none specified",2120,"Torpedo",NA,1,1,"benthopelagic","Torpedo marmorata","Torpedinidae","Torpediniformes","Elasmobranchii","Chondrichthyes"
"3049","fishbase",23.0461,0.803,16,5132,"standard","none specified",2120,"Torpedo",NA,1,1,"benthopelagic","Torpedo marmorata","Torpedinidae","Torpediniformes","Elasmobranchii","Chondrichthyes"
"3050","fishbase",93.06,3.3,16,5132,"standard","none specified",2120,"Torpedo",NA,1,1,"benthopelagic","Torpedo marmorata","Torpedinidae","Torpediniformes","Elasmobranchii","Chondrichthyes"
"3066","fishbase",1.82,0.004,29,5137,"routine","none specified",2120,"Mystus",NA,1,0,"demersal","Mystus vittatus","Bagridae","Siluriformes","Teleostei","Osteichthyes"
"3067","fishbase",2.36,0.004,32.5,5137,"routine","none specified",2120,"Mystus",NA,1,0,"demersal","Mystus vittatus","Bagridae","Siluriformes","Teleostei","Osteichthyes"
"3068","fishbase",1.1295,0.0045,29,5137,"routine","none specified",2120,"Mystus",NA,1,0,"demersal","Mystus vittatus","Bagridae","Siluriformes","Teleostei","Osteichthyes"
"3069","fishbase",2.17,0.005,29,5137,"routine","none specified",2120,"Mystus",NA,1,0,"demersal","Mystus vittatus","Bagridae","Siluriformes","Teleostei","Osteichthyes"
"3070","fishbase",3.045,0.005,32.5,5137,"routine","none specified",2120,"Mystus",NA,1,0,"demersal","Mystus vittatus","Bagridae","Siluriformes","Teleostei","Osteichthyes"
"3071","fishbase",3.08,0.005,32.5,5137,"routine","none specified",2120,"Mystus",NA,1,0,"demersal","Mystus vittatus","Bagridae","Siluriformes","Teleostei","Osteichthyes"
"3072","fishbase",2.834,0.0065,32.5,5137,"routine","none specified",2120,"Mystus",NA,1,0,"demersal","Mystus vittatus","Bagridae","Siluriformes","Teleostei","Osteichthyes"
"3073","fishbase",0.8066,0.0074,20,5137,"routine","none specified",2120,"Mystus",NA,1,0,"demersal","Mystus vittatus","Bagridae","Siluriformes","Teleostei","Osteichthyes"
"3074","fishbase",1.0508,0.0074,20,5137,"routine","none specified",2120,"Mystus",NA,1,0,"demersal","Mystus vittatus","Bagridae","Siluriformes","Teleostei","Osteichthyes"
"3075","fishbase",1.0952,0.0074,20,5137,"routine","none specified",2120,"Mystus",NA,1,0,"demersal","Mystus vittatus","Bagridae","Siluriformes","Teleostei","Osteichthyes"
"3076","fishbase",1.2728,0.0074,20,5137,"routine","none specified",2120,"Mystus",NA,1,0,"demersal","Mystus vittatus","Bagridae","Siluriformes","Teleostei","Osteichthyes"
"3077","fishbase",1.5096,0.0074,20,5137,"routine","none specified",2120,"Mystus",NA,1,0,"demersal","Mystus vittatus","Bagridae","Siluriformes","Teleostei","Osteichthyes"
"3078","fishbase",1.5318,0.0074,20,5137,"routine","none specified",2120,"Mystus",NA,1,0,"demersal","Mystus vittatus","Bagridae","Siluriformes","Teleostei","Osteichthyes"
"3079","fishbase",1.6872,0.0074,20,5137,"routine","none specified",2120,"Mystus",NA,1,0,"demersal","Mystus vittatus","Bagridae","Siluriformes","Teleostei","Osteichthyes"
"3080","fishbase",2.0572,0.0074,20,5137,"routine","none specified",2120,"Mystus",NA,1,0,"demersal","Mystus vittatus","Bagridae","Siluriformes","Teleostei","Osteichthyes"
"3081","fishbase",1.944,0.008,29,5137,"routine","none specified",2120,"Mystus",NA,1,0,"demersal","Mystus vittatus","Bagridae","Siluriformes","Teleostei","Osteichthyes"
"3082","fishbase",2.648,0.008,32.5,5137,"routine","none specified",2120,"Mystus",NA,1,0,"demersal","Mystus vittatus","Bagridae","Siluriformes","Teleostei","Osteichthyes"
"3083","fishbase",2.565,0.009,29,5137,"routine","none specified",2120,"Mystus",NA,1,0,"demersal","Mystus vittatus","Bagridae","Siluriformes","Teleostei","Osteichthyes"
"3084","fishbase",2.817,0.009,32.5,5137,"routine","none specified",2120,"Mystus",NA,1,0,"demersal","Mystus vittatus","Bagridae","Siluriformes","Teleostei","Osteichthyes"
"3085","fishbase",3.4202,0.0098,32.5,5137,"routine","none specified",2120,"Mystus",NA,1,0,"demersal","Mystus vittatus","Bagridae","Siluriformes","Teleostei","Osteichthyes"
"3086","fishbase",2.332,0.011,29,5137,"routine","none specified",2120,"Mystus",NA,1,0,"demersal","Mystus vittatus","Bagridae","Siluriformes","Teleostei","Osteichthyes"
"3087","fishbase",3.993,0.011,32.5,5137,"routine","none specified",2120,"Mystus",NA,1,0,"demersal","Mystus vittatus","Bagridae","Siluriformes","Teleostei","Osteichthyes"
"3088","fishbase",2.58,0.012,29,5137,"routine","none specified",2120,"Mystus",NA,1,0,"demersal","Mystus vittatus","Bagridae","Siluriformes","Teleostei","Osteichthyes"
"3089","fishbase",2.6,0.013,29,5137,"routine","none specified",2120,"Mystus",NA,1,0,"demersal","Mystus vittatus","Bagridae","Siluriformes","Teleostei","Osteichthyes"
"3090","fishbase",2.04,0.015,29,5137,"routine","none specified",2120,"Mystus",NA,1,0,"demersal","Mystus vittatus","Bagridae","Siluriformes","Teleostei","Osteichthyes"
"3091","fishbase",2.24,0.016,29,5137,"routine","none specified",2120,"Mystus",NA,1,0,"demersal","Mystus vittatus","Bagridae","Siluriformes","Teleostei","Osteichthyes"
"3092","fishbase",3.654,0.018,29,5137,"routine","none specified",2120,"Mystus",NA,1,0,"demersal","Mystus vittatus","Bagridae","Siluriformes","Teleostei","Osteichthyes"
"3093","fishbase",6.32,0.02,32.5,5137,"routine","none specified",2120,"Mystus",NA,1,0,"demersal","Mystus vittatus","Bagridae","Siluriformes","Teleostei","Osteichthyes"
"3094","fishbase",6.3,0.021,32.5,5137,"routine","none specified",2120,"Mystus",NA,1,0,"demersal","Mystus vittatus","Bagridae","Siluriformes","Teleostei","Osteichthyes"
"3095","fishbase",5.786,0.022,29,5137,"routine","none specified",2120,"Mystus",NA,1,0,"demersal","Mystus vittatus","Bagridae","Siluriformes","Teleostei","Osteichthyes"
"3096","fishbase",6.325,0.023,29,5137,"routine","none specified",2120,"Mystus",NA,1,0,"demersal","Mystus vittatus","Bagridae","Siluriformes","Teleostei","Osteichthyes"
"3097","fishbase",6.936,0.024,32.5,5137,"routine","none specified",2120,"Mystus",NA,1,0,"demersal","Mystus vittatus","Bagridae","Siluriformes","Teleostei","Osteichthyes"
"3098","fishbase",6.344,0.026,29,5137,"routine","none specified",2120,"Mystus",NA,1,0,"demersal","Mystus vittatus","Bagridae","Siluriformes","Teleostei","Osteichthyes"
"3099","fishbase",6.412,0.028,29,5137,"routine","none specified",2120,"Mystus",NA,1,0,"demersal","Mystus vittatus","Bagridae","Siluriformes","Teleostei","Osteichthyes"
"3100","fishbase",8.456,0.028,32.5,5137,"routine","none specified",2120,"Mystus",NA,1,0,"demersal","Mystus vittatus","Bagridae","Siluriformes","Teleostei","Osteichthyes"
"3101","fishbase",6.84,0.03,32.5,5137,"routine","none specified",2120,"Mystus",NA,1,0,"demersal","Mystus vittatus","Bagridae","Siluriformes","Teleostei","Osteichthyes"
"3102","fishbase",6.96,0.03,32.5,5137,"routine","none specified",2120,"Mystus",NA,1,0,"demersal","Mystus vittatus","Bagridae","Siluriformes","Teleostei","Osteichthyes"
"3103","fishbase",6.975,0.031,32.5,5137,"routine","none specified",2120,"Mystus",NA,1,0,"demersal","Mystus vittatus","Bagridae","Siluriformes","Teleostei","Osteichthyes"
"3104","fishbase",7.232,0.032,32.5,5137,"routine","none specified",2120,"Mystus",NA,1,0,"demersal","Mystus vittatus","Bagridae","Siluriformes","Teleostei","Osteichthyes"
"3105","fishbase",7.106,0.038,32.5,5137,"routine","none specified",2120,"Mystus",NA,1,0,"demersal","Mystus vittatus","Bagridae","Siluriformes","Teleostei","Osteichthyes"
"3106","fishbase",7.176,0.039,32.5,5137,"routine","none specified",2120,"Mystus",NA,1,0,"demersal","Mystus vittatus","Bagridae","Siluriformes","Teleostei","Osteichthyes"
"3107","fishbase",7.24,0.04,32.5,5137,"routine","none specified",2120,"Mystus",NA,1,0,"demersal","Mystus vittatus","Bagridae","Siluriformes","Teleostei","Osteichthyes"
"3108","fishbase",7.38,0.041,32.5,5137,"routine","none specified",2120,"Mystus",NA,1,0,"demersal","Mystus vittatus","Bagridae","Siluriformes","Teleostei","Osteichthyes"
"3109","fishbase",9.6,0.05,32.5,5137,"routine","none specified",2120,"Mystus",NA,1,0,"demersal","Mystus vittatus","Bagridae","Siluriformes","Teleostei","Osteichthyes"
"3110","fishbase",9.8475,0.0505,32.5,5137,"routine","none specified",2120,"Mystus",NA,1,0,"demersal","Mystus vittatus","Bagridae","Siluriformes","Teleostei","Osteichthyes"
"3111","fishbase",10.098,0.051,32.5,5137,"routine","none specified",2120,"Mystus",NA,1,0,"demersal","Mystus vittatus","Bagridae","Siluriformes","Teleostei","Osteichthyes"
"3112","fishbase",10.4,0.052,32.5,5137,"routine","none specified",2120,"Mystus",NA,1,0,"demersal","Mystus vittatus","Bagridae","Siluriformes","Teleostei","Osteichthyes"
"3113","fishbase",11.466,0.0585,32.5,5137,"routine","none specified",2120,"Mystus",NA,1,0,"demersal","Mystus vittatus","Bagridae","Siluriformes","Teleostei","Osteichthyes"
"3114","fishbase",11.977,0.059,32.5,5137,"routine","none specified",2120,"Mystus",NA,1,0,"demersal","Mystus vittatus","Bagridae","Siluriformes","Teleostei","Osteichthyes"
"3115","fishbase",11.64,0.06,32.5,5137,"routine","none specified",2120,"Mystus",NA,1,0,"demersal","Mystus vittatus","Bagridae","Siluriformes","Teleostei","Osteichthyes"
"3116","fishbase",12.423,0.0615,32.5,5137,"routine","none specified",2120,"Mystus",NA,1,0,"demersal","Mystus vittatus","Bagridae","Siluriformes","Teleostei","Osteichthyes"
"3117","fishbase",1.872,0.012,27,5139,"routine","none specified",2120,"Mystus",NA,1,0,"demersal","Mystus gulio","Bagridae","Siluriformes","Teleostei","Osteichthyes"
"3118","fishbase",2.86260008,0.004,29,5140,"standard","none specified",2120,"Mystus",NA,1,0,"demersal","Mystus cavasius","Bagridae","Siluriformes","Teleostei","Osteichthyes"
"3119","fishbase",2.32784993,0.007,29,5140,"standard","none specified",2120,"Mystus",NA,1,0,"demersal","Mystus cavasius","Bagridae","Siluriformes","Teleostei","Osteichthyes"
"3120","fishbase",3.58227,0.009,29,5140,"standard","none specified",2120,"Mystus",NA,1,0,"demersal","Mystus cavasius","Bagridae","Siluriformes","Teleostei","Osteichthyes"
"3121","fishbase",4.29996014,0.014,29,5140,"standard","none specified",2120,"Mystus",NA,1,0,"demersal","Mystus cavasius","Bagridae","Siluriformes","Teleostei","Osteichthyes"
"3122","fishbase",3.89984985,0.015,29,5140,"standard","none specified",2120,"Mystus",NA,1,0,"demersal","Mystus cavasius","Bagridae","Siluriformes","Teleostei","Osteichthyes"
"3123","fishbase",3.98639,0.019,29,5140,"standard","none specified",2120,"Mystus",NA,1,0,"demersal","Mystus cavasius","Bagridae","Siluriformes","Teleostei","Osteichthyes"
"3124","fishbase",4.62,0.024,29,5140,"standard","none specified",2120,"Mystus",NA,1,0,"demersal","Mystus cavasius","Bagridae","Siluriformes","Teleostei","Osteichthyes"
"3125","fishbase",5.60449975,0.025,29,5140,"standard","none specified",2120,"Mystus",NA,1,0,"demersal","Mystus cavasius","Bagridae","Siluriformes","Teleostei","Osteichthyes"
"3126","fishbase",8.51865,0.035,29,5140,"standard","none specified",2120,"Mystus",NA,1,0,"demersal","Mystus cavasius","Bagridae","Siluriformes","Teleostei","Osteichthyes"
"3127","fishbase",12.23922,0.042,29,5140,"standard","none specified",2120,"Mystus",NA,1,0,"demersal","Mystus cavasius","Bagridae","Siluriformes","Teleostei","Osteichthyes"
"3128","fishbase",9.84979047,0.047,29,5140,"standard","none specified",85173,"Mystus",NA,1,0,"demersal","Mystus cavasius","Bagridae","Siluriformes","Teleostei","Osteichthyes"
"3129","fishbase",10.13179047,0.047,29,5140,"standard","none specified",2120,"Mystus",NA,1,0,"demersal","Mystus cavasius","Bagridae","Siluriformes","Teleostei","Osteichthyes"
"3130","fishbase",10.76451948,0.052,29,5140,"standard","none specified",2120,"Mystus",NA,1,0,"demersal","Mystus cavasius","Bagridae","Siluriformes","Teleostei","Osteichthyes"
"3131","fishbase",12.61135,0.053,29,5140,"standard","none specified",2120,"Mystus",NA,1,0,"demersal","Mystus cavasius","Bagridae","Siluriformes","Teleostei","Osteichthyes"
"3132","fishbase",13.72168,0.056,29,5140,"standard","none specified",2120,"Mystus",NA,1,0,"demersal","Mystus cavasius","Bagridae","Siluriformes","Teleostei","Osteichthyes"
"3133","fishbase",1.56005,0.0205,28,5143,"routine","none specified",2120,"Channa",NA,1,0,"benthopelagic","Channa orientalis","Channidae","Anabantiformes","Teleostei","Osteichthyes"
"3134","fishbase",1.596,0.03,30,5143,"routine","none specified",2120,"Channa",NA,1,0,"benthopelagic","Channa orientalis","Channidae","Anabantiformes","Teleostei","Osteichthyes"
"3135","fishbase",2.154,0.03,30,5143,"routine","none specified",2120,"Channa",NA,1,0,"benthopelagic","Channa orientalis","Channidae","Anabantiformes","Teleostei","Osteichthyes"
"3136","fishbase",2.814,0.03,30,5143,"routine","none specified",2120,"Channa",NA,1,0,"benthopelagic","Channa orientalis","Channidae","Anabantiformes","Teleostei","Osteichthyes"
"3137","fishbase",3,0.03,30,5143,"routine","none specified",2120,"Channa",NA,1,0,"benthopelagic","Channa orientalis","Channidae","Anabantiformes","Teleostei","Osteichthyes"
"3138","fishbase",3.21,0.03,30,5143,"routine","none specified",2120,"Channa",NA,1,0,"benthopelagic","Channa orientalis","Channidae","Anabantiformes","Teleostei","Osteichthyes"
"3139","fishbase",3.69,0.03,30,5143,"routine","none specified",2120,"Channa",NA,1,0,"benthopelagic","Channa orientalis","Channidae","Anabantiformes","Teleostei","Osteichthyes"
"3140","fishbase",1.0472,0.011,30,5144,"routine","none specified",2120,"Channa",NA,0,0,"benthopelagic","Channa marulius","Channidae","Anabantiformes","Teleostei","Osteichthyes"
"3141","fishbase",1.04875,0.0125,30,5144,"routine","none specified",2120,"Channa",NA,0,0,"benthopelagic","Channa marulius","Channidae","Anabantiformes","Teleostei","Osteichthyes"
"3142","fishbase",0.7488,0.013,30,5144,"routine","none specified",2120,"Channa",NA,0,0,"benthopelagic","Channa marulius","Channidae","Anabantiformes","Teleostei","Osteichthyes"
"3143","fishbase",1.1977,0.0145,30,5144,"routine","none specified",2120,"Channa",NA,0,0,"benthopelagic","Channa marulius","Channidae","Anabantiformes","Teleostei","Osteichthyes"
"3144","fishbase",0.7485,0.015,30,5144,"routine","none specified",2120,"Channa",NA,0,0,"benthopelagic","Channa marulius","Channidae","Anabantiformes","Teleostei","Osteichthyes"
"3145","fishbase",1.5648,0.016,30,5144,"routine","none specified",2120,"Channa",NA,0,0,"benthopelagic","Channa marulius","Channidae","Anabantiformes","Teleostei","Osteichthyes"
"3146","fishbase",1.287,0.0165,30,5144,"routine","none specified",2120,"Channa",NA,0,0,"benthopelagic","Channa marulius","Channidae","Anabantiformes","Teleostei","Osteichthyes"
"3147","fishbase",1.4076,0.017,30,5144,"routine","none specified",2120,"Channa",NA,0,0,"benthopelagic","Channa marulius","Channidae","Anabantiformes","Teleostei","Osteichthyes"
"3148","fishbase",0.959,0.0175,30,5144,"routine","none specified",2120,"Channa",NA,0,0,"benthopelagic","Channa marulius","Channidae","Anabantiformes","Teleostei","Osteichthyes"
"3149","fishbase",1.197,0.019,30,5144,"routine","none specified",2120,"Channa",NA,0,0,"benthopelagic","Channa marulius","Channidae","Anabantiformes","Teleostei","Osteichthyes"
"3150","fishbase",3.6828,0.093,30,5144,"routine","none specified",2120,"Channa",NA,0,0,"benthopelagic","Channa marulius","Channidae","Anabantiformes","Teleostei","Osteichthyes"
"3151","fishbase",5.5986,0.093,30,5144,"routine","none specified",2120,"Channa",NA,0,0,"benthopelagic","Channa marulius","Channidae","Anabantiformes","Teleostei","Osteichthyes"
"3152","fishbase",6.1008,0.093,30,5144,"routine","none specified",2120,"Channa",NA,0,0,"benthopelagic","Channa marulius","Channidae","Anabantiformes","Teleostei","Osteichthyes"
"3153","fishbase",6.2961,0.093,30,5144,"routine","none specified",2120,"Channa",NA,0,0,"benthopelagic","Channa marulius","Channidae","Anabantiformes","Teleostei","Osteichthyes"
"3154","fishbase",6.4728,0.093,30,5144,"routine","none specified",2120,"Channa",NA,0,0,"benthopelagic","Channa marulius","Channidae","Anabantiformes","Teleostei","Osteichthyes"
"3155","fishbase",7.9515,0.093,30,5144,"routine","none specified",2120,"Channa",NA,0,0,"benthopelagic","Channa marulius","Channidae","Anabantiformes","Teleostei","Osteichthyes"
"3156","fishbase",0.3816,0.0036,30,5145,"standard","none specified",2120,"Exodon","Exodontinae",0,0,"pelagic","Exodon paradoxus","Characidae","Characiformes","Teleostei","Osteichthyes"
"3157","fishbase",0.14399,0.00385,20,5145,"standard","none specified",2120,"Exodon","Exodontinae",0,0,"pelagic","Exodon paradoxus","Characidae","Characiformes","Teleostei","Osteichthyes"
"3158","fishbase",0.409266,0.00477,25,5145,"standard","none specified",2120,"Exodon","Exodontinae",0,0,"pelagic","Exodon paradoxus","Characidae","Characiformes","Teleostei","Osteichthyes"
"3159","fishbase",1.05763,0.00203,23,5146,"routine","none specified",2120,"Chelon",NA,1,1,"demersal","Chelon richardsonii","Mugilidae","Mugiliformes","Teleostei","Osteichthyes"
"3160","fishbase",1.87487,0.00313,13,5146,"routine","none specified",2120,"Chelon",NA,1,1,"demersal","Chelon richardsonii","Mugilidae","Mugiliformes","Teleostei","Osteichthyes"
"3161","fishbase",2.45784,0.00539,18,5146,"routine","none specified",2120,"Chelon",NA,1,1,"demersal","Chelon richardsonii","Mugilidae","Mugiliformes","Teleostei","Osteichthyes"
"3162","fishbase",3.51828,0.00674,23,5146,"routine","none specified",2120,"Chelon",NA,1,1,"demersal","Chelon richardsonii","Mugilidae","Mugiliformes","Teleostei","Osteichthyes"
"3163","fishbase",3.5793,0.0123,18,5146,"routine","none specified",2120,"Chelon",NA,1,1,"demersal","Chelon richardsonii","Mugilidae","Mugiliformes","Teleostei","Osteichthyes"
"3164","fishbase",6.432,0.016,23,5146,"routine","none specified",2120,"Chelon",NA,1,1,"demersal","Chelon richardsonii","Mugilidae","Mugiliformes","Teleostei","Osteichthyes"
"3165","fishbase",8.54,0.02,28,5146,"routine","none specified",2120,"Chelon",NA,1,1,"demersal","Chelon richardsonii","Mugilidae","Mugiliformes","Teleostei","Osteichthyes"
"3166","fishbase",16.271,0.0265,33,5146,"routine","none specified",2120,"Chelon",NA,1,1,"demersal","Chelon richardsonii","Mugilidae","Mugiliformes","Teleostei","Osteichthyes"
"3167","fishbase",4.2075,0.0275,13,5146,"routine","none specified",2120,"Chelon",NA,1,1,"demersal","Chelon richardsonii","Mugilidae","Mugiliformes","Teleostei","Osteichthyes"
"3168","fishbase",17.5182,0.0291,33,5146,"routine","none specified",2120,"Chelon",NA,1,1,"demersal","Chelon richardsonii","Mugilidae","Mugiliformes","Teleostei","Osteichthyes"
"3169","fishbase",6.4232,0.0296,13,5146,"routine","none specified",2120,"Chelon",NA,1,1,"demersal","Chelon richardsonii","Mugilidae","Mugiliformes","Teleostei","Osteichthyes"
"3170","fishbase",10.0566,0.0302,23,5146,"routine","none specified",2120,"Chelon",NA,1,1,"demersal","Chelon richardsonii","Mugilidae","Mugiliformes","Teleostei","Osteichthyes"
"3171","fishbase",7.0112,0.0313,18,5146,"routine","none specified",2120,"Chelon",NA,1,1,"demersal","Chelon richardsonii","Mugilidae","Mugiliformes","Teleostei","Osteichthyes"
"3172","fishbase",9.1872,0.0319,23,5146,"routine","none specified",2120,"Chelon",NA,1,1,"demersal","Chelon richardsonii","Mugilidae","Mugiliformes","Teleostei","Osteichthyes"
"3173","fishbase",18.6238,0.0338,33,5146,"routine","none specified",2120,"Chelon",NA,1,1,"demersal","Chelon richardsonii","Mugilidae","Mugiliformes","Teleostei","Osteichthyes"
"3174","fishbase",10.8459,0.0351,23,5146,"routine","none specified",2120,"Chelon",NA,1,1,"demersal","Chelon richardsonii","Mugilidae","Mugiliformes","Teleostei","Osteichthyes"
"3175","fishbase",11.0187,0.0371,28,5146,"routine","none specified",2120,"Chelon",NA,1,1,"demersal","Chelon richardsonii","Mugilidae","Mugiliformes","Teleostei","Osteichthyes"
"3176","fishbase",5.0568,0.0392,13,5146,"routine","none specified",2120,"Chelon",NA,1,1,"demersal","Chelon richardsonii","Mugilidae","Mugiliformes","Teleostei","Osteichthyes"
"3177","fishbase",10.0531,0.0439,18,5146,"routine","none specified",2120,"Chelon",NA,1,1,"demersal","Chelon richardsonii","Mugilidae","Mugiliformes","Teleostei","Osteichthyes"
"3178","fishbase",6.20870047,0.047,18,5146,"standard","none specified",85173,"Chelon",NA,1,1,"demersal","Chelon richardsonii","Mugilidae","Mugiliformes","Teleostei","Osteichthyes"
"3179","fishbase",8.57045047,0.047,23,5146,"standard","none specified",85173,"Chelon",NA,1,1,"demersal","Chelon richardsonii","Mugilidae","Mugiliformes","Teleostei","Osteichthyes"
"3180","fishbase",13.362,0.051,23,5146,"routine","none specified",2120,"Chelon",NA,1,1,"demersal","Chelon richardsonii","Mugilidae","Mugiliformes","Teleostei","Osteichthyes"
"3181","fishbase",13.9601,0.0539,23,5146,"routine","none specified",2120,"Chelon",NA,1,1,"demersal","Chelon richardsonii","Mugilidae","Mugiliformes","Teleostei","Osteichthyes"
"3182","fishbase",15.0426,0.0549,23,5146,"routine","none specified",2120,"Chelon",NA,1,1,"demersal","Chelon richardsonii","Mugilidae","Mugiliformes","Teleostei","Osteichthyes"
"3183","fishbase",0.00859,1e-05,28,5147,"routine","none specified",2120,"Channa",NA,1,0,"benthopelagic","Channa punctata","Channidae","Anabantiformes","Teleostei","Osteichthyes"
"3184","fishbase",0.01007,1e-05,28,5147,"routine","none specified",2120,"Channa",NA,1,0,"benthopelagic","Channa punctata","Channidae","Anabantiformes","Teleostei","Osteichthyes"
"3185","fishbase",0.01411,1e-05,28,5147,"routine","none specified",2120,"Channa",NA,1,0,"benthopelagic","Channa punctata","Channidae","Anabantiformes","Teleostei","Osteichthyes"
"3186","fishbase",0.01402,2e-05,28,5147,"routine","none specified",2120,"Channa",NA,1,0,"benthopelagic","Channa punctata","Channidae","Anabantiformes","Teleostei","Osteichthyes"
"3187","fishbase",0.01658,2e-05,28,5147,"routine","none specified",2120,"Channa",NA,1,0,"benthopelagic","Channa punctata","Channidae","Anabantiformes","Teleostei","Osteichthyes"
"3188","fishbase",0.02012,4e-05,28,5147,"routine","none specified",2120,"Channa",NA,1,0,"benthopelagic","Channa punctata","Channidae","Anabantiformes","Teleostei","Osteichthyes"
"3189","fishbase",0.02724,6e-05,28,5147,"routine","none specified",2120,"Channa",NA,1,0,"benthopelagic","Channa punctata","Channidae","Anabantiformes","Teleostei","Osteichthyes"
"3190","fishbase",0.03462,6e-05,28,5147,"routine","none specified",2120,"Channa",NA,1,0,"benthopelagic","Channa punctata","Channidae","Anabantiformes","Teleostei","Osteichthyes"
"3191","fishbase",0.04004,7e-05,28,5147,"routine","none specified",2120,"Channa",NA,1,0,"benthopelagic","Channa punctata","Channidae","Anabantiformes","Teleostei","Osteichthyes"
"3192","fishbase",0.0511,7e-05,28,5147,"routine","none specified",2120,"Channa",NA,1,0,"benthopelagic","Channa punctata","Channidae","Anabantiformes","Teleostei","Osteichthyes"
"3193","fishbase",0.05929,7e-05,28,5147,"routine","none specified",2120,"Channa",NA,1,0,"benthopelagic","Channa punctata","Channidae","Anabantiformes","Teleostei","Osteichthyes"
"3194","fishbase",0.06699,7e-05,28,5147,"routine","none specified",2120,"Channa",NA,1,0,"benthopelagic","Channa punctata","Channidae","Anabantiformes","Teleostei","Osteichthyes"
"3195","fishbase",0.0395,1e-04,28,5147,"routine","none specified",2120,"Channa",NA,1,0,"benthopelagic","Channa punctata","Channidae","Anabantiformes","Teleostei","Osteichthyes"
"3196","fishbase",0.04032,0.00012,28,5147,"routine","none specified",2120,"Channa",NA,1,0,"benthopelagic","Channa punctata","Channidae","Anabantiformes","Teleostei","Osteichthyes"
"3197","fishbase",0.0553,0.00014,28,5147,"routine","none specified",2120,"Channa",NA,1,0,"benthopelagic","Channa punctata","Channidae","Anabantiformes","Teleostei","Osteichthyes"
"3198","fishbase",0.07665,0.00021,28,5147,"routine","none specified",2120,"Channa",NA,1,0,"benthopelagic","Channa punctata","Channidae","Anabantiformes","Teleostei","Osteichthyes"
"3199","fishbase",0.06669,0.00027,28,5147,"routine","none specified",2120,"Channa",NA,1,0,"benthopelagic","Channa punctata","Channidae","Anabantiformes","Teleostei","Osteichthyes"
"3200","fishbase",0.08399,0.00037,28,5147,"routine","none specified",2120,"Channa",NA,1,0,"benthopelagic","Channa punctata","Channidae","Anabantiformes","Teleostei","Osteichthyes"
"3201","fishbase",0.0985,5e-04,28,5147,"routine","none specified",2120,"Channa",NA,1,0,"benthopelagic","Channa punctata","Channidae","Anabantiformes","Teleostei","Osteichthyes"
"3202","fishbase",0.09612,0.00054,28,5147,"routine","none specified",2120,"Channa",NA,1,0,"benthopelagic","Channa punctata","Channidae","Anabantiformes","Teleostei","Osteichthyes"
"3203","fishbase",0.11466,0.00063,28,5147,"routine","none specified",2120,"Channa",NA,1,0,"benthopelagic","Channa punctata","Channidae","Anabantiformes","Teleostei","Osteichthyes"
"3204","fishbase",0.1449,7e-04,28,5147,"routine","none specified",2120,"Channa",NA,1,0,"benthopelagic","Channa punctata","Channidae","Anabantiformes","Teleostei","Osteichthyes"
"3205","fishbase",0.1463,0.00095,28,5147,"routine","none specified",2120,"Channa",NA,1,0,"benthopelagic","Channa punctata","Channidae","Anabantiformes","Teleostei","Osteichthyes"
"3206","fishbase",0.18236,0.00097,28,5147,"routine","none specified",2120,"Channa",NA,1,0,"benthopelagic","Channa punctata","Channidae","Anabantiformes","Teleostei","Osteichthyes"
"3207","fishbase",0.64141,0.00833,20,5147,"standard","none specified",2120,"Channa",NA,1,0,"benthopelagic","Channa punctata","Channidae","Anabantiformes","Teleostei","Osteichthyes"
"3208","fishbase",1.14121,0.00833,31,5147,"standard","none specified",2120,"Channa",NA,1,0,"benthopelagic","Channa punctata","Channidae","Anabantiformes","Teleostei","Osteichthyes"
"3209","fishbase",0.78912,0.01233,20,5147,"standard","none specified",2120,"Channa",NA,1,0,"benthopelagic","Channa punctata","Channidae","Anabantiformes","Teleostei","Osteichthyes"
"3210","fishbase",0.22,0.0125,26,5147,"routine","none specified",2120,"Channa",NA,1,0,"benthopelagic","Channa punctata","Channidae","Anabantiformes","Teleostei","Osteichthyes"
"3211","fishbase",0.235,0.0125,26,5147,"routine","none specified",2120,"Channa",NA,1,0,"benthopelagic","Channa punctata","Channidae","Anabantiformes","Teleostei","Osteichthyes"
"3212","fishbase",0.24,0.0125,26,5147,"routine","none specified",2120,"Channa",NA,1,0,"benthopelagic","Channa punctata","Channidae","Anabantiformes","Teleostei","Osteichthyes"
"3213","fishbase",0.2475,0.0125,26,5147,"routine","none specified",2120,"Channa",NA,1,0,"benthopelagic","Channa punctata","Channidae","Anabantiformes","Teleostei","Osteichthyes"
"3214","fishbase",1.44324,0.01266,31,5147,"standard","none specified",2120,"Channa",NA,1,0,"benthopelagic","Channa punctata","Channidae","Anabantiformes","Teleostei","Osteichthyes"
"3215","fishbase",2.08208,0.02366,31,5147,"standard","none specified",2120,"Channa",NA,1,0,"benthopelagic","Channa punctata","Channidae","Anabantiformes","Teleostei","Osteichthyes"
"3216","fishbase",1.43964,0.02666,20,5147,"standard","none specified",2120,"Channa",NA,1,0,"benthopelagic","Channa punctata","Channidae","Anabantiformes","Teleostei","Osteichthyes"
"3217","fishbase",1.63317,0.03333,20,5147,"standard","none specified",2120,"Channa",NA,1,0,"benthopelagic","Channa punctata","Channidae","Anabantiformes","Teleostei","Osteichthyes"
"3218","fishbase",2.65914,0.03366,31,5147,"standard","none specified",2120,"Channa",NA,1,0,"benthopelagic","Channa punctata","Channidae","Anabantiformes","Teleostei","Osteichthyes"
"3219","fishbase",2.967,0.043,31,5147,"standard","none specified",2120,"Channa",NA,1,0,"benthopelagic","Channa punctata","Channidae","Anabantiformes","Teleostei","Osteichthyes"
"3220","fishbase",2.10036,0.04566,20,5147,"standard","none specified",2120,"Channa",NA,1,0,"benthopelagic","Channa punctata","Channidae","Anabantiformes","Teleostei","Osteichthyes"
"3221","fishbase",3.05862,0.05366,31,5147,"standard","none specified",2120,"Channa",NA,1,0,"benthopelagic","Channa punctata","Channidae","Anabantiformes","Teleostei","Osteichthyes"
"3222","fishbase",2.475,0.055,20,5147,"standard","none specified",2120,"Channa",NA,1,0,"benthopelagic","Channa punctata","Channidae","Anabantiformes","Teleostei","Osteichthyes"
"3223","fishbase",2.79,0.062,20,5147,"standard","none specified",2120,"Channa",NA,1,0,"benthopelagic","Channa punctata","Channidae","Anabantiformes","Teleostei","Osteichthyes"
"3224","fishbase",3.551,0.067,31,5147,"standard","none specified",2120,"Channa",NA,1,0,"benthopelagic","Channa punctata","Channidae","Anabantiformes","Teleostei","Osteichthyes"
"3225","fishbase",3.91716,0.07533,31,5147,"standard","none specified",2120,"Channa",NA,1,0,"benthopelagic","Channa punctata","Channidae","Anabantiformes","Teleostei","Osteichthyes"
"3226","fishbase",3.4047,0.07566,20,5147,"standard","none specified",2120,"Channa",NA,1,0,"benthopelagic","Channa punctata","Channidae","Anabantiformes","Teleostei","Osteichthyes"
"3227","fishbase",4.212,0.081,31,5147,"standard","none specified",2120,"Channa",NA,1,0,"benthopelagic","Channa punctata","Channidae","Anabantiformes","Teleostei","Osteichthyes"
"3228","fishbase",3.76904,0.08566,20,5147,"standard","none specified",2120,"Channa",NA,1,0,"benthopelagic","Channa punctata","Channidae","Anabantiformes","Teleostei","Osteichthyes"
"3229","fishbase",5.2638,0.093,30,5147,"routine","none specified",2120,"Channa",NA,1,0,"benthopelagic","Channa punctata","Channidae","Anabantiformes","Teleostei","Osteichthyes"
"3230","fishbase",5.5056,0.093,30,5147,"routine","none specified",2120,"Channa",NA,1,0,"benthopelagic","Channa punctata","Channidae","Anabantiformes","Teleostei","Osteichthyes"
"3231","fishbase",5.5149,0.093,30,5147,"routine","none specified",2120,"Channa",NA,1,0,"benthopelagic","Channa punctata","Channidae","Anabantiformes","Teleostei","Osteichthyes"
"3232","fishbase",6.1752,0.093,30,5147,"routine","none specified",2120,"Channa",NA,1,0,"benthopelagic","Channa punctata","Channidae","Anabantiformes","Teleostei","Osteichthyes"
"3233","fishbase",6.2496,0.093,30,5147,"routine","none specified",2120,"Channa",NA,1,0,"benthopelagic","Channa punctata","Channidae","Anabantiformes","Teleostei","Osteichthyes"
"3234","fishbase",6.882,0.093,30,5147,"routine","none specified",2120,"Channa",NA,1,0,"benthopelagic","Channa punctata","Channidae","Anabantiformes","Teleostei","Osteichthyes"
"3235","fishbase",4.12104,0.09366,20,5147,"standard","none specified",2120,"Channa",NA,1,0,"benthopelagic","Channa punctata","Channidae","Anabantiformes","Teleostei","Osteichthyes"
"3236","fishbase",4.947,0.097,31,5147,"standard","none specified",2120,"Channa",NA,1,0,"benthopelagic","Channa punctata","Channidae","Anabantiformes","Teleostei","Osteichthyes"
"3237","fishbase",4.50252,0.10233,20,5147,"standard","none specified",2120,"Channa",NA,1,0,"benthopelagic","Channa punctata","Channidae","Anabantiformes","Teleostei","Osteichthyes"
"3238","fishbase",5.25,0.105,31,5147,"standard","none specified",2120,"Channa",NA,1,0,"benthopelagic","Channa punctata","Channidae","Anabantiformes","Teleostei","Osteichthyes"
"3239","fishbase",5.75,0.115,31,5147,"standard","none specified",2120,"Channa",NA,1,0,"benthopelagic","Channa punctata","Channidae","Anabantiformes","Teleostei","Osteichthyes"
"3240","fishbase",6.283,0.12566,31,5147,"standard","none specified",2120,"Channa",NA,1,0,"benthopelagic","Channa punctata","Channidae","Anabantiformes","Teleostei","Osteichthyes"
"3241","fishbase",6.7,0.134,31,5147,"standard","none specified",2120,"Channa",NA,1,0,"benthopelagic","Channa punctata","Channidae","Anabantiformes","Teleostei","Osteichthyes"
"3242","fishbase",1.2876,0.0058,30,5148,"routine","none specified",2120,"Mystus",NA,1,0,"demersal","Mystus armatus","Bagridae","Siluriformes","Teleostei","Osteichthyes"
"3243","fishbase",1.3144,0.0062,30,5148,"routine","none specified",2120,"Mystus",NA,1,0,"demersal","Mystus armatus","Bagridae","Siluriformes","Teleostei","Osteichthyes"
"3272","fishbase",0.5735,0.005,21,5152,"standard","none specified",2120,"Macrognathus",NA,1,0,"benthopelagic","Macrognathus aculeatus","Mastacembelidae","Synbranchiformes","Teleostei","Osteichthyes"
"3273","fishbase",0.58,0.005,21,5152,"routine","none specified",2120,"Macrognathus",NA,1,0,"benthopelagic","Macrognathus aculeatus","Mastacembelidae","Synbranchiformes","Teleostei","Osteichthyes"
"3274","fishbase",0.89,0.005,30,5152,"routine","none specified",2120,"Macrognathus",NA,1,0,"benthopelagic","Macrognathus aculeatus","Mastacembelidae","Synbranchiformes","Teleostei","Osteichthyes"
"3275","fishbase",1.01039994,0.006,30,5152,"standard","none specified",2120,"Macrognathus",NA,1,0,"benthopelagic","Macrognathus aculeatus","Mastacembelidae","Synbranchiformes","Teleostei","Osteichthyes"
"3276","fishbase",0.9757,0.011,21,5152,"standard","none specified",2120,"Macrognathus",NA,1,0,"benthopelagic","Macrognathus aculeatus","Mastacembelidae","Synbranchiformes","Teleostei","Osteichthyes"
"3277","fishbase",1.7053118712,0.01288,30,5152,"standard","none specified",2120,"Macrognathus",NA,1,0,"benthopelagic","Macrognathus aculeatus","Mastacembelidae","Synbranchiformes","Teleostei","Osteichthyes"
"3278","fishbase",1.3168,0.016,21,5152,"routine","none specified",2120,"Macrognathus",NA,1,0,"benthopelagic","Macrognathus aculeatus","Mastacembelidae","Synbranchiformes","Teleostei","Osteichthyes"
"3279","fishbase",2.0448,0.016,30,5152,"routine","none specified",2120,"Macrognathus",NA,1,0,"benthopelagic","Macrognathus aculeatus","Mastacembelidae","Synbranchiformes","Teleostei","Osteichthyes"
"3280","fishbase",2.068,0.0235,21,5152,"standard","none specified",2120,"Macrognathus",NA,1,0,"benthopelagic","Macrognathus aculeatus","Mastacembelidae","Synbranchiformes","Teleostei","Osteichthyes"
"3281","fishbase",1.7616,0.024,21,5152,"routine","none specified",2120,"Macrognathus",NA,1,0,"benthopelagic","Macrognathus aculeatus","Mastacembelidae","Synbranchiformes","Teleostei","Osteichthyes"
"3282","fishbase",2.7336,0.024,30,5152,"routine","none specified",2120,"Macrognathus",NA,1,0,"benthopelagic","Macrognathus aculeatus","Mastacembelidae","Synbranchiformes","Teleostei","Osteichthyes"
"3283","fishbase",2.954593,0.02617,30,5152,"standard","none specified",2120,"Macrognathus",NA,1,0,"benthopelagic","Macrognathus aculeatus","Mastacembelidae","Synbranchiformes","Teleostei","Osteichthyes"
"3284","fishbase",2.29808,0.0271,21.5,5152,"routine","none specified",2120,"Macrognathus",NA,1,0,"benthopelagic","Macrognathus aculeatus","Mastacembelidae","Synbranchiformes","Teleostei","Osteichthyes"
"3285","fishbase",2.40448,0.0272,22.5,5152,"routine","none specified",2120,"Macrognathus",NA,1,0,"benthopelagic","Macrognathus aculeatus","Mastacembelidae","Synbranchiformes","Teleostei","Osteichthyes"
"3286","fishbase",3.4038,0.0279,30.5,5152,"routine","none specified",2120,"Macrognathus",NA,1,0,"benthopelagic","Macrognathus aculeatus","Mastacembelidae","Synbranchiformes","Teleostei","Osteichthyes"
"3287","fishbase",2.31263,0.0281,20.8,5152,"routine","none specified",2120,"Macrognathus",NA,1,0,"benthopelagic","Macrognathus aculeatus","Mastacembelidae","Synbranchiformes","Teleostei","Osteichthyes"
"3288","fishbase",3.6224,0.0283,31.2,5152,"routine","none specified",2120,"Macrognathus",NA,1,0,"benthopelagic","Macrognathus aculeatus","Mastacembelidae","Synbranchiformes","Teleostei","Osteichthyes"
"3289","fishbase",2.8886,0.0286,28.5,5152,"routine","none specified",2120,"Macrognathus",NA,1,0,"benthopelagic","Macrognathus aculeatus","Mastacembelidae","Synbranchiformes","Teleostei","Osteichthyes"
"3290","fishbase",3.212,0.0292,29.5,5152,"routine","none specified",2120,"Macrognathus",NA,1,0,"benthopelagic","Macrognathus aculeatus","Mastacembelidae","Synbranchiformes","Teleostei","Osteichthyes"
"3291","fishbase",4.0602,0.0303,31.5,5152,"routine","none specified",2120,"Macrognathus",NA,1,0,"benthopelagic","Macrognathus aculeatus","Mastacembelidae","Synbranchiformes","Teleostei","Osteichthyes"
"3292","fishbase",3.03975,0.0315,26.1,5152,"routine","none specified",2120,"Macrognathus",NA,1,0,"benthopelagic","Macrognathus aculeatus","Mastacembelidae","Synbranchiformes","Teleostei","Osteichthyes"
"3293","fishbase",3.0687,0.0318,26,5152,"routine","none specified",2120,"Macrognathus",NA,1,0,"benthopelagic","Macrognathus aculeatus","Mastacembelidae","Synbranchiformes","Teleostei","Osteichthyes"
"3294","fishbase",3.6888,0.0318,30.5,5152,"routine","none specified",2120,"Macrognathus",NA,1,0,"benthopelagic","Macrognathus aculeatus","Mastacembelidae","Synbranchiformes","Teleostei","Osteichthyes"
"3295","fishbase",3.7584,0.0324,30,5152,"routine","none specified",2120,"Macrognathus",NA,1,0,"benthopelagic","Macrognathus aculeatus","Mastacembelidae","Synbranchiformes","Teleostei","Osteichthyes"
"3296","fishbase",3.5208,0.0326,29.2,5152,"routine","none specified",2120,"Macrognathus",NA,1,0,"benthopelagic","Macrognathus aculeatus","Mastacembelidae","Synbranchiformes","Teleostei","Osteichthyes"
"3297","fishbase",2.2308,0.033,21,5152,"routine","none specified",2120,"Macrognathus",NA,1,0,"benthopelagic","Macrognathus aculeatus","Mastacembelidae","Synbranchiformes","Teleostei","Osteichthyes"
"3298","fishbase",3.4683,0.033,30,5152,"routine","none specified",2120,"Macrognathus",NA,1,0,"benthopelagic","Macrognathus aculeatus","Mastacembelidae","Synbranchiformes","Teleostei","Osteichthyes"
"3299","fishbase",3.7555,0.035,30,5152,"standard","none specified",2120,"Macrognathus",NA,1,0,"benthopelagic","Macrognathus aculeatus","Mastacembelidae","Synbranchiformes","Teleostei","Osteichthyes"
"3300","fishbase",2.4975,0.037,21,5152,"standard","none specified",2120,"Macrognathus",NA,1,0,"benthopelagic","Macrognathus aculeatus","Mastacembelidae","Synbranchiformes","Teleostei","Osteichthyes"
"3301","fishbase",4.063,0.0425,30,5152,"standard","none specified",2120,"Macrognathus",NA,1,0,"benthopelagic","Macrognathus aculeatus","Mastacembelidae","Synbranchiformes","Teleostei","Osteichthyes"
"3302","fishbase",2.662,0.044,21,5152,"routine","none specified",2120,"Macrognathus",NA,1,0,"benthopelagic","Macrognathus aculeatus","Mastacembelidae","Synbranchiformes","Teleostei","Osteichthyes"
"3303","fishbase",4.1448,0.044,30,5152,"routine","none specified",2120,"Macrognathus",NA,1,0,"benthopelagic","Macrognathus aculeatus","Mastacembelidae","Synbranchiformes","Teleostei","Osteichthyes"
"3304","fishbase",2.88015,0.0455,21,5152,"standard","none specified",2120,"Macrognathus",NA,1,0,"benthopelagic","Macrognathus aculeatus","Mastacembelidae","Synbranchiformes","Teleostei","Osteichthyes"
"3305","fishbase",2.5917,0.053,21,5152,"standard","none specified",2120,"Macrognathus",NA,1,0,"benthopelagic","Macrognathus aculeatus","Mastacembelidae","Synbranchiformes","Teleostei","Osteichthyes"
"3306","fishbase",4.6973,0.0535,30,5152,"standard","none specified",2120,"Macrognathus",NA,1,0,"benthopelagic","Macrognathus aculeatus","Mastacembelidae","Synbranchiformes","Teleostei","Osteichthyes"
"3307","fishbase",3.3118,0.058,21,5152,"routine","none specified",2120,"Macrognathus",NA,1,0,"benthopelagic","Macrognathus aculeatus","Mastacembelidae","Synbranchiformes","Teleostei","Osteichthyes"
"3308","fishbase",5.162,0.058,30,5152,"routine","none specified",2120,"Macrognathus",NA,1,0,"benthopelagic","Macrognathus aculeatus","Mastacembelidae","Synbranchiformes","Teleostei","Osteichthyes"
"3309","fishbase",3.6856,0.068,21,5152,"routine","none specified",2120,"Macrognathus",NA,1,0,"benthopelagic","Macrognathus aculeatus","Mastacembelidae","Synbranchiformes","Teleostei","Osteichthyes"
"3310","fishbase",5.746,0.068,30,5152,"routine","none specified",2120,"Macrognathus",NA,1,0,"benthopelagic","Macrognathus aculeatus","Mastacembelidae","Synbranchiformes","Teleostei","Osteichthyes"
"3311","fishbase",3.85892,0.0724,21,5152,"routine","none specified",2120,"Macrognathus",NA,1,0,"benthopelagic","Macrognathus aculeatus","Mastacembelidae","Synbranchiformes","Teleostei","Osteichthyes"
"3312","fishbase",6.01644,0.0724,30,5152,"routine","none specified",2120,"Macrognathus",NA,1,0,"benthopelagic","Macrognathus aculeatus","Mastacembelidae","Synbranchiformes","Teleostei","Osteichthyes"
"3313","fishbase",4.2585,0.0835,21,5152,"routine","none specified",2120,"Macrognathus",NA,1,0,"benthopelagic","Macrognathus aculeatus","Mastacembelidae","Synbranchiformes","Teleostei","Osteichthyes"
"3314","fishbase",6.65495,0.0835,30,5152,"routine","none specified",2120,"Macrognathus",NA,1,0,"benthopelagic","Macrognathus aculeatus","Mastacembelidae","Synbranchiformes","Teleostei","Osteichthyes"
"3315","fishbase",0.144,0.0012,25,5153,"routine","none specified",2120,"Ambassis",NA,1,1,"demersal","Ambassis interrupta","Ambassidae","Ovalentaria/misc","Teleostei","Osteichthyes"
"3316","fishbase",0.156,0.0012,25,5153,"routine","none specified",2120,"Ambassis",NA,1,1,"demersal","Ambassis interrupta","Ambassidae","Ovalentaria/misc","Teleostei","Osteichthyes"
"3317","fishbase",0.1848,0.0012,25,5153,"routine","none specified",2120,"Ambassis",NA,1,1,"demersal","Ambassis interrupta","Ambassidae","Ovalentaria/misc","Teleostei","Osteichthyes"
"3318","fishbase",0.21,0.0012,25,5153,"routine","none specified",2120,"Ambassis",NA,1,1,"demersal","Ambassis interrupta","Ambassidae","Ovalentaria/misc","Teleostei","Osteichthyes"
"3319","fishbase",0.2916,0.0012,25,5153,"routine","none specified",2120,"Ambassis",NA,1,1,"demersal","Ambassis interrupta","Ambassidae","Ovalentaria/misc","Teleostei","Osteichthyes"
"3320","fishbase",0.405,0.005,25,5153,"routine","none specified",2120,"Ambassis",NA,1,1,"demersal","Ambassis interrupta","Ambassidae","Ovalentaria/misc","Teleostei","Osteichthyes"
"3321","fishbase",0.445,0.005,25,5153,"routine","none specified",2120,"Ambassis",NA,1,1,"demersal","Ambassis interrupta","Ambassidae","Ovalentaria/misc","Teleostei","Osteichthyes"
"3322","fishbase",0.46,0.005,25,5153,"routine","none specified",2120,"Ambassis",NA,1,1,"demersal","Ambassis interrupta","Ambassidae","Ovalentaria/misc","Teleostei","Osteichthyes"
"3323","fishbase",0.515,0.005,25,5153,"routine","none specified",2120,"Ambassis",NA,1,1,"demersal","Ambassis interrupta","Ambassidae","Ovalentaria/misc","Teleostei","Osteichthyes"
"3324","fishbase",0.565,0.005,25,5153,"routine","none specified",2120,"Ambassis",NA,1,1,"demersal","Ambassis interrupta","Ambassidae","Ovalentaria/misc","Teleostei","Osteichthyes"
"3372","fishbase",0.066,0.00011,14,5475,"routine","none specified",2120,"Coregonus","Coregoninae",0,0,"benthopelagic","Coregonus fera","Salmonidae","Salmoniformes","Teleostei","Osteichthyes"
"3373","fishbase",0.07337,0.00011,14,5475,"routine","none specified",2120,"Coregonus","Coregoninae",0,0,"benthopelagic","Coregonus fera","Salmonidae","Salmoniformes","Teleostei","Osteichthyes"
"3405","fishbase",0.02175,3e-05,16,9200,"standard","none specified",2120,"Lipophrys","Salariinae",0,1,"demersal","Lipophrys pholis","Blenniidae","Blenniiformes","Teleostei","Osteichthyes"
"3406","fishbase",0.0366,6e-05,16,9200,"standard","none specified",2120,"Lipophrys","Salariinae",0,1,"demersal","Lipophrys pholis","Blenniidae","Blenniiformes","Teleostei","Osteichthyes"
"3407","fishbase",0.0432,6e-05,16,9200,"standard","none specified",2120,"Lipophrys","Salariinae",0,1,"demersal","Lipophrys pholis","Blenniidae","Blenniiformes","Teleostei","Osteichthyes"
"3408","fishbase",0.13536,0.00018,16,9200,"standard","none specified",2120,"Lipophrys","Salariinae",0,1,"demersal","Lipophrys pholis","Blenniidae","Blenniiformes","Teleostei","Osteichthyes"
"3409","fishbase",0.0864,2e-04,16,9200,"standard","none specified",2120,"Lipophrys","Salariinae",0,1,"demersal","Lipophrys pholis","Blenniidae","Blenniiformes","Teleostei","Osteichthyes"
"3410","fishbase",0.087,2e-04,16,9200,"standard","none specified",2120,"Lipophrys","Salariinae",0,1,"demersal","Lipophrys pholis","Blenniidae","Blenniiformes","Teleostei","Osteichthyes"
"3411","fishbase",0.0974,2e-04,16,9200,"standard","none specified",2120,"Lipophrys","Salariinae",0,1,"demersal","Lipophrys pholis","Blenniidae","Blenniiformes","Teleostei","Osteichthyes"
"3412","fishbase",0.129,2e-04,16,9200,"standard","none specified",2120,"Lipophrys","Salariinae",0,1,"demersal","Lipophrys pholis","Blenniidae","Blenniiformes","Teleostei","Osteichthyes"
"3413","fishbase",0.16786,0.00022,16,9200,"standard","none specified",2120,"Lipophrys","Salariinae",0,1,"demersal","Lipophrys pholis","Blenniidae","Blenniiformes","Teleostei","Osteichthyes"
"3414","fishbase",0.10488,0.00023,16,9200,"standard","none specified",2120,"Lipophrys","Salariinae",0,1,"demersal","Lipophrys pholis","Blenniidae","Blenniiformes","Teleostei","Osteichthyes"
"3415","fishbase",0.12374,0.00023,16,9200,"standard","none specified",2120,"Lipophrys","Salariinae",0,1,"demersal","Lipophrys pholis","Blenniidae","Blenniiformes","Teleostei","Osteichthyes"
"3416","fishbase",0.13823,0.00023,16,9200,"standard","none specified",2120,"Lipophrys","Salariinae",0,1,"demersal","Lipophrys pholis","Blenniidae","Blenniiformes","Teleostei","Osteichthyes"
"3417","fishbase",0.1633,0.00023,16,9200,"standard","none specified",2120,"Lipophrys","Salariinae",0,1,"demersal","Lipophrys pholis","Blenniidae","Blenniiformes","Teleostei","Osteichthyes"
"3418","fishbase",0.17273,0.00023,16,9200,"standard","none specified",2120,"Lipophrys","Salariinae",0,1,"demersal","Lipophrys pholis","Blenniidae","Blenniiformes","Teleostei","Osteichthyes"
"3419","fishbase",0.10344,0.00024,16,9200,"standard","none specified",2120,"Lipophrys","Salariinae",0,1,"demersal","Lipophrys pholis","Blenniidae","Blenniiformes","Teleostei","Osteichthyes"
"3420","fishbase",0.12725,0.00025,16,9200,"standard","none specified",2120,"Lipophrys","Salariinae",0,1,"demersal","Lipophrys pholis","Blenniidae","Blenniiformes","Teleostei","Osteichthyes"
"3421","fishbase",0.1161,0.00027,16,9200,"standard","none specified",2120,"Lipophrys","Salariinae",0,1,"demersal","Lipophrys pholis","Blenniidae","Blenniiformes","Teleostei","Osteichthyes"
"3422","fishbase",0.14499,0.00027,16,9200,"standard","none specified",2120,"Lipophrys","Salariinae",0,1,"demersal","Lipophrys pholis","Blenniidae","Blenniiformes","Teleostei","Osteichthyes"
"3423","fishbase",0.1204,0.00028,16,9200,"standard","none specified",2120,"Lipophrys","Salariinae",0,1,"demersal","Lipophrys pholis","Blenniidae","Blenniiformes","Teleostei","Osteichthyes"
"3424","fishbase",0.1351,0.00035,16,9200,"standard","none specified",2120,"Lipophrys","Salariinae",0,1,"demersal","Lipophrys pholis","Blenniidae","Blenniiformes","Teleostei","Osteichthyes"
"3425","fishbase",0.1045,0.00038,16,9200,"standard","none specified",2120,"Lipophrys","Salariinae",0,1,"demersal","Lipophrys pholis","Blenniidae","Blenniiformes","Teleostei","Osteichthyes"
"3426","fishbase",0.11058,0.00038,16,9200,"standard","none specified",2120,"Lipophrys","Salariinae",0,1,"demersal","Lipophrys pholis","Blenniidae","Blenniiformes","Teleostei","Osteichthyes"
"3427","fishbase",0.13325,0.00041,16,9200,"standard","none specified",2120,"Lipophrys","Salariinae",0,1,"demersal","Lipophrys pholis","Blenniidae","Blenniiformes","Teleostei","Osteichthyes"
"3428","fishbase",0.25193,0.00059,16,9200,"standard","none specified",2120,"Lipophrys","Salariinae",0,1,"demersal","Lipophrys pholis","Blenniidae","Blenniiformes","Teleostei","Osteichthyes"
"3429","fishbase",0.30051,0.00063,16,9200,"standard","none specified",2120,"Lipophrys","Salariinae",0,1,"demersal","Lipophrys pholis","Blenniidae","Blenniiformes","Teleostei","Osteichthyes"
"3430","fishbase",0.21318,0.00066,16,9200,"standard","none specified",2120,"Lipophrys","Salariinae",0,1,"demersal","Lipophrys pholis","Blenniidae","Blenniiformes","Teleostei","Osteichthyes"
"3431","fishbase",0.25212,0.00066,16,9200,"standard","none specified",2120,"Lipophrys","Salariinae",0,1,"demersal","Lipophrys pholis","Blenniidae","Blenniiformes","Teleostei","Osteichthyes"
"3432","fishbase",0.33264,0.00066,16,9200,"standard","none specified",2120,"Lipophrys","Salariinae",0,1,"demersal","Lipophrys pholis","Blenniidae","Blenniiformes","Teleostei","Osteichthyes"
"3433","fishbase",0.2982,7e-04,16,9200,"standard","none specified",2120,"Lipophrys","Salariinae",0,1,"demersal","Lipophrys pholis","Blenniidae","Blenniiformes","Teleostei","Osteichthyes"
"3434","fishbase",0.15914,0.00073,16,9200,"standard","none specified",2120,"Lipophrys","Salariinae",0,1,"demersal","Lipophrys pholis","Blenniidae","Blenniiformes","Teleostei","Osteichthyes"
"3435","fishbase",0.2379,0.00078,16,9200,"standard","none specified",2120,"Lipophrys","Salariinae",0,1,"demersal","Lipophrys pholis","Blenniidae","Blenniiformes","Teleostei","Osteichthyes"
"3436","fishbase",0.21567,0.00079,16,9200,"standard","none specified",2120,"Lipophrys","Salariinae",0,1,"demersal","Lipophrys pholis","Blenniidae","Blenniiformes","Teleostei","Osteichthyes"
"3437","fishbase",0.19926,0.00082,16,9200,"standard","none specified",2120,"Lipophrys","Salariinae",0,1,"demersal","Lipophrys pholis","Blenniidae","Blenniiformes","Teleostei","Osteichthyes"
"3438","fishbase",0.28365,0.00093,16,9200,"standard","none specified",2120,"Lipophrys","Salariinae",0,1,"demersal","Lipophrys pholis","Blenniidae","Blenniiformes","Teleostei","Osteichthyes"
"3439","fishbase",0.3348,0.00093,16,9200,"standard","none specified",2120,"Lipophrys","Salariinae",0,1,"demersal","Lipophrys pholis","Blenniidae","Blenniiformes","Teleostei","Osteichthyes"
"3440","fishbase",0.22442,0.00098,16,9200,"standard","none specified",2120,"Lipophrys","Salariinae",0,1,"demersal","Lipophrys pholis","Blenniidae","Blenniiformes","Teleostei","Osteichthyes"
"3441","fishbase",0.69,0.00138,16,9200,"standard","none specified",2120,"Lipophrys","Salariinae",0,1,"demersal","Lipophrys pholis","Blenniidae","Blenniiformes","Teleostei","Osteichthyes"
"3442","fishbase",0.44187,0.00143,17,9200,"routine","none specified",2120,"Lipophrys","Salariinae",0,1,"demersal","Lipophrys pholis","Blenniidae","Blenniiformes","Teleostei","Osteichthyes"
"3443","fishbase",0.25102,0.00154,16,9200,"standard","none specified",2120,"Lipophrys","Salariinae",0,1,"demersal","Lipophrys pholis","Blenniidae","Blenniiformes","Teleostei","Osteichthyes"
"3444","fishbase",0.496,0.00155,16,9200,"standard","none specified",2120,"Lipophrys","Salariinae",0,1,"demersal","Lipophrys pholis","Blenniidae","Blenniiformes","Teleostei","Osteichthyes"
"3445","fishbase",0.69285,0.00155,16,9200,"standard","none specified",2120,"Lipophrys","Salariinae",0,1,"demersal","Lipophrys pholis","Blenniidae","Blenniiformes","Teleostei","Osteichthyes"
"3446","fishbase",1.08035,0.00155,16,9200,"standard","none specified",2120,"Lipophrys","Salariinae",0,1,"demersal","Lipophrys pholis","Blenniidae","Blenniiformes","Teleostei","Osteichthyes"
"3447","fishbase",0.58812,0.00156,16,9200,"standard","none specified",2120,"Lipophrys","Salariinae",0,1,"demersal","Lipophrys pholis","Blenniidae","Blenniiformes","Teleostei","Osteichthyes"
"3448","fishbase",0.33415,0.00163,16,9200,"standard","none specified",2120,"Lipophrys","Salariinae",0,1,"demersal","Lipophrys pholis","Blenniidae","Blenniiformes","Teleostei","Osteichthyes"
"3449","fishbase",0.39283,0.00163,16,9200,"standard","none specified",2120,"Lipophrys","Salariinae",0,1,"demersal","Lipophrys pholis","Blenniidae","Blenniiformes","Teleostei","Osteichthyes"
"3450","fishbase",0.41565,0.00163,16,9200,"standard","none specified",2120,"Lipophrys","Salariinae",0,1,"demersal","Lipophrys pholis","Blenniidae","Blenniiformes","Teleostei","Osteichthyes"
"3451","fishbase",0.35119,0.00173,16,9200,"standard","none specified",2120,"Lipophrys","Salariinae",0,1,"demersal","Lipophrys pholis","Blenniidae","Blenniiformes","Teleostei","Osteichthyes"
"3452","fishbase",0.52419,0.00173,16,9200,"standard","none specified",2120,"Lipophrys","Salariinae",0,1,"demersal","Lipophrys pholis","Blenniidae","Blenniiformes","Teleostei","Osteichthyes"
"3453","fishbase",0.69212,0.00242,16,9200,"standard","none specified",2120,"Lipophrys","Salariinae",0,1,"demersal","Lipophrys pholis","Blenniidae","Blenniiformes","Teleostei","Osteichthyes"
"3454","fishbase",0.65311,0.00271,16,9200,"standard","none specified",2120,"Lipophrys","Salariinae",0,1,"demersal","Lipophrys pholis","Blenniidae","Blenniiformes","Teleostei","Osteichthyes"
"3455","fishbase",0.6106,0.00284,16,9200,"standard","none specified",2120,"Lipophrys","Salariinae",0,1,"demersal","Lipophrys pholis","Blenniidae","Blenniiformes","Teleostei","Osteichthyes"
"3456","fishbase",0.66172,0.00284,16,9200,"standard","none specified",2120,"Lipophrys","Salariinae",0,1,"demersal","Lipophrys pholis","Blenniidae","Blenniiformes","Teleostei","Osteichthyes"
"3457","fishbase",0.65448,0.00303,16,9200,"standard","none specified",2120,"Lipophrys","Salariinae",0,1,"demersal","Lipophrys pholis","Blenniidae","Blenniiformes","Teleostei","Osteichthyes"
"3458","fishbase",0.69084,0.00303,16,9200,"standard","none specified",2120,"Lipophrys","Salariinae",0,1,"demersal","Lipophrys pholis","Blenniidae","Blenniiformes","Teleostei","Osteichthyes"
"3459","fishbase",0.5508,0.00306,16,9200,"standard","none specified",2120,"Lipophrys","Salariinae",0,1,"demersal","Lipophrys pholis","Blenniidae","Blenniiformes","Teleostei","Osteichthyes"
"3460","fishbase",0.87472,0.00308,16,9200,"standard","none specified",2120,"Lipophrys","Salariinae",0,1,"demersal","Lipophrys pholis","Blenniidae","Blenniiformes","Teleostei","Osteichthyes"
"3461","fishbase",1.11222,0.00334,16,9200,"standard","none specified",2120,"Lipophrys","Salariinae",0,1,"demersal","Lipophrys pholis","Blenniidae","Blenniiformes","Teleostei","Osteichthyes"
"3462","fishbase",0.80752,0.00392,16,9200,"standard","none specified",2120,"Lipophrys","Salariinae",0,1,"demersal","Lipophrys pholis","Blenniidae","Blenniiformes","Teleostei","Osteichthyes"
"3463","fishbase",1.207,0.00425,16,9200,"standard","none specified",2120,"Lipophrys","Salariinae",0,1,"demersal","Lipophrys pholis","Blenniidae","Blenniiformes","Teleostei","Osteichthyes"
"3464","fishbase",1.0776,0.00449,16,9200,"standard","none specified",2120,"Lipophrys","Salariinae",0,1,"demersal","Lipophrys pholis","Blenniidae","Blenniiformes","Teleostei","Osteichthyes"
"3465","fishbase",0.65351,0.00457,16,9200,"standard","none specified",2120,"Lipophrys","Salariinae",0,1,"demersal","Lipophrys pholis","Blenniidae","Blenniiformes","Teleostei","Osteichthyes"
"3466","fishbase",1.07825,0.00475,16,9200,"standard","none specified",2120,"Lipophrys","Salariinae",0,1,"demersal","Lipophrys pholis","Blenniidae","Blenniiformes","Teleostei","Osteichthyes"
"3467","fishbase",1.2065,0.00475,16,9200,"standard","none specified",2120,"Lipophrys","Salariinae",0,1,"demersal","Lipophrys pholis","Blenniidae","Blenniiformes","Teleostei","Osteichthyes"
"3468","fishbase",0.8192,0.00512,16,9200,"standard","none specified",2120,"Lipophrys","Salariinae",0,1,"demersal","Lipophrys pholis","Blenniidae","Blenniiformes","Teleostei","Osteichthyes"
"3469","fishbase",1.14257,0.00517,17,9200,"routine","none specified",2120,"Lipophrys","Salariinae",0,1,"demersal","Lipophrys pholis","Blenniidae","Blenniiformes","Teleostei","Osteichthyes"
"3470","fishbase",1.58769,0.00531,16,9200,"standard","none specified",2120,"Lipophrys","Salariinae",0,1,"demersal","Lipophrys pholis","Blenniidae","Blenniiformes","Teleostei","Osteichthyes"
"3471","fishbase",1.02284,0.00562,16,9200,"standard","none specified",2120,"Lipophrys","Salariinae",0,1,"demersal","Lipophrys pholis","Blenniidae","Blenniiformes","Teleostei","Osteichthyes"
"3472","fishbase",0.72898,0.00574,16,9200,"standard","none specified",2120,"Lipophrys","Salariinae",0,1,"demersal","Lipophrys pholis","Blenniidae","Blenniiformes","Teleostei","Osteichthyes"
"3473","fishbase",1.40985,0.00585,16,9200,"standard","none specified",2120,"Lipophrys","Salariinae",0,1,"demersal","Lipophrys pholis","Blenniidae","Blenniiformes","Teleostei","Osteichthyes"
"3474","fishbase",0.8211,0.00595,16,9200,"standard","none specified",2120,"Lipophrys","Salariinae",0,1,"demersal","Lipophrys pholis","Blenniidae","Blenniiformes","Teleostei","Osteichthyes"
"3475","fishbase",1.428,0.00595,16,9200,"standard","none specified",2120,"Lipophrys","Salariinae",0,1,"demersal","Lipophrys pholis","Blenniidae","Blenniiformes","Teleostei","Osteichthyes"
"3476","fishbase",0.69312,0.00608,16,9200,"standard","none specified",2120,"Lipophrys","Salariinae",0,1,"demersal","Lipophrys pholis","Blenniidae","Blenniiformes","Teleostei","Osteichthyes"
"3477","fishbase",1.01898,0.00629,16,9200,"standard","none specified",2120,"Lipophrys","Salariinae",0,1,"demersal","Lipophrys pholis","Blenniidae","Blenniiformes","Teleostei","Osteichthyes"
"3478","fishbase",1.13849,0.00629,16,9200,"standard","none specified",2120,"Lipophrys","Salariinae",0,1,"demersal","Lipophrys pholis","Blenniidae","Blenniiformes","Teleostei","Osteichthyes"
"3479","fishbase",1.20768,0.00629,16,9200,"standard","none specified",2120,"Lipophrys","Salariinae",0,1,"demersal","Lipophrys pholis","Blenniidae","Blenniiformes","Teleostei","Osteichthyes"
"3480","fishbase",1.34606,0.00629,16,9200,"standard","none specified",2120,"Lipophrys","Salariinae",0,1,"demersal","Lipophrys pholis","Blenniidae","Blenniiformes","Teleostei","Osteichthyes"
"3481","fishbase",1.50331,0.00629,16,9200,"standard","none specified",2120,"Lipophrys","Salariinae",0,1,"demersal","Lipophrys pholis","Blenniidae","Blenniiformes","Teleostei","Osteichthyes"
"3482","fishbase",1.41026,0.00659,16,9200,"standard","none specified",2120,"Lipophrys","Salariinae",0,1,"demersal","Lipophrys pholis","Blenniidae","Blenniiformes","Teleostei","Osteichthyes"
"3483","fishbase",2.1014,0.00665,16,9200,"standard","none specified",2120,"Lipophrys","Salariinae",0,1,"demersal","Lipophrys pholis","Blenniidae","Blenniiformes","Teleostei","Osteichthyes"
"3484","fishbase",1.79046,0.00686,16,9200,"standard","none specified",2120,"Lipophrys","Salariinae",0,1,"demersal","Lipophrys pholis","Blenniidae","Blenniiformes","Teleostei","Osteichthyes"
"3485","fishbase",0.91694,0.00722,16,9200,"standard","none specified",2120,"Lipophrys","Salariinae",0,1,"demersal","Lipophrys pholis","Blenniidae","Blenniiformes","Teleostei","Osteichthyes"
"3486","fishbase",1.083,0.00722,16,9200,"standard","none specified",2120,"Lipophrys","Salariinae",0,1,"demersal","Lipophrys pholis","Blenniidae","Blenniiformes","Teleostei","Osteichthyes"
"3487","fishbase",1.10856,0.00744,16,9200,"standard","none specified",2120,"Lipophrys","Salariinae",0,1,"demersal","Lipophrys pholis","Blenniidae","Blenniiformes","Teleostei","Osteichthyes"
"3488","fishbase",0.97028,0.00764,16,9200,"standard","none specified",2120,"Lipophrys","Salariinae",0,1,"demersal","Lipophrys pholis","Blenniidae","Blenniiformes","Teleostei","Osteichthyes"
"3489","fishbase",1.146,0.00764,16,9200,"standard","none specified",2120,"Lipophrys","Salariinae",0,1,"demersal","Lipophrys pholis","Blenniidae","Blenniiformes","Teleostei","Osteichthyes"
"3490","fishbase",1.77862,0.00787,16,9200,"standard","none specified",2120,"Lipophrys","Salariinae",0,1,"demersal","Lipophrys pholis","Blenniidae","Blenniiformes","Teleostei","Osteichthyes"
"3491","fishbase",1.42272,0.00832,16,9200,"standard","none specified",2120,"Lipophrys","Salariinae",0,1,"demersal","Lipophrys pholis","Blenniidae","Blenniiformes","Teleostei","Osteichthyes"
"3492","fishbase",2.975,0.0085,18.5,9200,"routine","none specified",2093,"Lipophrys","Salariinae",0,1,"demersal","Lipophrys pholis","Blenniidae","Blenniiformes","Teleostei","Osteichthyes"
"3493","fishbase",1.59201,0.00931,16,9200,"standard","none specified",2120,"Lipophrys","Salariinae",0,1,"demersal","Lipophrys pholis","Blenniidae","Blenniiformes","Teleostei","Osteichthyes"
"3494","fishbase",1.2864,0.0096,16,9200,"standard","none specified",2120,"Lipophrys","Salariinae",0,1,"demersal","Lipophrys pholis","Blenniidae","Blenniiformes","Teleostei","Osteichthyes"
"3495","fishbase",2.41188,0.01212,17,9200,"routine","none specified",2120,"Lipophrys","Salariinae",0,1,"demersal","Lipophrys pholis","Blenniidae","Blenniiformes","Teleostei","Osteichthyes"
"3496","fishbase",1.9803,0.0123,16,9200,"standard","none specified",2120,"Lipophrys","Salariinae",0,1,"demersal","Lipophrys pholis","Blenniidae","Blenniiformes","Teleostei","Osteichthyes"
"3497","fishbase",1.872,0.013,16,9200,"standard","none specified",2120,"Lipophrys","Salariinae",0,1,"demersal","Lipophrys pholis","Blenniidae","Blenniiformes","Teleostei","Osteichthyes"
"3498","fishbase",2.093,0.013,16,9200,"standard","none specified",2120,"Lipophrys","Salariinae",0,1,"demersal","Lipophrys pholis","Blenniidae","Blenniiformes","Teleostei","Osteichthyes"
"3499","fishbase",4.536,0.0135,18.5,9200,"routine","none specified",2093,"Lipophrys","Salariinae",0,1,"demersal","Lipophrys pholis","Blenniidae","Blenniiformes","Teleostei","Osteichthyes"
"3500","fishbase",1.3585,0.0143,16,9200,"standard","none specified",2120,"Lipophrys","Salariinae",0,1,"demersal","Lipophrys pholis","Blenniidae","Blenniiformes","Teleostei","Osteichthyes"
"3501","fishbase",4.8345,0.0165,18.5,9200,"routine","none specified",2093,"Lipophrys","Salariinae",0,1,"demersal","Lipophrys pholis","Blenniidae","Blenniiformes","Teleostei","Osteichthyes"
"3502","fishbase",2.8884,0.0166,16,9200,"standard","none specified",2120,"Lipophrys","Salariinae",0,1,"demersal","Lipophrys pholis","Blenniidae","Blenniiformes","Teleostei","Osteichthyes"
"3503","fishbase",2.5619,0.0187,16,9200,"standard","none specified",2120,"Lipophrys","Salariinae",0,1,"demersal","Lipophrys pholis","Blenniidae","Blenniiformes","Teleostei","Osteichthyes"
"3504","fishbase",2.8798,0.0187,16,9200,"standard","none specified",2120,"Lipophrys","Salariinae",0,1,"demersal","Lipophrys pholis","Blenniidae","Blenniiformes","Teleostei","Osteichthyes"
"3505","fishbase",2.94,0.02,17,9200,"routine","none specified",2120,"Lipophrys","Salariinae",0,1,"demersal","Lipophrys pholis","Blenniidae","Blenniiformes","Teleostei","Osteichthyes"
"3506","fishbase",1.80588,0.0202,16,9200,"standard","none specified",2120,"Lipophrys","Salariinae",0,1,"demersal","Lipophrys pholis","Blenniidae","Blenniiformes","Teleostei","Osteichthyes"
"3507","fishbase",2.7744,0.0204,16,9200,"standard","none specified",2120,"Lipophrys","Salariinae",0,1,"demersal","Lipophrys pholis","Blenniidae","Blenniiformes","Teleostei","Osteichthyes"
"3508","fishbase",2.9376,0.0216,16,9200,"standard","none specified",2120,"Lipophrys","Salariinae",0,1,"demersal","Lipophrys pholis","Blenniidae","Blenniiformes","Teleostei","Osteichthyes"
"3509","fishbase",3.6162,0.02205,17,9200,"routine","none specified",2120,"Lipophrys","Salariinae",0,1,"demersal","Lipophrys pholis","Blenniidae","Blenniiformes","Teleostei","Osteichthyes"
"3510","fishbase",2.25548,0.0226,16,9200,"standard","none specified",2120,"Lipophrys","Salariinae",0,1,"demersal","Lipophrys pholis","Blenniidae","Blenniiformes","Teleostei","Osteichthyes"
"3511","fishbase",2.7588,0.0228,16,9200,"standard","none specified",2120,"Lipophrys","Salariinae",0,1,"demersal","Lipophrys pholis","Blenniidae","Blenniiformes","Teleostei","Osteichthyes"
"3512","fishbase",3.7577,0.03545,17,9200,"routine","none specified",2120,"Lipophrys","Salariinae",0,1,"demersal","Lipophrys pholis","Blenniidae","Blenniiformes","Teleostei","Osteichthyes"
"3513","fishbase",10.982,0.038,18.5,9200,"routine","none specified",2093,"Lipophrys","Salariinae",0,1,"demersal","Lipophrys pholis","Blenniidae","Blenniiformes","Teleostei","Osteichthyes"
"3517","fishbase",1.39261,0.047,0,58010,"standard","none specified",85173,"Notothenia","Nototheniinae",0,1,"benthopelagic","Notothenia neglecta","Nototheniidae","Perciformes/Notothenioidei","Teleostei","Osteichthyes"
"3518","fishbase",4.82596,0.047,0.6,58010,"standard","none specified",85173,"Notothenia","Nototheniinae",0,1,"benthopelagic","Notothenia neglecta","Nototheniidae","Perciformes/Notothenioidei","Teleostei","Osteichthyes"
"3528","clarke",0.203902212541935,0.0019,11,43,"standard","NA",NA,"Arnoglossus",NA,0,1,"demersal","Arnoglossus thori","Bothidae","Pleuronectiformes","Teleostei","Osteichthyes"
"3529","clarke",0.18631118395576,0.0011,19,43,"standard","NA",NA,"Arnoglossus",NA,0,1,"demersal","Arnoglossus thori","Bothidae","Pleuronectiformes","Teleostei","Osteichthyes"
"3531","clarke",4.88440561636866,0.16645,10,4818,"standard","NA",NA,"Labeobarbus","Torinae",0,0,"benthopelagic","Labeobarbus aeneus","Cyprinidae","Cypriniformes","Teleostei","Osteichthyes"
"3532","clarke",7.88912971000922,0.16645,15,4818,"standard","NA",NA,"Labeobarbus","Torinae",0,0,"benthopelagic","Labeobarbus aeneus","Cyprinidae","Cypriniformes","Teleostei","Osteichthyes"
"3533","clarke",9.85909079447005,0.16645,20,4818,"standard","NA",NA,"Labeobarbus","Torinae",0,0,"benthopelagic","Labeobarbus aeneus","Cyprinidae","Cypriniformes","Teleostei","Osteichthyes"
"3534","clarke",19.4645124869309,0.16645,25,4818,"standard","NA",NA,"Labeobarbus","Torinae",0,0,"benthopelagic","Labeobarbus aeneus","Cyprinidae","Cypriniformes","Teleostei","Osteichthyes"
"3536","clarke",0.0864804435760369,0.0014,11,53,"standard","NA",NA,"Buglossidium",NA,0,1,"demersal","Buglossidium luteum","Soleidae","Pleuronectiformes","Teleostei","Osteichthyes"
"3537","clarke",0.186664836276498,0.00108,19,53,"standard","NA",NA,"Buglossidium",NA,0,1,"demersal","Buglossidium luteum","Soleidae","Pleuronectiformes","Teleostei","Osteichthyes"
"3538","clarke",55.5683940099539,0.196,20,271,"standard","NA",NA,"Carassius","Cyprininae",1,0,"benthopelagic","Carassius auratus","Cyprinidae","Cypriniformes","Teleostei","Osteichthyes"
"3539","clarke",23.601195233917,0.201,35,271,"standard","NA",NA,"Carassius","Cyprininae",1,0,"benthopelagic","Carassius auratus","Cyprinidae","Cypriniformes","Teleostei","Osteichthyes"
"3540","clarke",16.1348788627465,0.161,30,2965,"standard","NA",NA,"Catostomus","Catostominae",1,0,"demersal","Catostomus commersonii","Catostomidae","Cypriniformes","Teleostei","Osteichthyes"
"3541","clarke",36.8845136693088,1.363,1,473,"standard","NA",NA,"Chaenocephalus",NA,0,1,"demersal","Chaenocephalus aceratus","Channichthyidae","Perciformes/Notothenioidei","Teleostei","Osteichthyes"
"3542","clarke",8.93203910576958,0.1015,21.5,66743,"standard","NA",NA,"Cirrhinus","Labeoninae",0,0,"demersal","Cirrhinus mrigala","Cyprinidae","Cypriniformes","Teleostei","Osteichthyes"
"3543","clarke",15.2204452450507,0.1015,30.5,66743,"standard","NA",NA,"Cirrhinus","Labeoninae",0,0,"demersal","Cirrhinus mrigala","Cyprinidae","Cypriniformes","Teleostei","Osteichthyes"
"3544","clarke",86.3252342975115,1.04329,25,263,"standard","NA",NA,"Colossoma","Colossomatinae",0,0,"benthopelagic","Colossoma macropomum","Serrasalmidae","Characiformes","Teleostei","Osteichthyes"
"3545","clarke",127.914525124424,0.987675,30,263,"standard","NA",NA,"Colossoma","Colossomatinae",0,0,"benthopelagic","Colossoma macropomum","Serrasalmidae","Characiformes","Teleostei","Osteichthyes"
"3546","clarke",140.175031626912,1.08775,35,263,"standard","NA",NA,"Colossoma","Colossomatinae",0,0,"benthopelagic","Colossoma macropomum","Serrasalmidae","Characiformes","Teleostei","Osteichthyes"
"3548","clarke",21.4642661229124,0.2275,30,1450,"standard","NA",NA,"Cyprinus","Cyprininae",1,0,"benthopelagic","Cyprinus carpio","Cyprinidae","Cypriniformes","Teleostei","Osteichthyes"
"3549","clarke",22.6603619515576,0.225,35,1450,"standard","NA",NA,"Cyprinus","Cyprininae",1,0,"benthopelagic","Cyprinus carpio","Cyprinidae","Cypriniformes","Teleostei","Osteichthyes"
"3550","clarke",62.3178168154839,0.7245,25.1,1450,"standard","NA",NA,"Cyprinus","Cyprininae",1,0,"benthopelagic","Cyprinus carpio","Cyprinidae","Cypriniformes","Teleostei","Osteichthyes"
"3552","clarke",11.7897758537143,0.15,7,315,"standard","NA",NA,"Eleginus",NA,1,1,"demersal","Eleginus gracilis","Gadidae","Gadiformes","Teleostei","Osteichthyes"
"3553","clarke",16.565965610765,0.15,12,315,"standard","NA",NA,"Eleginus",NA,1,1,"demersal","Eleginus gracilis","Gadidae","Gadiformes","Teleostei","Osteichthyes"
"3554","clarke",60.1632261987097,1.2085,6.5,308,"standard","NA",NA,"Gadus",NA,1,1,"demersal","Gadus macrocephalus","Gadidae","Gadiformes","Teleostei","Osteichthyes"
"3555","clarke",82.0147558960369,1.55,3,69,"standard","NA",NA,"Gadus",NA,1,1,"benthopelagic","Gadus morhua","Gadidae","Gadiformes","Teleostei","Osteichthyes"
"3556","clarke",156.673344150415,1.6745,10,69,"standard","NA",NA,"Gadus",NA,1,1,"benthopelagic","Gadus morhua","Gadidae","Gadiformes","Teleostei","Osteichthyes"
"3557","clarke",1.29573213478341,0.000606,28,3215,"standard","NA",NA,"Gambusia","Poeciliinae",1,0,"benthopelagic","Gambusia affinis","Poeciliidae","Cyprinodontiformes","Teleostei","Osteichthyes"
"3561","clarke",8.43782371598157,0.515,3,4239,"standard","NA",NA,"Hippoglossoides","Pleuronectinae",0,1,"demersal","Hippoglossoides platessoides","Pleuronectidae","Pleuronectiformes","Teleostei","Osteichthyes"
"3564","clarke",3.87555329563134,0.115,10,3022,"standard","NA",NA,"Ameiurus",NA,0,0,"demersal","Ameiurus nebulosus","Ictaluridae","Siluriformes","Teleostei","Osteichthyes"
"3565","clarke",1.88498288312627,0.005045,10,695,"standard","NA",NA,"Limanda","Pleuronectinae",0,1,"demersal","Limanda limanda","Pleuronectidae","Pleuronectiformes","Teleostei","Osteichthyes"
"3566","clarke",1.65971720352442,0.01255,18,5115,"standard","NA",NA,"Chelon",NA,1,1,"demersal","Chelon dumerili","Mugilidae","Mugiliformes","Teleostei","Osteichthyes"
"3567","clarke",4.36125166009217,0.04235,18,5115,"standard","NA",NA,"Chelon",NA,1,1,"demersal","Chelon dumerili","Mugilidae","Mugiliformes","Teleostei","Osteichthyes"
"3568","clarke",4.44320900925346,0.02105,23,5115,"standard","NA",NA,"Chelon",NA,1,1,"demersal","Chelon dumerili","Mugilidae","Mugiliformes","Teleostei","Osteichthyes"
"3569","clarke",17.0440497675207,0.10825,23,5115,"standard","NA",NA,"Chelon",NA,1,1,"demersal","Chelon dumerili","Mugilidae","Mugiliformes","Teleostei","Osteichthyes"
"3570","clarke",2.93548832825806,0.0195,18,5146,"standard","NA",NA,"Chelon",NA,1,1,"demersal","Chelon richardsonii","Mugilidae","Mugiliformes","Teleostei","Osteichthyes"
"3571","clarke",5.74783273526267,0.0294,23,5146,"standard","NA",NA,"Chelon",NA,1,1,"demersal","Chelon richardsonii","Mugilidae","Mugiliformes","Teleostei","Osteichthyes"
"3574","clarke",2.05477299565714,0.01175,18,785,"standard","NA",NA,"Mugil",NA,1,1,"benthopelagic","Mugil cephalus","Mugilidae","Mugiliformes","Teleostei","Osteichthyes"
"3575","clarke",2.75782032398157,0.02465,18,785,"standard","NA",NA,"Mugil",NA,1,1,"benthopelagic","Mugil cephalus","Mugilidae","Mugiliformes","Teleostei","Osteichthyes"
"3576","clarke",10.2949951242028,0.05645,23,785,"standard","NA",NA,"Mugil",NA,1,1,"benthopelagic","Mugil cephalus","Mugilidae","Mugiliformes","Teleostei","Osteichthyes"
"3579","clarke",14.6637312964424,0.92545,0,58010,"standard","NA",NA,"Notothenia","Nototheniinae",0,1,"benthopelagic","Notothenia neglecta","Nototheniidae","Perciformes/Notothenioidei","Teleostei","Osteichthyes"
"3580","clarke",53.8364828637788,1.015,0.6,58010,"standard","NA",NA,"Notothenia","Nototheniinae",0,1,"benthopelagic","Notothenia neglecta","Nototheniidae","Perciformes/Notothenioidei","Teleostei","Osteichthyes"
"3582","clarke",23.3616201776959,0.6,0.6,468,"standard","NA",NA,"Notothenia","Nototheniinae",0,1,"demersal","Notothenia rossii","Nototheniidae","Perciformes/Notothenioidei","Teleostei","Osteichthyes"
"3583","clarke",13.9125112337696,0.35471,3,468,"standard","NA",NA,"Notothenia","Nototheniinae",0,1,"demersal","Notothenia rossii","Nototheniidae","Perciformes/Notothenioidei","Teleostei","Osteichthyes"
"3584","clarke",3.78162835730876,0.005515,37,2033,"standard","NA",NA,"Oreochromis","Pseudocrenilabrinae",0,0,"benthopelagic","Oreochromis grahami","Cichlidae","Cichliformes","Teleostei","Osteichthyes"
"3585","clarke",39.990268083318,0.8691,25,2,"standard","NA",NA,"Oreochromis","Pseudocrenilabrinae",1,0,"benthopelagic","Oreochromis niloticus","Cichlidae","Cichliformes","Teleostei","Osteichthyes"
"3586","clarke",31.5633741212903,1.0025,5,243,"standard","NA",NA,"Oncorhynchus","Salmoninae",1,1,"pelagic","Oncorhynchus nerka","Salmonidae","Salmoniformes","Teleostei","Osteichthyes"
"3587","clarke",54.144930837235,1.0025,15,243,"standard","NA",NA,"Oncorhynchus","Salmoninae",1,1,"pelagic","Oncorhynchus nerka","Salmonidae","Salmoniformes","Teleostei","Osteichthyes"
"3588","clarke",82.8346755981567,1.0005,20,243,"standard","NA",NA,"Oncorhynchus","Salmoninae",1,1,"pelagic","Oncorhynchus nerka","Salmonidae","Salmoniformes","Teleostei","Osteichthyes"
"3590","clarke",7.28630488036866,0.2105,6,1341,"standard","NA",NA,"Platichthys","Pleuronectinae",1,1,"demersal","Platichthys flesus","Pleuronectidae","Pleuronectiformes","Teleostei","Osteichthyes"
"3591","clarke",13.0149140217512,0.2065,10,1341,"standard","NA",NA,"Platichthys","Pleuronectinae",1,1,"demersal","Platichthys flesus","Pleuronectidae","Pleuronectiformes","Teleostei","Osteichthyes"
"3592","clarke",13.6398053848479,0.164,14,1341,"standard","NA",NA,"Platichthys","Pleuronectinae",1,1,"demersal","Platichthys flesus","Pleuronectidae","Pleuronectiformes","Teleostei","Osteichthyes"
"3593","clarke",11.2002140080369,0.2825,15,1341,"standard","NA",NA,"Platichthys","Pleuronectinae",1,1,"demersal","Platichthys flesus","Pleuronectidae","Pleuronectiformes","Teleostei","Osteichthyes"
"3594","clarke",12.6685652244055,0.1065,18,1341,"standard","NA",NA,"Platichthys","Pleuronectinae",1,1,"demersal","Platichthys flesus","Pleuronectidae","Pleuronectiformes","Teleostei","Osteichthyes"
"3595","clarke",13.5480798136037,0.107,22,1341,"standard","NA",NA,"Platichthys","Pleuronectinae",1,1,"demersal","Platichthys flesus","Pleuronectidae","Pleuronectiformes","Teleostei","Osteichthyes"
"3596","clarke",3.23408620269124,0.1235,2,1342,"standard","NA",NA,"Pleuronectes","Pleuronectinae",1,1,"demersal","Pleuronectes platessa","Pleuronectidae","Pleuronectiformes","Teleostei","Osteichthyes"
"3597","clarke",5.59465263306912,0.1565,6,1342,"standard","NA",NA,"Pleuronectes","Pleuronectinae",1,1,"demersal","Pleuronectes platessa","Pleuronectidae","Pleuronectiformes","Teleostei","Osteichthyes"
"3598","clarke",0.979313615601843,0.005025,10,1342,"standard","NA",NA,"Pleuronectes","Pleuronectinae",1,1,"demersal","Pleuronectes platessa","Pleuronectidae","Pleuronectiformes","Teleostei","Osteichthyes"
"3599","clarke",10.358852305106,0.164,14,1342,"standard","NA",NA,"Pleuronectes","Pleuronectinae",1,1,"demersal","Pleuronectes platessa","Pleuronectidae","Pleuronectiformes","Teleostei","Osteichthyes"
"3600","clarke",8.38229733721659,0.104,18,1342,"standard","NA",NA,"Pleuronectes","Pleuronectinae",1,1,"demersal","Pleuronectes platessa","Pleuronectidae","Pleuronectiformes","Teleostei","Osteichthyes"
"3601","clarke",11.3119554094009,0.0975,22,1342,"standard","NA",NA,"Pleuronectes","Pleuronectinae",1,1,"demersal","Pleuronectes platessa","Pleuronectidae","Pleuronectiformes","Teleostei","Osteichthyes"
"3604","clarke",55.7149671107834,0.67286,11,239,"standard","NA",NA,"Oncorhynchus","Salmoninae",1,1,"benthopelagic","Oncorhynchus mykiss","Salmonidae","Salmoniformes","Teleostei","Osteichthyes"
"3608","clarke",3.45507918304147,0.08,16,3,"standard","NA",NA,"Oreochromis","Pseudocrenilabrinae",1,0,"benthopelagic","Oreochromis mossambicus","Cichlidae","Cichliformes","Teleostei","Osteichthyes"
"3609","clarke",4.39683329563134,0.08,19,3,"standard","NA",NA,"Oreochromis","Pseudocrenilabrinae",1,0,"benthopelagic","Oreochromis mossambicus","Cichlidae","Cichliformes","Teleostei","Osteichthyes"
"3610","clarke",6.66217078473733,0.08,22,3,"standard","NA",NA,"Oreochromis","Pseudocrenilabrinae",1,0,"benthopelagic","Oreochromis mossambicus","Cichlidae","Cichliformes","Teleostei","Osteichthyes"
"3611","clarke",9.15779206517972,0.08,25,3,"standard","NA",NA,"Oreochromis","Pseudocrenilabrinae",1,0,"benthopelagic","Oreochromis mossambicus","Cichlidae","Cichliformes","Teleostei","Osteichthyes"
"3612","clarke",11.0209209962765,0.08,28,3,"standard","NA",NA,"Oreochromis","Pseudocrenilabrinae",1,0,"benthopelagic","Oreochromis mossambicus","Cichlidae","Cichliformes","Teleostei","Osteichthyes"
"3613","clarke",16.038626372129,0.08,32,3,"standard","NA",NA,"Oreochromis","Pseudocrenilabrinae",1,0,"benthopelagic","Oreochromis mossambicus","Cichlidae","Cichliformes","Teleostei","Osteichthyes"
"3614","clarke",16.827081147871,0.08,34,3,"standard","NA",NA,"Oreochromis","Pseudocrenilabrinae",1,0,"benthopelagic","Oreochromis mossambicus","Cichlidae","Cichliformes","Teleostei","Osteichthyes"
"3615","clarke",19.2053112632627,0.08,37,3,"standard","NA",NA,"Oreochromis","Pseudocrenilabrinae",1,0,"benthopelagic","Oreochromis mossambicus","Cichlidae","Cichliformes","Teleostei","Osteichthyes"
"3617","clarke",17.9401765338249,0.0425,30,3,"standard","NA",NA,"Oreochromis","Pseudocrenilabrinae",1,0,"benthopelagic","Oreochromis mossambicus","Cichlidae","Cichliformes","Teleostei","Osteichthyes"
"3618","clarke",26.1913770647005,0.0425,35,3,"standard","NA",NA,"Oreochromis","Pseudocrenilabrinae",1,0,"benthopelagic","Oreochromis mossambicus","Cichlidae","Cichliformes","Teleostei","Osteichthyes"
"3619","clarke",24.9943609367005,0.0425,40,3,"standard","NA",NA,"Oreochromis","Pseudocrenilabrinae",1,0,"benthopelagic","Oreochromis mossambicus","Cichlidae","Cichliformes","Teleostei","Osteichthyes"
"3620","clarke",27.4686574363134,0.092,25,2,"standard","NA",NA,"Oreochromis","Pseudocrenilabrinae",1,0,"benthopelagic","Oreochromis niloticus","Cichlidae","Cichliformes","Teleostei","Osteichthyes"
"3629","ikeda",0.7269864,0.017368,7,2308,"routine","NA",NA,"Anoplogaster",NA,0,1,"pelagic","Anoplogaster cornuta","Anoplogastridae","Trachichthyiformes","Teleostei","Osteichthyes"
"3630","ikeda",27.623652,0.302,20,1592,"routine","NA",NA,"Brevoortia",NA,1,1,"pelagic","Brevoortia tyrannus","Alosidae","Clupeiformes","Teleostei","Osteichthyes"
"3631","ikeda",1.055556,0.0104,16,64907,"routine","NA",NA,"Engraulis","Engraulinae",0,1,"pelagic","Engraulis capensis","Engraulidae","Clupeiformes","Teleostei","Osteichthyes"
"3632","ikeda",2.418492,0.007424,15,4,"routine","NA",NA,"Engraulis","Engraulinae",0,1,"pelagic","Engraulis ringens","Engraulidae","Clupeiformes","Teleostei","Osteichthyes"
"3633","ikeda",5.063268,0.0126,15,4,"routine","NA",NA,"Engraulis","Engraulinae",0,1,"pelagic","Engraulis ringens","Engraulidae","Clupeiformes","Teleostei","Osteichthyes"
"3650","ikeda",0.1156272,0.000266,28,4806,"routine","NA",NA,"Ambassis",NA,1,1,"demersal","Ambassis gymnocephalus","Ambassidae","Ovalentaria/misc","Teleostei","Osteichthyes"
"3651","ikeda",0.1585296,0.000355,29,4806,"routine","NA",NA,"Ambassis",NA,1,1,"demersal","Ambassis gymnocephalus","Ambassidae","Ovalentaria/misc","Teleostei","Osteichthyes"
"3656","ikeda",0.00491808,8.65e-06,16,23,"routine","NA",NA,"Callionymus",NA,0,1,"demersal","Callionymus lyra","Callionymidae","Callionymiformes","Teleostei","Osteichthyes"
"3667","ikeda",0.25506,0.000292,29,1424,"routine","NA",NA,"Lutjanus","Lutjaninae",0,1,"benthopelagic","Lutjanus carponotatus","Lutjanidae","Eupercaria/misc","Teleostei","Osteichthyes"
"3674","ikeda",19.96662,0.0973,24,117,"routine","NA",NA,"Scomber","Scombrinae",0,1,"pelagic","Scomber japonicus","Scombridae","Scombriformes","Teleostei","Osteichthyes"
"3681","ikeda",2913.57,10.076,17,142,"routine","NA",NA,"Thunnus","Scombrinae",0,1,"pelagic","Thunnus alalunga","Scombridae","Scombriformes","Teleostei","Osteichthyes"
"3682","ikeda",975.13362,1.1,25,143,"routine","NA",NA,"Thunnus","Scombrinae",1,1,"pelagic","Thunnus albacares","Scombridae","Scombriformes","Teleostei","Osteichthyes"
"3683","ikeda",1401.372888,2.17,25,143,"routine","NA",NA,"Thunnus","Scombrinae",1,1,"pelagic","Thunnus albacares","Scombridae","Scombriformes","Teleostei","Osteichthyes"
"3688","ikeda",0.0718092,0.0018,5.7,4010,"routine","NA",NA,"Sebastolobus","Sebastolobinae",0,1,"demersal","Sebastolobus altivelis","Sebastidae","Perciformes/Scorpaenoidei","Teleostei","Osteichthyes"
"3705","killen",0.19,0.00072,25,4813,"standard","NA",NA,"Aphaniops",NA,1,1,"benthopelagic","Aphaniops dispar","Aphaniidae","Cyprinodontiformes","Teleostei","Osteichthyes"
"3710","killen",0.19,0.00622,25,271,"standard","NA",NA,"Carassius","Cyprininae",1,0,"benthopelagic","Carassius auratus","Cyprinidae","Cypriniformes","Teleostei","Osteichthyes"
"3711","killen",69.8,1,25,270,"standard","NA",NA,"Carassius","Cyprininae",1,0,"demersal","Carassius carassius","Cyprinidae","Cypriniformes","Teleostei","Osteichthyes"
"3712","killen",1.57,0.00414,27,5450,"standard","NA",NA,"Chromis","Chrominae",0,1,"benthopelagic","Chromis atripectoralis","Pomacentridae","Ovalentaria/misc","Teleostei","Osteichthyes"
"3713","killen",1.76,0.025,26,66743,"standard","NA",NA,"Cirrhinus","Labeoninae",0,0,"demersal","Cirrhinus mrigala","Cyprinidae","Cypriniformes","Teleostei","Osteichthyes"
"3714","killen",5.22,0.03278,15,231,"standard","NA",NA,"Coregonus","Coregoninae",1,1,"benthopelagic","Coregonus albula","Salmonidae","Salmoniformes","Teleostei","Osteichthyes"
"3719","killen",0.26,0.00515,25,1450,"standard","NA",NA,"Cyprinus","Cyprininae",1,0,"benthopelagic","Cyprinus carpio","Cyprinidae","Cypriniformes","Teleostei","Osteichthyes"
"3726","killen",48.88,1,11,308,"standard","NA",NA,"Gadus",NA,1,1,"demersal","Gadus macrocephalus","Gadidae","Gadiformes","Teleostei","Osteichthyes"
"3727","killen",11.36,0.18,4,308,"standard","NA",NA,"Gadus",NA,1,1,"demersal","Gadus macrocephalus","Gadidae","Gadiformes","Teleostei","Osteichthyes"
"3732","killen",67.23,1,8,480,"standard","NA",NA,"Zoarces","Zoarcinae",1,1,"demersal","Zoarces americanus","Zoarcidae","Perciformes/Zoarcoidei","Teleostei","Osteichthyes"
"3736","killen",17.99,0.14,20,1086,"standard","NA",NA,"Mugil",NA,1,1,"benthopelagic","Mugil curema","Mugilidae","Mugiliformes","Teleostei","Osteichthyes"
"3741","killen",12.9,0.1901,0.5,58010,"standard","NA",NA,"Notothenia","Nototheniinae",0,1,"benthopelagic","Notothenia neglecta","Nototheniidae","Perciformes/Notothenioidei","Teleostei","Osteichthyes"
"3743","killen",20.38,0.51962,0.6,468,"standard","NA",NA,"Notothenia","Nototheniinae",0,1,"demersal","Notothenia rossii","Nototheniidae","Perciformes/Notothenioidei","Teleostei","Osteichthyes"
"3744","killen",272.45,2.64,15,243,"standard","NA",NA,"Oncorhynchus","Salmoninae",1,1,"pelagic","Oncorhynchus nerka","Salmonidae","Salmoniformes","Teleostei","Osteichthyes"
"3747","killen",134.9,1,15,2,"standard","NA",NA,"Oreochromis","Pseudocrenilabrinae",1,0,"benthopelagic","Oreochromis niloticus","Cichlidae","Cichliformes","Teleostei","Osteichthyes"
"3763","killen",64.85,1,15,238,"standard","NA",NA,"Salmo","Salmoninae",1,1,"pelagic","Salmo trutta","Salmonidae","Salmoniformes","Teleostei","Osteichthyes"
"3764","killen",40.87,1,16,360,"standard","NA",NA,"Sander","Luciopercinae",1,0,"pelagic","Sander lucioperca","Percidae","Perciformes/Percoidei","Teleostei","Osteichthyes"
"3767","killen",465.04,1,24,117,"standard","NA",NA,"Scomber","Scombrinae",0,1,"pelagic","Scomber japonicus","Scombridae","Scombriformes","Teleostei","Osteichthyes"
"3768","killen",102.1,1.15,17,118,"standard","NA",NA,"Scomber","Scombrinae",1,1,"pelagic","Scomber scombrus","Scombridae","Scombriformes","Teleostei","Osteichthyes"
"3772","killen",22.88,0.3137,20,3516,"standard","NA",NA,"Sander","Luciopercinae",1,0,"benthopelagic","Sander vitreus","Percidae","Perciformes/Percoidei","Teleostei","Osteichthyes"
"3773","killen",354.89,1.24667,23,143,"standard","NA",NA,"Thunnus","Scombrinae",1,1,"pelagic","Thunnus albacares","Scombridae","Scombriformes","Teleostei","Osteichthyes"
"3774","killen",1665,7.5,20,14290,"standard","NA",NA,"Thunnus","Scombrinae",1,1,"pelagic","Thunnus orientalis","Scombridae","Scombriformes","Teleostei","Osteichthyes"
"3775","killen",8.83,0.1781,-1.5,7053,"standard","NA",NA,"Trematomus","Trematominae",0,1,"demersal","Trematomus bernacchii","Nototheniidae","Perciformes/Notothenioidei","Teleostei","Osteichthyes"
"3776","killen",7.92,0.1833,-1.5,7060,"standard","NA",NA,"Trematomus","Trematominae",0,1,"demersal","Trematomus pennellii","Nototheniidae","Perciformes/Notothenioidei","Teleostei","Osteichthyes"
"3777","killen",0.2,0.003,3,7055,"standard","NA",NA,"Trematomus","Trematominae",0,1,"demersal","Trematomus hansoni","Nototheniidae","Perciformes/Notothenioidei","Teleostei","Osteichthyes"
"3778","killen",3.93,0.1142,-1.5,7059,"standard","NA",NA,"Trematomus","Trematominae",0,1,"demersal","Trematomus nicolai","Nototheniidae","Perciformes/Notothenioidei","Teleostei","Osteichthyes"
"3784","gravel",139.610012903226,0.56,28,857,"standard","NA",NA,"Carcharhinus",NA,0,1,"benthopelagic","Carcharhinus acronotus","Carcharhinidae","Carcharhiniformes","Elasmobranchii","Chondrichthyes"
"3785","gravel",527.093087557604,5,19.7,873,"standard","NA",NA,"Carcharhinus",NA,1,1,"benthopelagic","Carcharhinus leucas","Carcharhinidae","Carcharhiniformes","Elasmobranchii","Chondrichthyes"
"3786","gravel",233.823483870968,1.26,29.3,874,"standard","NA",NA,"Carcharhinus",NA,1,1,"benthopelagic","Carcharhinus limbatus","Carcharhinidae","Carcharhiniformes","Elasmobranchii","Chondrichthyes"
"3787","gravel",113.31316202765,1.08,29.66,877,"standard","NA",NA,"Carcharhinus",NA,1,1,"benthopelagic","Carcharhinus melanopterus","Carcharhinidae","Carcharhiniformes","Elasmobranchii","Chondrichthyes"
"3788","gravel",167.244193548387,3.6090625,18,880,"standard","NA",NA,"Carcharhinus",NA,1,1,"benthopelagic","Carcharhinus plumbeus","Carcharhinidae","Carcharhiniformes","Elasmobranchii","Chondrichthyes"
"3790","gravel",17.2342112442396,0.551666666666667,18,5120,"standard","NA",NA,"Chiloscyllium",NA,0,1,"benthopelagic","Chiloscyllium plagiosum","Hemiscylliidae","Orectolobiformes","Elasmobranchii","Chondrichthyes"
"3792","gravel",1.45279277419355,0.0126,15,4,"standard","NA",NA,"Engraulis","Engraulinae",0,1,"pelagic","Engraulis ringens","Engraulidae","Clupeiformes","Teleostei","Osteichthyes"
"3793","gravel",25.0725732718894,0.5475,7.1,318,"standard","NA",NA,"Gadus",NA,1,1,"benthopelagic","Gadus chalcogrammus","Gadidae","Gadiformes","Teleostei","Osteichthyes"
"3794","gravel",70.2883851933455,1.5,11,308,"standard","NA",NA,"Gadus",NA,1,1,"demersal","Gadus macrocephalus","Gadidae","Gadiformes","Teleostei","Osteichthyes"
"3795","gravel",23.0497911152074,0.2984,15,69,"standard","NA",NA,"Gadus",NA,1,1,"benthopelagic","Gadus morhua","Gadidae","Gadiformes","Teleostei","Osteichthyes"
"3801","gravel",5.31846677560118,0.261245735318182,6,4239,"standard","NA",NA,"Hippoglossoides","Pleuronectinae",0,1,"demersal","Hippoglossoides platessoides","Pleuronectidae","Pleuronectiformes","Teleostei","Osteichthyes"
"3815","gravel",285.852015861677,2.55,15,243,"standard","NA",NA,"Oncorhynchus","Salmoninae",1,1,"pelagic","Oncorhynchus nerka","Salmonidae","Salmoniformes","Teleostei","Osteichthyes"
"3818","gravel",98.7027548854283,1.303833333,18.91666667,4249,"standard","NA",NA,"Platichthys","Pleuronectinae",1,1,"demersal","Platichthys stellatus","Pleuronectidae","Pleuronectiformes","Teleostei","Osteichthyes"
"3819","gravel",14.8811328265438,0.28116,15,1342,"standard","NA",NA,"Pleuronectes","Pleuronectinae",1,1,"demersal","Pleuronectes platessa","Pleuronectidae","Pleuronectiformes","Teleostei","Osteichthyes"
"3823","gravel",1.3348866359447,0.0214,10.7,524,"standard","NA",NA,"Pseudopleuronectes","Pleuronectinae",0,1,"demersal","Pseudopleuronectes americanus","Pleuronectidae","Pleuronectiformes","Teleostei","Osteichthyes"
"3830","gravel",8.313474359447,0.0932,14,117,"standard","NA",NA,"Scomber","Scombrinae",0,1,"pelagic","Scomber japonicus","Scombridae","Scombriformes","Teleostei","Osteichthyes"
"3831","gravel",20.695143042271,0.413,9.9,118,"standard","NA",NA,"Scomber","Scombrinae",1,1,"pelagic","Scomber scombrus","Scombridae","Scombriformes","Teleostei","Osteichthyes"
"3832","gravel",13.9414562211982,0.45,14,1348,"standard","NA",NA,"Scophthalmus",NA,1,1,"demersal","Scophthalmus maximus","Scophthalmidae","Pleuronectiformes","Teleostei","Osteichthyes"
"3833","gravel",13.2530130488049,0.322671105744444,15,845,"standard","NA",NA,"Scyliorhinus","Scyliorhininae",0,1,"demersal","Scyliorhinus canicula","Scyliorhinidae","Carcharhiniformes","Elasmobranchii","Chondrichthyes"
"3834","gravel",86.5804976958525,1.735,17.5,854,"standard","NA",NA,"Scyliorhinus","Scyliorhininae",0,1,"benthopelagic","Scyliorhinus stellaris","Scyliorhinidae","Carcharhiniformes","Elasmobranchii","Chondrichthyes"
"3836","gravel",4.19529823550184,0.356424966725,9,4009,"standard","NA",NA,"Sebastolobus","Sebastolobinae",0,1,"demersal","Sebastolobus alascanus","Sebastidae","Perciformes/Scorpaenoidei","Teleostei","Osteichthyes"
"3838","gravel",5.07092914617512,0.15,16,525,"standard","NA",NA,"Solea",NA,1,1,"demersal","Solea solea","Soleidae","Pleuronectiformes","Teleostei","Osteichthyes"
"3844","gravel",95.0001960305956,2.4,17,139,"standard","NA",NA,"Squalus",NA,1,1,"benthopelagic","Squalus acanthias","Squalidae","Squaliformes","Elasmobranchii","Chondrichthyes"
"3845","gravel",62.4502385253456,1.854,10,65869,"standard","NA",NA,"Squalus",NA,1,1,"benthopelagic","Squalus suckleyi","Squalidae","Squaliformes","Elasmobranchii","Chondrichthyes"
"3847","gravel",510.874838709677,5.4,23.5,143,"standard","NA",NA,"Thunnus","Scombrinae",1,1,"pelagic","Thunnus albacares","Scombridae","Scombriformes","Teleostei","Osteichthyes"
"3848","gravel",681.675870967743,2.03,28.5,146,"standard","NA",NA,"Thunnus","Scombrinae",0,1,"pelagic","Thunnus obesus","Scombridae","Scombriformes","Teleostei","Osteichthyes"
"3849","gravel",1035.47281105991,8.3,23.5,14290,"standard","NA",NA,"Thunnus","Scombrinae",1,1,"pelagic","Thunnus orientalis","Scombridae","Scombriformes","Teleostei","Osteichthyes"
"3850","gravel",65.9111634711981,1.885375,16.1875,5132,"standard","NA",NA,"Torpedo",NA,1,1,"benthopelagic","Torpedo marmorata","Torpedinidae","Torpediniformes","Elasmobranchii","Chondrichthyes"
